,review
10,"Wow, a hidden gem, packed with history and hundreds of flavours of gelato, ice creams, frozen yoghurt and sorbet. Make your payment first at the till, and its always busy."
22,Unpopular opinion but Tarantino is not a cinema director. Every scene he writes is like a sitcom scene where characters argue like little Fonzies' over the dinner table. The movie is entertaining but can only maintain short bursts of plot before moving onto the next argument over a passed out gangster's wife. Travolta is of course Jerry whose comedy/heroin addiction sucks in the female lead Mia/Elaine. Jackson is Kramer with his whacked-out take on life and Willis is of course George who would sacrifice anything for his obsessions. If anyone could put a bullet in Jerry it would be George. My favourite bit is Samuel Jackson's revelatory speech to Tim Roth in the film's final episode. That and the fantastic premature freeze frame on Amanda Plummer that precedes the film's credits.
31,3 Days at Disneyland were perfect. Magic all over. The weather was fantastic and so all the waiting in lines was fine. We actually did the 90% of the activities in the 2 parks. If you have a good program and use the app will be very easy to not just wait in long lines for hours. All the rides where fantastic and full of excitement and thrill. Already planning on coming back in 2026 for the Frozen Park. Thank you Disneyland Paris for the incredible memories.
105,"A little disappointing. I had never been to a Disney theme park and was excited to go for the day and take my 4 year old, even though it cost a small fortune.  I’ll preface my review by saying Disney World and Disneyland have always seemed overwhelming to me. Additionally, I’m not the kind of person that would be willing to stand in a line for 1-3+ hour to ride a 1-2 minute ride (craziness), not to mention able to deal with  large crowds. I choose an “off day” (Tuesday) and got the Genie+ pass cause I was told it would be worth it (totally wasn’t).  Used Genie + once and on a “back up ride” when the one we choose was down. AND it kept us from being able to use Genie+ for two hours because we were on the wait for this ride we never got to ride 😒. None of the rides that I could use it on, interested my little one. The new Mickey/Minnie Runaway Train ride kept breaking down throughout the day, so never got chance to ride it (even with my Genie + pass) and that was definitely on the top of list. The two other classic rides (Space Mountain and It’s a Small world) were down for maintenance. Stood in 3 lines for 30+ minutes to be told they had broken down. Wasn’t impressed and not eager to go back. Got there at 9am and by 4pm we were both ready to get the hell out of there ( can’t believe we made it that long). Was it worth the memories (my little one didn’t seem excited about characters) or money? No. The next day we went to Pacific Park on the pier in Santa Monica and had the best time with way less stress and money, and smiles all day long."
131,"Amazing!! Just Amazing!! Although, I bought resale..wasn’t one of the lucky verified fans that got a code.  Been trying for 2 years to get reasonably priced tickets or even access to buy tickets. Ticketmaster you have to do better. Your verified fan system is not working."
132,"Netflix is such a great app to watch shows! There is not many ads is which I love so very much, keep up this work you are developing, its overall super amazing. Lots of my favorite TV shows are here, which is super cool, however, i keep getting logged out of my accounts, atleast once or twice. So maybe u can fix that bug? But after all of that, ITS AMAZING!!"
163,"Back To The Future was a film I grew up on. It is one of those that I always remember watching as a child and one that never failed to entertain me. I was completely shocked however when I watched it recently and couldn't remember most of it. That being said I was right in remembering one thing, it is a damn great film.This is one of the only roles I really remember Michael J. Fox doing. Here he play Marty McFly, an iconic name to many out there today. He is a typical teenager, running late for school, eyeing up the girls and hating his family life. His father is a wimp, who is bullied by his boss, Biff and his mother is an alcoholic. His siblings also hold down poor jobs and aren't particularly lookers. Due to this Marty chooses to spend his time with Doc (Lloyd), a mad scientist who is planning an experiment at a shopping mall car park in the middle of the night and needs Marty's help to film it. The experiment is to do with Doc's latest invention, a time travelling DeLorean, much to Marty's shock and amusement. However during the experiment a group of Libyan terrorists barge in and shoot Doc for stealing their plutonium. Marty jumps into the DeLorean and drives at speed to get away but ends up blasting thirty years into the past.Once in the past Marty comes across his parents, and accidentally prevents them from meeting, meaning his own existence would eventually cease to exist. He enables the help of the younger Doc who sets out on finding a way to get Marty back to the future whilst he must find a way to make his parents meet and have that all important first kiss.The premise is fairly simple but has a lot of depth, the writing is just brilliant. The film drops in hints all over of everything that is going to happen. The opening ten minutes alone references the past constantly and ultimately sets us up for what is about to happen. Everything is sewn together at the end also and nothing is left loose, except for of course the very end but you will see for yourselves. All tiny plot lines are relevant and everything that is said has huge relevance, even the repetition of dialogue which mimics the characters in different eras of their lives. The dialogue at times is great and there is a fantastic reference to Star Wars and Star Trek. The writing, and the direction are a large reason to the great success of the film.The acting is also a big reason. Fox is great as the teenager we all will on to win. He is a character we can all relate to and all want to be. Right from the offset we want Marty McFly to succeed. Christopher Lloyd is also great, it is as if the role was specifically designed for him. He plays the crazy scientist with ease and he is a lovable character despite his tendencies to do the wrong thing. Marty's parents (Thompson and Glover) are excellent, Glover maybe more so. They both portray the elder parents and the teenage versions of themselves as if they are the age of the role they are playing. In fact they are the same age as Fox and were cast based around the story in the past and made up for the story in the future. Glover is just brilliant as the bumbling nerd and the hair style just works on Glover and Glover alone. We also get a bully in Biff, played by Thomas F. Wilson, who is also so pivotal. The acting for Biff is also top drawer and you really do hate him.The film has everything; humour, action, family fun, love, you name it, it has got it: even the creepy thunder storm and lightning strike. It will please any sort of movie fan whether it be the typical movie buff or the guy who only tunes in every now and again. It is a film not to be missed.My slight negative about it though is the relationship between Doc and Marty within the past. In the present we really believe they are friends but they don't spend too much screen time together in the past and I didn't quite believe that they were going to 'miss' each other like they said they would. I would possibly have liked to have seen a few more minutes of them two together. Maybe that is just me but it is my only negative with the film.I understand that this will probably make little sense. The referencing to past, present and future within this review is confusing. One thing I have thought about though is this: surely if you are watching the film Marty is always in the present? If there is a continuing time line on a constant loop will you ever be in the past or future? Wouldn't you just always be in your present? Just one to think about but do it before or after the film as it is one you just need to kick back with and enjoy.4.5 / 5 For more reviews: www.tolli-movieworld.blogspot.com"
231,"""Tell me, future boy! Who was President of the United States in 1985?"" And Marty quipped, ""Ronald Reagon."" ""Ronald Reagon? The actor? Who was vice president? Jerry Lewis?""Honestly, who doesn't love Back to the Future? I mean, seriously, who doesn't love Back to the Future? It's one of those rare movies that after you watch it, it just isn't enough, you have to watch it again. It's been 25 years later, generations had come and go, and even the new generation has fond memories of this remarkable movie.I think a lot of it is in its plot device and imagination. The imagination is so deep that it's almost plausible that you can travel through time with a little plutonium and a flux capacitor at a speed of 88 miles per hour. It could work! But part of the fun is its whimsical charm, and the humor laced into a sort of innocence and lightheartedness felt throughout the movie. The plot alone required some tongue and cheek humor as we find Marty mistakingly going back in time to 1955 - accidentally running into his parents in the process - and discovers that he made a crucial error of taking his dad's place and subjecting himself to his mom falling head over heels for him. Because of this, he created a time paradox that if he doesn't bring his parents together, he will cease to exist. Not only that, but he has only one chance to get back to the future, or be stuck in the past forever.As great as the plot (and especially the script) is, there is one vital importance to carry this film, and that is the performances. The Bobs made a wise decision casting Michael J. Fox as Marty McFly in just the way his mannerisms are, and how animated he is in his expressions. Just watch the scene in the beginning when Marty and Jennifer are outside Hill Valley, and Marty gets a hard on for that new truck. It's a scene that could bore you to tears but it was the writing and the performances that really put those finishing touches. To further demonstrate, just check out the scenes between Marty and Doc Brown (played brilliantly by Christopher Lloyd). Their chemistry together is like pancakes and syrup. Neither one of them steals a scene from each other, because they play off each other so well that they almost need each other to sell the scene.As a kid I was inspired to go skateboarding after that scene where Marty outsmarted Biff and his gang on the streets of Hill Valley. To this day, it is a classic scene. But as an adult, I appreciated the action in the ending because of the cinematography. It felt like a terrible night from hell, even if the sound effects are a little outdated. The way everything went wrong and Doc managing to fix the situation in the nick of time that zapped Marty back to 1985. It was all breathtaking stuff, and accompanied by a brilliant score by Alan Silvestri and the wonderful direction of Bob Zemeckis.I really can't give a high enough praise for this timeless film. Since 1985, a lot of the dialogue became catch phrases. ""Hello, McFly!"" was a common use of explaining someone was an idiot in my family. I think the world used that too. That might have explained Crispin Glover's lack of involvement for the sequels. I guess he wasn't fond of George McFly. Now that's heavy!"
240,"Better than universal, but nowhere near as good as it used to be.  Crazy expensive for what is actually provided.  Way too overcrowded for the capacity of the parks - barely impossible to move around for much of our visit, yet alone get on anything.  Staff and food were extremes of either very good or absolutely terrible (very little in between.).  Increasing changes in the parks are also dull - for example conversion of Splash Mountain to Tiana’s. Just dull, and no need to change something that was really good for something that’s average at best and spent most of the time during our visit broken down.   The shoehorning of stale movie IP into parks was also tedious.  Disney used to have imagination and use the parks as a way of creating new stories.  Now it’s all about extending the life of some pretty overused and tired franchises.   Hotel was crazy money for the quality of the room.  Transport was slow and, again, overcrowded.  Overall, Disney World isn’t what it used to be and wouldn’t be somewhere I’d rush back to again - it just isn’t worth it anymore."
244,"Some observations:1. Anytime your most admiring audience is comprised of 17-year-old males you know you're in trouble.2. Anytime the most common adjective used to describe your movie is ""cool"" you know you're in trouble.This is a silly, juvenile, vulgar movie. Tarantino should have had the courage to make a cheap, violent, trashy Hollywood-style movie and been proud of it. Instead, he made a cheap, violent, trashy, Hollywood-style movie and hid behind the ""irony"" façade. Works for 17-year-olds, doesn't work for the rest of us."
262,"Take nothing away from WDW - it remains a great vacation spot, but ….Having spent the past 6 days at all the parks I have a number of observations/ conclusions:1. Don’t both with Genie+ as you need to buy it before you know what availability you can get and you can’t book next attraction until you are on the first ride . We booked our first ride 12 seconds after the 7 am start and got our first slot at 1130 . By the time you can book your second ride times are into the late afternoon / early evening. Ok if adults but no good if you have young children 2 . WDW is packing more and more punters in who are already paying hefty admission ticket prices in the knowledge that you are unlikely to do more than 2-3 popular rides in a day . Conclusion - don’t expect to spend any more than 60 mins on attractions out of an average day of 10 hours. 3. Lightening lane guests have huge advantage ( they have of course paid for it ) . Stood for 109 mins at Frozen attraction in Epcot and would estimate that lightening lane guest through put was 100 times than of standby guests. 4. WDW have made their App all inclusive which is great if you are there for long stays or an IT guru. The App is confusing and over complicated. In conclusion I would say that WDW has undoubtedly put profit ahead of guest satisfaction and this will remain until large enough numbers of guests make their view known ."
352,"First Impressions:I was so excited to get this Stanley tumbler, but I was disappointed with how easily it scuffs. While I understand that shipping conditions aren’t in the company’s control (it arrived in a paper envelope and got banged up), I did expect it to be more durable. For a tumbler known for its toughness, I was surprised at how quickly it showed wear.🎯 Product Features & Performance:The color is absolutely beautiful, and the insulation is amazing—it kept ice frozen for two full days! That’s exactly what I was hoping for. However, one downside is that it leaks easily—even when slightly tipped. I wasn’t expecting it to be completely spill-proof, but I did think it would be a little more secure.✅ Pros & Cons:✔ Gorgeous color – looks just like the listing✔ Keeps drinks ice cold for days – excellent insulation✔ Comfortable to hold and use❌ Leaks easily – even when slightly tilted❌ Scratches and scuffs too easily – not as durable as expected🛠 Who This Product Is Best For:If you’re looking for a tumbler that keeps drinks cold for days, this one does an amazing job. However, if you want something that holds up well to daily use without showing wear too quickly, you might want to keep that in mind before purchasing.💡 Final Thoughts – Would I Buy Again?I love how well it keeps drinks cold, but I do wish it was a little more durable and resistant to wear. While it serves its purpose, I was hoping for a bit more toughness from Stanley."
416,"Update: they have been very kind to send me a replacement and partial refund due to mine being broken. The shop is very communicative which I can appreciate. They are also very accommodating which is great. 



The chandelier is very flimsy. Pieces break easily, but they do provide extras. Also, the top attachment piece did not fit perfectly onto the legs, so we just had to put it on top and screw the light pieces on. Overall I’d give it a 1. This is just a cheap light fixture and the cord is flimsy as well. I also wanted the darker wood one, but apparently I ordered wrong and got the light shaded one."
428,"""Pulp Fiction"" is considered Quentin Tarantino' masterpiece; both as a writer and director. Although it's not a perfect film and has a couple flaws, ""Pulp Fiction"" has one of the greatest scripts that changed the way films were made. The film opens with a conversation between ""Pumpkin"" and ""Honey Bunny"" as they chat about their new plans to rob restaurants instead of banks and liquor stores. Eventually this scene will end the film as it doubles back on itself. Often times- and we're seeing the case more and more with Tarantino- he'll drive a film on dialogue instead of plot and substitute plot for senseless dialogue. That happens here, but it works most of the time. Lately it hasn't been working on the level of ""Pulp Fiction."" Uma Thurman plays Marcellus Wallace's (Ving Rhames) wife, Mia, and her only importance to film is to be entertained by Vincent Vega (John Travolta) on a date that's not quite a date. I feel as if these scenes are supposed to entertain us since it has nothing to do with the plot that is extremely thin compared to its run time (154 minutes). Travolta, for me, is the real stand out. When he's on screen his scenes, whether Jackson is next to him or not, are full of energy and pulp. He does a lot of listening, some dancing, a lot of arguing and/or debating, and offers up a lot of great comedic moments. His best scenes are with Uma Thurman when they go to Jackrabbit Slims. This little date, where they talk about nothing of much importance as far plot is concerned, is funny, engrossing and entertaining. I don't know why it never gets old, but it doesn't. The acting between the two is great and both were worthy of their Oscar nominations for Best Actor and Best Supporting Actress respectively. This section of the film is one of the strongest of the three along with ""The Bonnie Situation."" The writing and acting is superb in both sections. This date leads to an overdose as Mia takes a line of Vincent's heroine. The direction here is much in the mold of a graphic Hitchcock film. To add to the suspense the owner of the house counts to three (Something that happens quite a bit in the film). As he slowly counts to three we see all the nervously waiting faces in the entire room. We get a close-up shot on the needle that's cocked back and ready to strike. We get a close-up on the red dot where the needle needs to hit. It slowly builds the scene and the suspense. Tarantino handles this scene and all the others with a ton of precision and a lot of confidence. Tarantino makes huge strides as a director since his previous film, ""Reservoir Dogs,"" and a lot has to do with his confidence as a director. The older Tarantino is too confident in his abilities. The majority of ""Pulp Fiction"" has a lot of energy and snap to it. If you watch closely to the opening scene in ""Reservoir Dogs"" you won't see that same kind of crisp, confident direction from Tarantino. There are a lot of pauses throughout that conversation and it doesn't quite flow like a Tarantino film that we've become used to. To his credit he was working with some B-list (Some C or D-list) actors. He's not working with much more here, but the majority of his major role players are all acted out terrifically with the exception of one: Bruce Willis- through not fault of Tarantino; Bruce is just a bad actor. The section of the film that really drags, and is noticeably behind compared to the other two sections, is ""The Gold Watch"" section. This section is incapable of greatness since Bruce Willis single handedly ruins it with his ""Die Hard"" facial expressions, especially when they're not needed. The writing here is also the worst and, at times, puts the actors in very difficult situations. This section becomes annoying as we hear Bruce Willis call his girlfriend- that we won't care at all about- Lemon Pie, Sugar Pie, and retard. When he calls her a retard it's pretty funny, but other than that this lacks the punch that Travolta and Thurman provided minutes earlier. This section is bloated with dialogue, bad acting, and uninteresting characters. ""The Gold Watch"" has its moments and definitely picks up when we meet the gimp and the crazy world that we fall into. It just takes too long getting there. Christopher Walken provides a very interesting and hilarious story of the watch that has been passed down anally from generation to generation of the Coolidge family. ""The Bonnie Situation"" may very well be the strongest section of the film. This is where we meet ""The Wolf"" (Harvey Keitel) as he cleans up a mess made by Vincent Vega in a hilarious scene where he accidentally ""shot Marvin the face."" ""The Bonnie Situation"" offers up quite a bit of laughs, some great acting, and a very strong ending. The film ends where it started with Jules (Jackson) talking about changing his life around as he ""walks the earth."" Thankfully Gods interventionist-like hand, that saved him hours earlier, doesn't make him walk too far as He has sent him a weak person for the transitional Jules to save. The film ends on Jules changing or turning against everything he has ever done or known. Instead of being a bad - and killing ""Pumpkin"" (Tim Roth), he gives him some money, out of his own wallet, for a chance to start fresh and redeem himself. This might actually be ""Pumpkin"" and ""Honey Bunny's"" last heist, and they have Jules to thank for the chance at redemption and changing their ways."
513,"Quentin Taratino really outdid himself with this movie. ""Pulp Fiction"" is truly hardcore, has plenty of action and truly got meaning in these intertwined stories. John Travolta and Samuel L. Jackson play mob hit men Vincent and Jules. Jules is a Bible Thumper, while Vincent is just unsure about anything. Uma Thurman plays Mia Wallace, a fun-loving, drug-using babe who wants to have fun. She and Vincent go to a restaurant win a twist contest, would OD on dope, and gets pumped in the heart with adrenaline to revive her. Her husband is ruthless mob boss, Marsellus Wallace(Ving Rhames). Bruce Willis plays boxer Butch Coolidge, who crossed paths with Wallace, fights him to a pawn shop both he and Wallace ended up fair game when the owner and his brother Zed(Peter Greene) are sodomites. The Gimp scene is a classic. Tries to warn the others about Butch's escape, he lets the gimp have it. Butch would get a katana sword, go stealth on the brothers, sees Marsellus get violated by Zed, kills the owner, and stalls Zed while Marsellus seeks revenge by saying, ""Step Aside, Butch"". Butch may got even with the owner, but Zed is Marsellus' business now. Vincent and Jules are seemingly unstoppable when the roommate failed to kill them off. They let him have it! It was a pity when Vincent's gun blew away the young man's head off in the car. And the diner scene, classic. Real in-your-face action is in this movie. Watch it! 5 stars!"
516,"After a 2FA set up glitch, I have been effectively locked out my account for over two weeks and missed major work deadlines. This is completely unacceptable. Asana has no support team for whatever reason, and this has been a complete nightmare. I have contacted the support email with no response, left comments on the instagram, DM'd to no avail. Maybe try Monday or a different service that actually cares about its customers."
548,"Many say this movie is overrated, many hate this movie very much, and many walk out of cinema before it's even finished. But, like it or not, Pulp Fiction opens the door for other movies that contains one or more of its formulas to either be enjoyable, or have higher rating, or be looked cool, or even be popular. Those formulas are: (I cannot mention all of them)1) Short Stories Plots. Pulp Fiction is just like a book that contains short stories where each has their own plot. All the stories are connected one to another by the similarity of characters and incidents. There are stories of a couple who wanted to rob a restaurant, a gangster's wife and a hit-man's trip, two hit men's silly experience, and a runaway boxer hunted by gangster. They all happens around the gangster's environment. The time line of those stories doesn't have to be time wise, which means the story that happens first doesn't have to be the first to be told. Maybe Pulp Fiction is not the first movie, but later, many movie uses this kind of plot and become successful. There are Amores Perros, Babel, Antares, Sin City, Kill Bill, Intermission, The Dead Girl, Berbagi Suami, and many others with their own variation. Later, one of the variations called 'post-modern plot'. Maybe they don't have any intention to use the same formula or they doesn't even inspired by Pulp Fiction, for example, Chungking Express launched a little bit sooner than Pulp Fiction. But, it is Pulp Fiction who opens the door for them, it makes easier for others to be enjoyable.2)Many stories with different Point of View. In each of its stories, Pulp Fiction has a point of view of the third person (audience) that follows the main character. This kind of formula was already popular in the novel, long time before Pulp Fiction, Jeffrey Archer and even Sydney Sheldon wrote this kind of point of view. After Pulp Fiction, many popular movies use the same formula successfully, like The Hours, Crash, 21 grams, Syriana, Traffic, and many others including those're mentioned before. Again, Pulp Fiction just opens the door. 3)Satire to violence. Pulp Fiction is a satire to violence. Quentin Tarantino has always been making satire to violence movies, even sooner when he wrote True Romance a year before. He always makes violence look funny in a dark way, to some people who can enjoy it. After Pulp Fiction, there are movies like Lock, Stock, and 2 Smoking Barrels, Snatch, Cidade de Seus, Brick, Shawn of the Dead, Desperado, etc. 4)Independent Spirit. It is true that Stanley Kubrick has made indie movie long long time before Pulp Fiction. But, Independent Movies have never looked that cool before Pulp Fiction, and later, all the Kubrick's are looked even cooler than before.I love Pulp Fiction. Even it might not be my number 1 movie, but I have a great great respect and appreciation for it."
632,"We have Been going to Disneyland and California adventure for YEARS and ended up being pretty disappointed with yesterday’s trip. The rides are in the worst state I have ever seen and it's not even close. I have never experienced so many ride closures on a trip before, half of them were closed temporarily and made it really hard to plan our day. It feels like they are keeping them running with rubber bands and duct tape. On top of the constant closures, there are so many little and cosmetic issues with nearly every single ride. Either audio or animatronics not working correctly or removed entirely.Genie + I'm sure it's been beaten to death already, you litterary have to wait 2+ hours to make reservations on rides, with some asking you to pay Extra on top of genie to access. It’s a scam! The entertainment was very weak. I saw 3 characters the whole day! 3! Lines were atrocious, if you did the line for the character forget about the rides! We paid genie + and we went on 5 rides in BOTH parks! I had to wait 25 min to use the restroom! I was in total shock and so so disappointed. Never in the many times I’ve been to Disney, have I felt such disappointment, my kids told me they never want to go again. And of course waited all day to see fireworks only for them to tell us it’s only on the weekends now LOL Prices have been going up and up and there is less and less ""magic"" in the park. It's the first time l've ever felt like I wasted my money by going to Disneyland! Save your money and go on the cruise, 10x worth it! Atleast for now!"
659,"Generally asana is ok. But their features are broken and often unintuitive, unlike how they started more than a decade ago. 

1. The mobile app is just constantly broken. Right now, you can’t move tasks up or down anymore. 
2. Switching “organisations”, ie from private to work, is much more complicated than it should be (it used to be 2 quick clicks, now it’s 4-5 that one can’t find). 
3. They never released a watch app, which is dumb for a todo app, that should be available everywhere. 

They’ve clearly lost their way. It’s feature overload these days. Trying usemotion instead now…"
747,It's no longer supporting EMUI 12. I have about 80 apps on my device and Asana is the only one that stopped working and required an OS upgrade. It also blocked me from using the current installed version.
752,"I’ve relied on Asana for years to manage my personal and business tasks. After trying a lot of different project management and task apps, it offered the best capabilities and the amount of features available with the free version is impressive. I regularly use Asana in browser and the mobile app, and it’s always great with syncing changes between the two.

Two things that have always irritated me:
1. On the mobile app there’s no auto-save, so if you get distracted and forget to click save you can lose any updates you made to the task description.
2. They’ve never offered a paid plan for just one seat. You have to purchase a minimum of 2 users. I would gladly pay to upgrade if they ever decide to offer it for a single user.

Those are relatively minor annoyances considering how useful Asana is. However, over the past six months or so there have been a series of updates that don’t seem to add much useful functionality, and the app has been noticeably less stable. At times, it crashes almost every time I open it. It also has other bugs, like I can’t see the description of a task when I view it from search. I have to navigate to the project and then to the task in order to see the details. 

The recent updates have added a lot more white space to every aspect of the board view. Normally I like a clean, modern look but these updates make the app feel more clunky and disjointed. Asana, why are you ruining a good thing while feature requests that have been waiting for years continue to be ignored? If this continues, I will be looking into other solutions. But I’m hopeful this app can go back to being the streamlined and indispensable tool it once was!"
789,"I'm so happy that I bought Coldplay tickets! Yes, was it very expensive, but I had an amazing time. The concert was lengthy just because of openers then the main performance, but each performance was pretty great. And when Coldplay came on stage the atmosphere in the stadium was insane. Each song was wonderfully performed, the songs were amazing and even sounded better in person which is pretty rare, and Chris Martin/bandmates were very hyped. The only bummer was that my ""glow up wristband""never worked. Everyone else around me had theirs glowing, but mine came broken which was disappointing since I wanted to be apart of the wristband gang haha. I ended up sharing the wristband with my concert buddy. But overall I had an amazing time, and the concert went by so quickly and I never wanted it to end."
792,"Quand tu passes des plombes sur un même niveau, que tu le réussis et que le jeu plante, s’arrête et se ferme tout seul .. Il faudrait vraiment corriger ce bug qui est survenu plusieurs fois déjà .. 😕"
812,"Second trip here (been here in 2018 before all hell broke loose in 2020). This time to celebrate my birthday. Parks are excellent. Stayed at Pop Century - Skyliners were the best. Went to Hollywood Studios for the first time.Three complaints, though. Since COVID-19 and Bob Chapek’s bad business practices (he’s canned now, thank God!), there has been some changes that I do not agree with, and one thing my mom has been complaining about is the Genie system. The system is broken: it costs money for Genie+, unlike the old FastPass+ system; you don’t get to select rides way in advance, like before you check-in; and Lightning Lane books out way too easily, making you wait in the Standby Lane for almost an hour or more! They really need to reinstate the old FastPass+ system - it’s much easier!Also, another complaint that really doesn’t affect me (we drove from Alabama), but gives other people hell: booking flights with Walt Disney Travel Company directly, and the Magical Express. Those two got the axe by Chapek (another one of his bad business practices). I really wish those two can come back, because it makes it convenient for people who just want everything in one package. Maybe even resort luggage delivery and resort airline check-in (the old vendor, Bags, went bust so I think it’s time for Disney to start providing luggage delivery and resort airline check-in on their own to replace Bags)? I hope so. It would be very convenient for those who don’t want to haul luggage on their own. I highly doubt the new Magical Express service will be complementary unlike the old one, though.My final complaint: package pickup at resorts. This really needs to come back. I went on planDisney and asked about it, and their answer seemed very promising, but I do hope it comes back for the next time I visit the resort again. If Disney can afford to bring back resort package pickup again, they can certainly bring back Magical Express and start their own airport luggage service to go with it as well.Other than those complaints, the resort is great! Got lots of birthday wishes, and the restaurants I went to even acknowledged my birthday with special desserts. You gotta love Disney! They care about their guests!"
839,Trop de bug je n’arrive meme pas a le charger après maints essais ne. As pas mieux je suis déçue après tant d'années à jouer c'est franchement insultant ces procédés après vous être remplis les poches je suis triste
862,They took the AirPlay feature off. This is so ridiculous as I travel for work and should be able to AirPlay since I can’t log in everywhere I go already. I hate this streaming service and hope it crashes and goes bankrupt
878,"A couple of the tines/fins arrived broken (typical FedEx), and the guys shipped out replacements super quick. Very responsive and helpful all the way. Very nicely made light fixture and dead simple to install. Thank you again!!!"
906,"With all the bugs it has, the app for Android is unusable. Literally, every other task makes the app glitch. It freezes constantly, and it's slow. Had to uninstall."
916,"Poor experience at Disney Park with family. Major issues: inaccurate map directions, extremely long wait times (80+ min for Mickey) with no seating, and lack of staff assistance for directions. Restaurant had no Disney characters as promised. Stroller rental was overpriced. Couldn't enjoy many attractions due to exhaustion and poor navigation. Overall, basic amenities were overpriced and the park failed to deliver the promised magical experience for young children"
990,"I took an overview of this place as I walked. Everywhere I looked I saw tidings of hate. The unhappy faces of the rushed crowd, the morbidly obese patrons waddling down Main Street, the absurd price tags on a piece of cloth with eyes. The FED has some blame there, but let's not enter that rabbit hole. Then there were the rides. I beheld a broken, corrupt and ruined political message in Splash Mountain. The once kid friendly, imaginative ride has become a tottered weed of small worth held. I witnessed the desecration of Pirates with its dismissal of humor in favor of political thinking. The once sex driven, ruthless pirates are now Gen Z alcoholic camarades. A perfect representation of our current culture really. The lady in the barrel is gone. Where is the maelstrom and the horizon? Where is the redhead at the auction? They have passed like rain on the mountain, like  wind in the meadow."
1067,Hong Kong Disneyland is a unique park but still uniquely Disney. It wasn’t our favourite Park (we are visiting every Park around the world and have done Euro Disney and the Parks in California and Florida) but there was still so many positives. The biggest of which was the package rates you can find which for us included a 2 day ticket and 2 night stay at the Disneyland Hotel and how quiet the park can be. We didn’t experience anything more than a 20 minute queue during our visit and got everything done in one day we didn’t bother visiting for a 2nd day. The park itself seems smaller than other parks but there are a lot of empty wide spaces with just nothing there with many of the food vendors not open until later in the day. We still enjoyed our day and every part of it still felt like ‘Disney’. You will still find the classic rides that you get at every park but some unique attractions to Hong Kong like the Iron Man & Ant Man and the Wasp ride. There was no big parade during our visit just a very small train with some characters thereon but still character interactions throughout the park. Momentous night time show was brilliant. On that note the Disney Premiere Access (DPA) including Monemtous was worth it as we got access to the front of the castle to watch the show. Early entry which we also paid extra for wasn’t worth it as only the world of Frozen area was open & we had a couple of fast passes for the two rides available in that area anyway which we didn’t end up using since the queue times was only 5 minutes during the early entry time.
1084,"My husband, 5 year old son and I stayed for 2 nights in Disneyland Hotel and I feel disappointed as it was very overpriced for what we got. We had so many issues with our room, the door didn’t lock and had to be repaired twice, the phone cable was broken so frustrating when I tried calling reception, the jug didn’t work and every time we had an issue we had to go down to reception with took ages because the lifts are so slow. The manager gave us a late checkout but that was more stressful than it was worth as our keys stopped working after 11am… so we had to go to reception twice and they still didn’t work… we were lucky to find a cleaner to let us in so we could get our luggage to leave because I didn’t want to go back down to reception. The whole experience with the hotel was frustrating and very disappointing. The service was definitely not 5 star as we didn’t have a turn down service on the 2nd night so no fresh cups and restocking of the complimentary mini bar. As for the food, it was good but overpriced for what you get. Lucky we had the half board so not as bad but we’ve had a lot better in France.As for the parks, we were lucky not to have to line up more than half hour for each ride but it’s an exhausting day trying to fit everything in. The cold weather didn’t help. There aren’t any nice cafes to sit and rest which was disappointing. Too many merchandise shops and not enough focus on comfort.Would we come back, no."
1152,"I was at Disneyland January 23/24 with my husband and my 3 kids (13,11,9).When switching parks (leaving Disneyland Park) on the 24th at 8:30pm, we had a horrific experience. I have ALS and cannot speak or use my legs/arms.I have to use a power chair to get around, attached to a speech machine I use with my eyes. If you know someone with a disability, you know nothing is ever easy. You are constantly figuring out how to adjust given the current circumstances in front of you. The handicap exit was blocked off for no apparent reason with a worker standing in front of it. My best guess is that she wanted everyone to go through the gate to count, so the staff member told me to go through the regular exit. I did, and the 2 automatic doors closed in on my legs as I was just trying to go through, digging in to them-I have pictures and videos-leaving a gauge and lots of bruising. My kids jumped towards me and started trying to pull the doors off me. The staff member saw this and started yelling at my kids to stop because they would break the gate. They kept trying because they saw the fear on my face and knew I couldn't do or say anything about it. My husband then said, “do you want a broken gate or broken leg.”This was all horrible, but the shocking part of it all was the staff. The lady continued to fuss at all of us and just very rudely said I should've gone slower and that was the problem, as I tried again it still didn’t work! My husband had to physically drive me through-his theory was that the sensor wasn’t catching either my height or the doors only allotted enough time for a typical person, not a handicapped slow moving person like me. Then she just turned her back and ignored my husband and caregiver as they tried to talk to her. She knew we were upset and didn't want to deal with us so she called someone else over. Jian came over and basically said he heard what happened and didn't know what we wanted him to do about it. “Do you need medical attention for your injuries “ he kept repeating. My caregiver told him that acknowledging how poorly it was handled and how rudely we were treated along with an apology would be nice. Stone cold he said, ""OK, I''m sorry. And I will speak on her (the other staff member) behalf and say sorry for her. It was pathetic. I just turned around and drove off in amazement. I didn’t feel like Jian really ‘got it’ either, unfortunately and I didn’t have my speech machine to communicate.There were two problems in my opinion. The first one being a power wheelchair or any wheelchair should never have to be required to go through the automatic doors, this is exactly why the handicap opening RIGHT NEXT TO IT is there for. Secondly, the situation could have gone entirely differently had she just responded differently upon seeing my kids holding the doors from crushing my leg. A simple “oh my gosh how did that happen, I am so sorry that happened! Here let me show you so that never happens again “ would have diffused the tension.I've always been a huge Disney fan and have LOVED Disneyworld trips in the past. In fact, this trip was gifted to my family by Team Gleason Adventures, an ALS organization that aids families in making dream trips/memories a possibility. Of all the places, I chose Disney for my trip. To say I was disappointed in Disneyland's staff is an understatement. In fact, there were many occasions on this trip that the Disneyland staff was cold and not helpful at all. The exact opposite of what one would expect from a company like Disney whom prides itself on customer service.I'm trying to get this word out to as many people as I can. I'm hoping that there would be some accountability for the Disneyland staff regarding the way they treat people with mobility disabilities because I have heard this from multiple people regarding their Disneyland vs their Disney world experiences since this trip. I am not recommending this trip to others in my situation. I typed this whole email with my eyes and has taken me several hours, but I really feel like it is worth my time so that hopefully no one else has to experience what I did and also hopefully the staff will be better equipped on handling special circumstances."
1191,"Watched Back To The Future Starring Michael J.Fox(Class Of 1984 ) as Marty McFly ,Christopher Lloyd(Star Trek III:In Search Of Spock) as Dr.Emmet Brown,Crispin Glover(Teachers) as George McFly, Lea Thompson(Red Dawn) as Lorraine Banes-McFly,James Tolkan(Hillstreet Blues) as Mr.Strickland, Marc McClure(Superman:The Movie)as Dave McFly ,Claudia Wells(Herbie The Love Bug) as Jennifer Parker,Wendie Jo-Sperber(Bachelor Party) as Linda McFly and Thomas F.Wilson(L.A. Streetfighters) as Biff Tannen .This movie is memorable, unlike most Time Travel Movies its not the the conventional Stop this event from Happening but it was more of an accidental landing in the time stream while observing it also This has a great story and great characters also it was funny and memorable and the climax is always really intense even though you know what is going to happen .also Amazing Cinematography by Dean Cudney(Escape From New York),Score By Alan Silverstri(Fandango), Screenplay By Bob Gale(Used Cars) and Direction By Robert Zemeckis (Forrest Gump) A Fun Time Travel Film Best Of The Trilogy 9/10"
1196,"Visiting  Disneyland Hongkong is always fun and memorable. This was our 2 nd visit and with lots of new rides it was a fun filled day for us Try to visit on a weekday as tickets are cheaper. If you are going on a weekend then I suggest take the early entry tickets and finish the new Frozen world first followed by Toy story worldVegetarian people plz carry food as there are no veg options available, not even pizza. Not a very big park , 1 day is enough You can reach easily by the metro."
1329,App crashes every time I go to fill out a field in a task 🤯
1471,"I am deeply disappointed with Disneyland’s customer service. They failed to accommodate a disability and refused to provide a refund or any adequate solution despite repeated conversations over the past three months. The lack of empathy and proper resolution is appalling, especially from a company like Disney. Don’t waste your money here—if there’s an issue, Disney holds themselves to zero responsibility and hides behind clauses in the small print. Daylight robbery."
1472,"(Would give zero if I could).My advice buy a car, buy a holiday anywhere else (Universal Studios, Smithoion Museums, invest, or just save it.Having spent close to $8,000 USD for Disney World and the premier pass, for 4 days at a top hotel.My disappointment is with the overall experience, from the app (convoluted, clunky, and slow ) which you must use with the spotty park networks.  To the bad information available from Disney's own web sites (multiple maps had wrong information) to park information being wrong and then directing you to the website or app.  To the outdated Broadwalk hotel with it broken vending machines, and rooms with broken blinds and curtains and non functioning showers.  To the Magicbands that were not setup correctly and then stopped working after 1 day.To the food that comes from a can, is over cooked, and cold. But still charged a premium.To being overcharged after changing hotels and not deleting credit card information after 1) doing via their sites and 2) after calling (2 months in advance of overcharge).It is the most illogical and  expensive place  and so far away from a magical place.  Save your money and sanity."
1481,"Disneyland bills itself as the ""Happiest Place on Earth,"" but that was not our experience. We saw very little smiling, even though the weather was perfect.  I'm guessing this was due to crowding (specifically in Disneyland Park) and long lines (both at Disneyland Park and Disney California Adventure). You can purchase Genie+ tickets to make the lines shorter, but there were still lines. There were also several attractions that were closed for ""refurbishment"": AstroOrbitor, the Haunted Mansion, it's a small world, Sailing Ship Columbia, IncrediCoasters, and the Redwood Creek Challenge Trail. Luigi's Rollickin' Roadsters was not open one day because ""there wasn't enough sun,"" according to a Cast Member. The Tom Sawyer Island was closed for the weekend. It's hard to justify spending so much on tickets only to find you can't see these attractions anyway.  And Disneyland staff didn't know when these attractions would be reopening. Another problem seems to be ride maintenance: One of our friends was in a car at Radiator Springs that broke down twice. Those of us who successfully completed our rides were forced to sit in our cars for 30+ minutes before they could replace the broken ones. Meanwhile, there was no reason given as to why we were not allowed to get out or how long it would be before we could get out. Not fun. We wondered if the pandemic had affected staffing levels...that is, they don't have enough staff to keep everything open and running properly.What we did enjoy at Disneyland Park: Pirates of the Caribbean, the two Galaxy's Edge rides, the Star Wars ride in Tomorrowland, the Matterhorn, the Mark Twain Riverboat, the Tom Sawyer Island, the Finding Nemo Submarine Ride, and Mr. Toad's Wild Ride. You can skip the Jungle Cruise unless you have small children, as well as Space Mountain, which was rundown. The monorail has only two stops and also seemed rundown. What we did enjoy at DCA: Guardians of the Galaxy Mission Breakout, Radiator Springs (when it worked), the Little Mermaid Undersea Adventure, and Turtle Talk with Crush. You can skip the Soarin' ride; it's not very well executed."
1501,"Awful. The interface is fiddly and confusing, you can't seem to do certain things (rename a project?), it's laggy (I deleted a project and it's still there!), doesn't work offline."
1511,"Love Asana, hate their Android app UPDATE 11/25/24 The Android app continues to be pure garbage. There have been ongoing major synchronization issues with the Android app where changes don't appear and the app keeps locking up and freezing. Updating tasks, setting task schedules, sorting and organizing tasks, and really any changes whatsoever that you make on the Android app over 50% of the time don't appear properly and you have to reload the app to see changes and clear cache to fix crashes."
1631,"We visited the new Frozen experience. The Frozen ride was fantastic. And the other experiences were the typical Disney quality like the Ironman and Ant Man rides. For Americans, we were surprised that adults are allowed to cosplay the Disney characters at this Disneyland.  We almost approached someone walking all dressed up as a Disney character for picture and found out she was only a guest.  We are glad we chose a Disney resort hotel where we were able to take photos with characters with dining.The bathrooms at the end of the day were not maintained well, specially as we noticed people leaving their kids soiled diapers open in the trash. The culture with lines is very obtrusive. There is no much sense of personal space. People were not very courteous when they walk they just cut pass you.I’ve been to both parks in the US and also in Tokyo. This one is at the bottom of my list. I will not go back to this one. The resort experience at the hotel was great. I will stay there again if I come back and maybe tour the city instead."
1642,"First off it's a perfect movie well acted with a quotable script that just flow's so kinectly on the screen. Q.TS second movie is his best nothing since has matched the sheer brilliance of this film every character is memorable even if they are on screen for less than five minutes. Nothing in pop culture comes close to replecacting the quintessential brilliance of the tight script wonderfully acted film that just flows so well. Q.Ts most powerful directoring achievement is his second film. Not only does it launch stars but it gives life to failing stars revetlising failing acters and giving them a shot of life who would go on to command bigger salaries in bigger budget movies.
Unlike Quentin's latter movies that have much more bigger budgets and bloated runtimes the modest budget used on pulp fiction helps the director to sculpt a script and runtime to perfection within the limited budget. It's a masterpiece and lots of films have tried and failed to replicate the Quetin standard formula of his first two movies but failed terribly."
1650,Love my lights but not easy to put together like the video shows ! 4 pieces were broken & I broke 3 putting it together. Very flimsy but do look great when done
1653,"The entire Authentication and Security section uses MongoDB when we were taught PostgreSQL. This makes it very hard to fall along. The Web3 chapters seem out of place here. No take of error handling. It would've been nice to bring everything together and build an app using our entire stack of technologies (a PERN stack), I don't quite know how to use them together using proper convention and error handling on a server. Also it would've been nice to learn NGINX. I still have no idea how to spin up a website or where to start filling in the gaps in my knowledge, though I did learn a lot about the technologies used. Otherwise I like the use of many projects and I still learned a lot."
1689,"Disneyland hotel is great.  But reading other reviews I agree, the cast members aren’t as nice (specifically in the park).  I think they try to force people around the parks during parade times, etc and over direct the traffic so it impacts the experience.  There were so many rides and attractions down multiple times throughout the day.  We were there for about 5 days and something was down everyday.  So we ended up having to work our schedule around the broken down rides.  One of the rides that we paid extra to ride went down, then we had to ride some crap ride instead because it went down.  And so expensive, the extra costs on food and the experiences are crazy.  I think I paid $250+ for my husband and I for world of color dessert party and a fireworks party.  It was okay, the food was just so so it was all just about the experience and views mostly.  We will come again, but it is different than it used to be."
1694,"The pendant is strikingly beautiful, but fragile. Assembly isn’t too bad… I assembled the pendant upside down to reduce the stress on the pieces as they are extremely flimsy. I appreciate the YouTube video assembly guide because my directions appear misprinted. I had communication with the seller prior to purchasing and they were excellent in answering all of my question. As another review mentioned, there is an odor noticeable fresh out of the box but I assume it’ll fade in a few days. I’m glad the sellers include additional pieces, because two arrived broken. Not severely, they could be glued back together, but would be noticed if repaired. I appreciate the length of the ceiling cord and cup. Overall, I would purchase from this shop again and I am pleased with the pendant!"
1696,"I spent the day at Disneyland by myself and was able to enjoy 14 rides in one day! I walked 27,000 steps and was there from 8 AM till almost closing. I listened to the podcast “Disney Deciphered” on Spotify to get tips for how to maximize my time. The park was very clean and the rides were great. Some of the magic was missing, however. When I drove into Toy Story parking, the attendant was very rude to me - almost yelling at me for pulling up at the wrong spot. It was not a happy way to start my Disney experience. Pirates of the Caribbean was closed as was the haunted house. I knew that before going in from the Disney app. Indiana Jones was broken when I went to it after waiting for my lightning line pass time frame. I was able to return to it and enjoy the ride, although it broke down/halted twice while I was in the ride. Being stuck in a dark ride, strapped in, and not know how long you’re going to sit was somewhat stressful. The sit time was likely only a minute or two, but I (and others) were uncomfortable with it. Regarding the app, I would have appreciated more outlets to power up my phone since you really need your phone at all times at Disney. When I asked about where to plug in my phone, again, one of the staff was very rude to me and told me I had to buy a battery pack. Disney should provide more outlets for phone charging. Water bottle refill stations were hard to find, and when found, lines were long. With temperatures rising to the mid 80s, they really should provide more freshwater for people. I know they want to sell water, but the reality is most people bring their own water bottles. I did appreciate the fresh fruit stands (delicious grapes, apples, and pineapple) and healthy food options at the park! Well done. I missed seeing many of the characters walking around. Interaction with characters is one of the things that makes the park so special. They can really brighten your day and bring a smile even to adults like me! I missed seeing them casually interacting with people. There were a few photo ops with characters, but lines were long.The staff at “Rise  of the Resistance” were amazing. They were in character and courteous at the same time. Additionally, staff at the Disney welcome gate were exceptionally friendly and welcoming. These little touches make a big difference. And with the sticker price of a park ticket + parking + lightning pass fee for not waiting in line at “Rise of the Resistance” + food + lightening pass for other rides, I spent a pretty penny in one day. It was magical, but not what I remembered, or what it should be for the Disney brand. Disney can do better by ensuring all staff are trained and tested with their five star Disney level customer service. Lastly, one thing about the app is that people will bring their phones out and record rides and shows. This can block your view from actually experiencing the ride or the show. “World of Color”was an amazing show. If I go again, I would pay for the dessert experience so I could sit at a table and watch it. I signed up for a virtual queue for the show at 12 PM, for the 9 PM show. It really was wonderful, but slightly annoying because the people in front of me were recording it and were blocking a portion of my view. The phone’s glare detracts from the magical experience. I would suggest Disney encourage people to not record rides and shows at night. I also went to Disney Adventure Park and one of the riders (in front) was recording the incredible coaster ride while riding. I thought this was pretty dangerous and the person next to me was freaked out about it. Disney should pay attention to this trend."
1711,"Visited on New Year's Eve so expected both parks to be busy - which they were.  We had a fabulous time but were disappointed and rather surprised at the number of rides that just stopped working, either while we were waiting in the queue, or in a couple of cases, while we were actually on the rides.  Even the train stopped at a station and everyone was just told to get off and walk.  In all cases, no information was given as to what was wrong with the ride and if/when it would re-start.  Not what we would have expected from Disneyland - and was disappointing given the huge cost of the tickets at that time of the year (especially for those of us from countries where the exchange rate is terrible).  Also was really disappointing to find out that, despite paying extra for lightning passes, we had to pay even more to use them for certain rides - which we really couldn't afford to do as a family of four. Would have been good to have had this highlighted when we purchased the passes."
1770,"Last update beware - since doing it whenever I amend a task's due date or description, I then cannot click on ""save"" or ""previous"" (the buttons are frozen), I never had that issue before the last update, please fix this asap [edit: newest update fixed it, amended rating from 1 to 5 stars]"
1778,"Was the app abandoned? Haven't used it in several years and when I come back multiple errors trying to log in, every time I close the app I have to log in again and go through an authentication process. When I try to start a new project once I finally get in I get more errors? I guess it's just a broken app now."
1787,"Overall:The trip had some extremely magical moments thanks to the hotel, the characters and some extras we got staying here. I booked directly through the Disneyland Paris website and it was a simple process and there were a number of options for paying. The Studios park, despite the ongoing works was great fun, and I’m excited to visit here in the future but the Disneyland park was a bit of a let down. The magic has seriously been lost in this park, between people queue jumping (I don’t mean priority pass but literally grown adults hoping barriers), shoving small children to the ground and miserable cast members, the experience didn’t live up to expectations (I’ll explain more below). Overall however we had a great few days and we’re already planning our next Disney adventure (possibly a UK cruise 🤞). Day 1 - Travel and Hotel:I ordered the express luggage service through Disney which meant we could head straight to the park on arrival and do some attractions before our hotel was ready. I would recommend this for anyone who thinking of booking it. We met Darth Vader (shout out to cast member Fredric managing the queue here who was wonderful), and did a few extra . Great start to the trip! We headed over to our hotel, Hotel New York - Art of Marvel which is simply wonderful, from the artwork to the interior design, we loved the experience. That evening we had dinner in the Manhattan with wine included for me, which I thoroughly enjoyed, followed by drinks at the skyline bar and a trip to the kids club to draw some superhero’s. We loved the whole superhero’s in the city vibe everywhere in the hotel. Day 2 - Hotel Extras and Studios Park:The morning at the hotel we had breakfast delivered to our room, which came to €24 for two of us so we could eat and get ready for the day at the same time. I wish in hindsight we did this more or got a meal plan because breakfast options aren’t great (or much cheeper) in the village. Our morning was taken up exploring the hotel and meeting Captain America at the superhero station before we headed off to the pool for a dip. The pool was warm, Jacuzzi was really nice and the sauna was lovely to relax. Only downside here is the depth of the pool which isn’t great if you’re not a strong swimmer (like me). My son loved it however because he can tread water, but there’s lots of floatation toys and free armbands if your little ones aren’t swimmers.  By midday we were strolling over to studios park and using the app to plan stops we managed all the “big rides” and the Pixar Show. A tip for Crush is to wait until the end of the day when people are heading over to the main park for the fireworks. We joined the queue at 7:30pm and were able to ride and still have time for another go of ratatouille before closing at 8pm. We loved the Studio park despite the work ongoing, the different worlds are beautifully designed here and can’t wait to see frozen / lion king. For dinner we ate at PYMs which is perfect for families and a big winner for any marvel fans, with lots of options for fussy eaters.Day 3 - Disneyland Park:We decided to grab something on the way to the park for breakfast and stopped at Starbucks which is fine but it lacked that magic we had in the hotel breakfast. It also came to €18 so wasn’t a massive saving. As it was Halloween season the park was decorated but Frontierland was amazing. Probably our favourite area of the park. Fantasyland was looking very rundown and in desperate need of a paint and discoveryland is a bit off with the mix of Star Wars, Buzz and the Jules Verne vibe, it’s like it’s been thrown together rather than thought out. Maybe it’ll get updated after studios. Again I used the app as much as possible to do the rides, Peter Pan wasn’t open for magic hour so missed out here. I would recommend anyone thinking of it, just buy a priority pass for this ride, we queued for 1.5 hours. The app said 50 minutes but I don’t think it accounted for the number of people queue jumping. It seems in this park particularly the etiquette is that one member of the group will wait in line while others go about the park and come back to join the queue with the person waiting. Frustrating but not really Disney’s fault. All other rides we queued 5-20 minutes for because I used the app, which I think is pretty good and managed to get done everything we wanted including doing Pirates and Phantom Mannor twice. We skipped dinner today and instead wanted to try lots of the Halloween/Disney snacks but this was very hit or miss. Churos, burritos and a batwing doughnut in Frontierland were nice and suited the theming. The corn dog and popcorn from fantasyland was our favourite. Cafe Hyperion where they sell the Micky Halloween burger was atrocious. We waited 20 minutes to get served, the poor guy at the till kept getting up and going to the counter because the server couldn’t work fast enough for the orders coming though so he was trying to chip in and catch up the orders. When we did get our food and went to find a seat one cast member shouted at me for trying to sit at a 4 seat table when there were only two of us. She made us get up and follow her around the restaurant looking for a two seater table. People were looking and it felt very uncomfortable being paraded around when there was a number of empty tables. She then had to make us up a 2 seater space near the exit ramp which was even worse because prams and wheelchair users were blocked but she told us to sit and eat very abruptly. I just wanted to get out of there so badly so we quickly ate the burgers and left. There was no drone show on the evening which I expected because there had been poor weather all week and we didn’t see much of the fireworks either. The one thing that topped me over the edge in this park was a grown man pushing my son to the floor where he was seriously hurt, he is still bruised from how hard he was pushed and a number of people were annoyed along with me and were telling this man to apologies but he simply shrugged his shoulders and went about filming the fireworks. Cast members used to be dotted along main street and would stop pushing and shoving but this has died off which is a shame. I would recommend anyone with children try and buy a priority pass simply from a safety perspective. Day 4 - Last Day / Check out:We got up early and headed to the parks for a few last rides, as well as a trip to the dragon and meeting with Maleficent before heading back to the hotel at 10am. When we got back the hotel staff were already in the middle of changing the room so we had to get our cases and sort ourselves in the corridor. This wasn’t an issue for me because we were leaving but if people are waiting until the 11am check out this might be slightly annoying.All in all we really enjoyed, the hotel and extras were outstanding and anyone planning to stay at the hotel you will have an amazing time."
1822,I have tried to cancel/delete my account.  I keep getting a message that says an error occurred and try again later!  How do I get rid of this account?
1845,"Pretty disappointing overall - 2 week package with takeaway food option (one sit down meal per day was about £70 per person per day more!). We stayed in a decent Disney resort. The good points - nice hotel, great staff generally, early access to parks means you get two rides before queues are stupid. Temperature with little cover. Transport (though see below). Clean.  Oh, memory maker - a free add on fir us - we found it great - over 500 photos of us taken by dedicated photographers on top of our own, including enhanced photos (e.g.Ratatouille mouse sat on son's hand)Negatives - FOOD PLAN - plain awful. Food in hotel was same options every day - 6 options, 2 being sandwiches, pizza (adults only), 4 options for kids - Mac n cheese (awful), breaded chicken strips, burger or ham n cheese toastie. Options in the parks was similarly awful being almost the same options. Some restaurants offered something different, but some of those didn't even do kids meals. 14 days on such limited options - not what you expect from such a price offering, nor for the quality of hotel we booked (£200 per day room only).Queue, queues, queues for just about all rides. Even meeting Disney characters is 35 - 45 min wait. Main rides 60 - 90 min waits - in 40C temps. Lack of shade around the parks and seating within that shade - only option is air con shops (intentionally so you spend?). Transport was great, tho because of thunderstorms we decided not to walk back round to the skyline and took a coach to our hotel (was waiting at its stop)... however the next day, we waited almost an hour at the same bus bay, marked for our hotel but nothing - asked another driver and he say they don't run unless the skyline might stop or is stopped (so we were lucky first day)... why oh why not put a notice to this effect. Gave this feedback (complaint) to hotel reception... think it went nowhere as he didn't seem to care (rare tho).  A number of rides across the parks were not working or sporadic, though we were not too affected here. Watch out for virtual queues - have to book at 7.00am, 1pm and 6pm. If you are one minute late, the slots are all gone. My real feel of Disney World is that it is about how much money you are willing to spend, lightning lanes, genie days, personal bookings (such as private memory makers, closed off viewing point for Epcot fireworks, personalised tour guides etc.).So to our final view - loved the parks, rides etc, queues and commercialisation awful, typhoon lagoon was brilliant for us (spent many afternoons there), so real positives... but the food was a deal breaker - so poor, we won't go back. Every day, food put a dampener on our experience. Even Disney fireworks can't put that right."
1883,"Can anything that hasn't been said yet be said about this movie? I'm at the start of watching this trilogy which I have never actually sat down to watch until now. Only having seeing memes, references and some famous clips.This is just a perfectly executed movie really, great characters, attentive viewers are rewarded with future in movie references constantly. Character arcs are solid. It's checked all the boxes. But goes beyond that.Directing is fantastic, Zemeckis and Spielberg showing their best. From the long take intro that rhymes with the movie and tells everything we need to know about Doc, to the euphoric moments of time travel.It's hard to judge music as of now as it has become so iconic for the trilogy, it's really good. Sound design too for the car but I can't unhear the sound of a X-Wing unfolding when the car jumps, that has to be the same right?!Anyways, it's such a satisfying story. But the time travel aspect makes it really hard to look much deeper than surface level. You simply cannot think about the butterfly effect here because the movie doesn't either. Also the final scene still wrecks my brain, isn't that second Marty going to repeat what the first Marty did? And so end up in a infinite loop or something? But I know this is not the type of movie that dives into something like that.Curious to see the next two in the trilogy, the ending here was hilarious. LLoyd gives a incredible performance. Coincidentally I just discovered he played Judge Doom in Who Framed Roger Rabbit and you wouldn't have guessed those were the same two people. J. Fox does great too with that quirky-ness that makes him so enjoyable to watch...but what's up with that sleeping pose!? He looks like he's broken his arms, it was funny, but also so weird. Also I loved Glover in this, saw him for the first time in a F13 movie with his crazy dance act, here he plays a similar wacky character and owns it.Looking forward the the next two."
1932,"Be aware- if used with any Mac running any OS except Sequoia, you will not have full features- Magic Touch on this mouse will ONLY work with OS Sequoia or later. I found out the hard way by thinking I had a defective one the first time, as it failed to work with my old Mac as well. Why Apple would do this is beyond me, but it’s Apple (eye roll). It is hard to find this out on line, and Apple simply states on the box ‘requires Mac with the latest version of macOS’, with any specifics."
2009,"Gros bug depuis hier, lorsque l’on veut avoir un bonus et que la publicité s’ouvre, il n’y a aucun moyen de refermer la page à la fin de la publicité, on est directement dirigé vers l’annonceur. On est donc obligé de fermer l’application et de la réouvrir pour pouvoir jouer, et on perd le bénéfice, auquel on aurait dû avoir droit."
2045,"Initially, I rated this course 5 stars and EVERYTHING was indeed 5 stars till authentication module where everythig was outdated and I thought it's just Authentication module and that's it BUT then React module came after where everything is so outdated that you cannot do a single thing from video without getting an error that says that way of doing it is outdated and no longer supported. I remember from Angela video that she once said that we should rethink twice before buying an outdated udemy course..Huge dissapointment at the end because I could not get a single full project from this course without not watching 8+ hours youtube tutorials to cover the holes from this course..."
2069,Doesn't work
2081,"Tout est fait dans ce jeu pour progresser mais avec le porte monnaie ! 
Sans les bug récurrents (perte de connexion dans le jeu mais sans la connexion internet du téléphone, IA aléatoire et autres dysfonctionnements du jeu alliant affichage et disparitions…), ce jeu serait honnête et surtout juste. 
Étant avancé dans ce jeu, je remercie pour la perte de temps et la déception"
2084,"Corey is clearly knowledgeable in his field, although a bit rough around the edges as an instructor. Regardless, this course gave me a good understanding of the AdWords platform and I feel confident about embarking on my first campaigns. Worth it for folks who need a crash course."
2146,"I’ve loved Calm for years, but the latest update broke the app on my iPad. Now when I go to play a sleep story and close the lid on my iPad, within 10 seconds the story stops playing. If I leave the cover open, when the screen timeout goes to sleep, the story stops playing. I can tell you this frustration is the opposite of Calmness. Please fix it soon and I’ll change my rating to 5 stars.

Update: They fixed the bug I reported to their support team."
2221,"Beautiful lamp but so fragile, a part broke during assembly and one of the two replacement parts was broken. The company quickly responded and spare parts were sent free of charge. I liked the editing aspect by myself, it increased our degree of satisfaction."
2235,"before having the pulp fiction dvd, i had heard people say it so brilliant again and again. in the top 250 movies list, it ranks 19. and i knew it had won the best film award in 1994 Canne. naturally, i should be longing for this movie for years, just as for memento, usual suspects or mulholland drive. yes, i found it at last in the dvd shop. i would not wast a second to play it in my laptop. roughly 3 hours' glance imprinted another classical in my mind. Queutin, the director, is a genius. the theme of love and redemption was presented in such a moving way.  the 3(or 4) seem to be independent, while they are inter-related. the chronical order of narration was broken apart and replaced by a confused disarrangement. in the second scene, jules shot a man down for his boss and then the movie turned to the fourth secene when jules and vincent were already in their boss' place. only at the end of moive, the skipped part of jules' redemption, the main theme of the film, was presented on the screen. why this?? the period of the rougly 3hours of the film is simply indicating the whole long process of jules' salvation. the magic bullets inspired jules of god's love that persuaded him to put the pistol aside in the restaurant and quit the gangs life(he did do so, for in the latter part he didn't show again); however. in contrary, vincent didn't realize this and stayed in, thus he was killed by potch just like a tomato that failed to catch up getting smashed up and becoming ketchup! this movie deserves such a reputation and is worth reviewing hundreds of times. thankx, Queutin!"
2310,"It great and deserves 5 star but since the new update on some courses, I can't play the course again, it will just keep loading and the green check on some completed videos disappear sometimes which I will have to watch it again but I think it's Udemy error."
2323,As a kid I loved this movie. The film has the best foreshadowing of any screenplay I've seen - and all the actors and production are timeless. There are dozens of classic lines. A magnificent score. And a wonderful moral story about a kid from a broken home how saves his family. The truth is - this franchise has eerie symbolism that links to our modern world.
2377,"Bonjour, je met 5 étoiles parce que ça ne change rien au faite que c’est un super jeu, je suis une joueuse depuis longtemps, je voulais vous informer que le jeu bug énormément en ce moment, a chaque partie je ne peux plus appuyer nul par et il faut attendre plus de 5 minutes pour que ça se débloque tout seul"
2382,"After opening his film-making career with the violent, gritty 'Reservoir Dogs' Quentin Tarantino followed it up with 'Pulp Fiction'. Told with a similar, non-linear storyline the latter follows the criminal lives of many characters, some of which intersect by coincidence. Tarantino's style of film-making is often incoherent, messy, and just plain obnoxious. While one can praise his entertainment factor, it's not good enough by itself to make a remarkable film. Such is this case with 'Pulp Fiction' which often relies too much on clever editing, smart acting, and foul language.The film starts off with two lovers talking in a diner: Pumpkin (Tim Roth) and Yolanda (Amanda Plummer). As they discuss previous criminal jobs, they suddenly decide to hold up the diner they're in. After they get up with guns, declaring their intentions the film goes to freeze frame and the opening credits role. To describe the entire plot of 'Pulp Fiction' would take too long, and is unnecessarily. It follows the lives of two hit men named Jules and Vincent (Academy Award nominees John Travolta and Samuel L. Jackson), a Mob Boss (Ving Rhames), his oddball wife (Uma Thurman), and a boxer at the end of his prime (Bruce Willis). Intertwined among these criminal characters are a myriad of different personalities. There's the twisted Zed, the classy Winston Wolf, and of course Tarantino himself as Jimmy. These characters often come together through different segments and numerous situations. They include a desperate trip to recover a sacred Golden Watch, a case of someone very important overdosing on Heroine, and a botched getaway from a job. The cast is impressive, featuring smaller roles from the likes of Steve Buscemi, Eric Stoltz, and Christopher Walken. While Tarantino has an impressive cast list to boot, other elements of the film often go wrong.The first thing that comes to mind in Tarantino's films is dialog. He works a labyrinth of different personalities, characters, and events while connecting them with one common theme. The main interaction in 'Pulp Fiction' is violence. It is sporadic, but it comes in bursts of graphic nature. There is, like in 'Reservoir Dogs' comedy mixed in with drama and even action. However, stylistically the combination is lacking. Tarantino ultimately has to use the f-word to establish a certain emotion or mood in his screenplay, rather than relying on directional technique. The cast emotes his dialog to their best of their abilities and the tough build of Jackson is impressive. He gets into his character and fully embodies the hit-man who grows a conscious. The rest of the cast are solid, but Jackson ultimately carries the show with his hilarious delivery and tone.Technically speaking, 'Pulp Fiction' doesn't accomplish anything new. There is interesting editing by Sally Menke, although the photography by Andrzej Sekula looks dated. A good deal of Tarantino's filmography deals more with more with the ""sound"" than the ""look"". There is a fun soundtrack thrown into the mix, but everything looks fairly standard as intended. Tarantino's direction feels off base, mainly because the material he gives himself doesn't really go anywhere. 'Sin City' is an example of a film that is purely based on style and looks, while Tarantino as a filmmaker tries to get a combination of intelligence and entertainment. As these two heads collide, things get messy. Does 'Pulp Fiction' really do anything new for cinema? There's quite a bit of swearing, yes, and the film is looked up to as something out-of-this-world but these are not striking elements. In 'Kill Bill: Vol. 1' Tarantino once again heavily copies from other Kung Fu films, but in that regard he is able to create something distinctly entertaining and visually exuberant. The characters in 'Pulp Fiction' are degenerates, people who kill for a living and people who use drugs regularly. Tarantino has made personal remarks that he condemns this sort of behavior, yet the film stylizes both these elements as if there is a bigger mystique to them then there really is.In the end, I give 'Pulp Fiction' more than it's fair share of points. It entertains and it has some solid acting-Tarantino's (lack of) ability to really pull everything together for a solid point ends up being his wrongdoing once again.6/10"
2392,"When Pulp Fiction first came out, I thought it was the greatest movie ever made and was sure that it would become a classic. Earlier today though, I saw it again after not viewing it for several years and my opinion of it is now a bit lower.It's still a good movie and there are aspects of it that are certainly great. The plot is well constructed and the story lines are compelling. There are a variety of interesting characters and many humorous and dramatic scenes. Several actors (who were at their peak at the time) have juicy roles and give excellent performances: Uma Thurman, Eric Stoltz, Rosanna Arquette, Tim Roth, Amanda Plummer, and Christopher Walken. Overall, the movie is unbelievably entertaining.After seeing Pulp Fiction again though, with several more years of movie viewing experience now under my belt, parts of it look amateurish. The shots don't always work; composition is bad, stuff is out of focus, lighting is bad. Although the banal conversations are fantastic, the dialogue doesn't work all the time either, particularly for Samuel L. Jackson's character. When I listened to him, I couldn't help but think that this is how a white dude thinks a black gangster should talk. There are also a ton of obvious continuity and factual errors in the film that are distracting (check the ""Goofs for Pulp Fiction"" page here at IMDB for an incomplete listing of them). In most movies, I don't notice these kinds of errors because they're so subtle, but in Pulp Fiction they're glaring.Pulp Fiction is still cool and enjoyable, but it seems like I can look at it in a more critical light now. It's been almost ten years since it was made and the hype is finally starting to die down. It's a good (maybe great) film, but it's not a classic or a masterpiece."
2424,"This place is no longer for kids but for old people that need to start acting like grown ass adults. The ratio of kids to obese adults is so so sad. It is like going to some awful comic con convention now, where people are competing to be as weird as possible becuase they can't get attention for doing something useful. Even with paying up for their genie upsell (everything here is an upsell, Mickey cares most about money) getting on rides takes forever. It is just a mass of humanity, crowded as heck We paid up for the genie and you could only use it every five hours for good rides. And I really didn't want to be at this place for more than 5 hours. And it is just no longer affordable for a middle income families. Disney has sold out to old weirdos and has lost its soul, children, all just to maximize near term profits. The whole experience was over priced and low quailty. Food was not great, but priced like it was amazying. We bought ice cream and the staff told us to wait 20 minutes to eat it becasuse it was so frozen (still a rock after 20 minites). Thier staff have also  turned into prima donnas, I saw a staff member throw an absoutely fit becuase a customer wasn't listening to him, they all seem very self centered and immature. Disney needs to pay up and start hiring mature adults, that realize the focus should be on the kids not themselves.  Some of the star wars stuff was good, but really just simulators that are no longer unique. I have seen similar stuff all over the place. Just not  authenitic experniece any more, feels very forced. The customers seem to desperately want this place to be magically, but it ain't, it just a mess. I feel like I was in the emperor with no clothes, one day everyone will realize that place is dumpy."
2531,"I find trying to maintain streaks in apps stressful and anxiety producing. I meditate to when I can and to help myself, and not meditating one day is not a failure, it’s just a day I didn’t meditate.

I was so happy to find Calm had a setting to turn off streaks. I turned it off immediately and enjoyed not being guilt tripped by a relaxation app.

Welp, the latest update launched and immediately prompted me to add a “goal” of three Calm meditations per week, and added a seven day checklist at the top of the home tab. :( now I can’t even open the app without it guilting me towards obsess e behavior :("
2539,"Back to the Future is one of the time travel movies that does things right. The story of the film is basically Marty Mcfly(played by Michael J.Fox) is living in 1985 and his friend Doc Brown(played by Christopher Lloyd) ,who is a mad scientist shows off his new invention: the time machine. Something crazy happens that causes Marty to go back to 1955 in Doc's time machine and is stuck in 1955, and to make matters worse, the time machine is broken! On top of that, he stupidly alters his future and prevents HIS OWN BIRTH! Crazy huh? But, its up to Marty and Doc(played by Christopher Lloyd) to not only get Marty back to his present time, but to also fix the wrongs he has caused to his future! I will not spoil this movie because you must go see this magnificent piece of film-making! The performances in this movie were all fantastic! Especially the best villain in that movie: Biff. He is a mean bully that picks on everyone and has the most hilarious lines in this movie!""Well look at what we have here."" Robert Zemeckis did a superb job in establishing the characters and the plot-line.Not to mention, its a blend of other genres besides time-travel. There is romance, high school, sci-fi and action all in one movie!WOW! Hoow did they manage to do that you may ask? Well, it just works because the script cleverly sets the movie up. Plus, the story runs very smoothly during transitions of scenes. Usually, when time travel is involved as a premise to a story, it would fall completely apart. But, thankfully they didn't do that! The story is actually not as complicated as people think. But, it does make your head spin of all the things going on in the movie! Its very consistent on switching to those scenes. Plus, the special effects were jaw-dropping back in the 80's but today it kind of looks outdated. However, this film has a charm that makes this film a spectacle in the time-travel genre. Now, what I liked about this film was the way the story was presented and the hilarious interactions between the characters:""Oh what are you looking at butt head?"" Oh and the special effects! ""If my calculations are correct, when this baby hits 88 mph, you're gonna see some serious s**t!"" See I'm already quoting the movie, thats how good it is! That line always makes me think of BTF so much! But anyway, there is really nothing wrong with this film. Now, its not my favorite of the series.(OMG HOW DARE HE! HOW DARE HE SAY BTF IS NOT HIS FAVORITE!!!! TROLOLOLOLOLOLOOLOLOLOLLOL) Yes, it is not my favorite IN MY OPINION! However, this is a fantastic piece of work from Robert Zemeckis! As Doc Brown says:""If you put your mind to it, you can accomplish anything."" I have lived with that quote in my head in my entire life to never give up on what you fight for! Overall, I think this is a fantastic film in the time-travel genre and deserves to be on the IMDb Top 250 List! ""So, why don't you make like a tree, and get out of here!"""
2541,"We had 3 days at Disneyland Jan 13-15, 225 with two kids ages 8 and 10. We rode 55 rides in three days with a single park a day and lightning lane. We say over a dozen characters and ate once a day at the park, Tickets🎟️ ⬇️We had originally booked a good neighbour package and then cancelled due to the fires. We ended up rebooking and still going but staying at a closer hotel. We had trouble rebooking and spent hours on the phone with Disney. They were helpful but just painful their system gives Canadians postal codes an issue and box numbers for payment. Because of that we had a few issues at check in each morning as we had reservation dr codes and ticketsSecurity☺️⬇️We checked in to the park each day from the east side gate (Toy Story drop off) and stayed at the Hyatt house hotel 3 blocks south. We never had to wait more than 3 minutes to go through security. It was definitely slow season. We went for rope drop daily and stayed until 12-1 pm then went back between 6-7 pm The only issue we had was they took mySelfie stick the very last day I didn’t even remember I had in there the whole time we went through. You can take coffee and water and snacks into Disney. We did as we went straight 2 hours of rides from 8-10 am without any breaks to maximize the short lines Food🍱 ⬇️We loved the churros, the pretzels were not hot and fresh, we ate at horseshoe and it was ok, we did Mobile pick up snacks into toontown and they were good but 5 mini donuts was$6, we ate in cars land at flos diner and that was the best meal of the time in Disney. Downtown Disney we ate at the bowling alley and that was really good and reasonable price (shared a pizza and burger) and then we ate offsite at Tony romas (ok) and Cheesecake Factory (great) We picked up some snacks at cvs and 7-11 and target. lightning Lane🔥⬇️We maximized this. We watched a YouTube video on it (just search lighting lane Disneyland and the first guy comes up is Parks guys) and we used his tips. We booked all the rides that broke down and got magical select experience tickets that came in handy later at night when the lines were long and we wanted to ride rides again.Disneyland ❤️⬇️We did two days here. Monday and Wednesday. First day we did 16 rides and saw 5 characters. We did rope drop Monday and went straight to Tomorrowland. Star tours was broken so we got a pass for that walked on astroblasters, then walked on space mountain. We did autopia, no,  and bobsleds all before 10Am. Then we headed over to galaxy and did that area before taking a break until evening. We felt by 1 pm We were hungry, tired and our feet were getting tired (18,000 steps by 1pm!) so we we r back each day until after dinner. If you don’t do the show at 930 you can walk on rise resistance. We were too tired but used LL for Indiana snd big mountain and a few other rides again. One tip is to watch those select multi pass tickets from broken rides. If you break down mid ride get a new pass as they are good for almost all but rise resistance. . If you pre book a LL and the ride goes down while you’re waiting you get a select pass which wasn’t good for all. Like Roger rabbit broke down a lot but the select ticket wasn’t good for space mountain or materhorn or Indiana jones. Indiana jones and space mountain have no LL left by 6 pm I found so make sure to book those earlier. California Adventure  ⬇️😍We did rope drop daily and had a game plan and quickly pivoted when everyone went to cars in California we decided to do Pixar pier and rode 10 rides in 2 hours. We ended up doing single passenger to get on cars within 15 minutes at night and then didn’t again when the line was only 20Minutes. We enjoy webslingers a lot and the girls love goofy flight school (rode it 5 times!) and soarin and symphony swings. My youngest wanted to do incredible as - I screamed the whole time but I survived. The things we do for our kidsWe never did guardians of galaxy as we all agreed that wasn’t out jam.  Mater was so fun we did twice and of course Ariel is classic and the Ferris wheel, inside out was down for refurbishment."
2560,"After viewing all 3 (and I still love them after all these years) it's just so obvious the franchise is every bit as ""alive"" as the time circuitry and flux capacitor although Marty McFly of course for all the right storyline reasons pronounces it ""dead.""I hope Spielberg/Zemeckis decides to leave the property, all possible licenses to continue the story -very dead. But although most fans disagree with me, I totally of am the strong opinion Zemeckis/Gale highlighted the (in joke of in jokes) ""broken"" flux capacitor that well, isn't really dead but yes, broken but ... har har.. in any future sequels ...even more quirky when used with the wholly intact Mr. Fusion. Remember - Mr. Fusion operates the time circuitry and flux capacitor. The mode of transportation is of no consequence. Only that ""it"" achieves 88 mph. It's my personal wish that this series ends. But the 80s are now our current ""Happy Days/Wonder Years/That 70s Show."" Will they cash in for that reason and a few others? Without including Michael J. Fox and I just don't see how that's possible given his condition, just leave it an 80s American cultural icon. Anyone selling a DeLorean cheap?"
2562,Sadly disappointing. Been her a couple times previously but this time the magic of it was killed off quickly for the whole family with over 7 rides broken down and 2 additional major rides we weren’t even allowed to que for as they were too busy after speaking with staff I was told “it’s like a concert tickets. They sell out too fast. 40min waiting was average with 85+ with the odd 25 min one. We were unaware of the app which was set up wrong by park staff which caused us loosing hours in the parks. Completely killed the atmosphere for the kids. Chose this month as it was meant to be quieter and it’s the busiest we’ve ever known it. A real shame. Only saving grace was the Star Wars rides and the Pandora one. Will say that the majority of the staff have been brilliant hence the 2 stars. very sad to see. Would most likely not come back
2640,"""Back To The Future"" is one of 3 of my favorite movies of all times. I have the Trilogy on DVD and I've played the movie so many times, I know all the dialog. I also have the ""Honeymooners"" Classic 39 on DVD as well, so I couldn't help noticing one small error in the first ""Back To The Future."" As Marty sits at the dinner table on the Saturday evening of November 5th 1955, they're watching the Honeymooners episode, ""The Man From Space."" However, that episode didn't air until December 31st. of that year. The actual episode that aired on November 5th 1955, was ""The Sleepwalker."" An episode which I think would have worked just as well. I know,...Who Cares, right? Right!!!"
2661,"To buy the tickets it was really difficult, spent like 2 hrs to update its frozen when it was time to pay and had a hard time. Thank God my boss purchased ours and made the transfer by the app. At the concert it was so difficult to bring the tickets to look for the seats, spent 40 min loading the app and the gpay link to get them"
2692,"This is our third trip to Disney (2018, 2023, 2025). The last two trips were enjoyable. This recent trip has been anything but. The amount of people being allowed into the parks is ABSURD. The wait times are out of control. For instance, frozen was a “65 minute wait” but we stood in line for 2.5 hours before getting on. Ratouille was up to 225 minutes at one point. You have to wait forever for rides, food, and even using the bathroom. And yes, I know about the multipass and lightening lanes (which is not only another chunk of money to spend, but can be tricky to purchase if you don’t know exactly what you’re doing on what day, and / or you are late to purchasing them and you weren’t ready exactly when they became available.Our past trips I remember cast members being friendly and generally happy in their interactions. This trip every single one of them looked miserable, and I don’t blame them. Even our kiddo who has loved past trips is over it. The most fun she had was at the pool.SAFETY ISSUE: fireworks at magic kingdom is dangerous. someone is going to get really hurt. The amount of people that are pushing their way to the front is scary. We found our spot 50 min before the show, and we were eventually pinned in by people coming at the last minute. We were pushed, elbowed, and shoved. All it takes is one person to cause chaos. The walkways to get in and out (that should have stayed clear) did not. staff couldn’t even get through. We were scared the entire time watching the fireworks and couldn’t enjoy it as we were truly looking for routes out, and bracing ourselves with all the pushing and shoving. It was terrifying.For the amount of money being spent, this should not be the case.I own the fact we came right after the holidays; so it’s a busier time of year. We expected that. But this was awful. I talked to so many other people while waiting around who said similar things. This is their last trip. The magic is truly gone unless you have A LOT of money to spend.This trip was stressful beginning to end. I never ever want to do it again. It was a magical place once upon a time, but things are not the same. It’s okay to criticize when things are getting out of control - that’s the only way it may change."
2698,"Beautiful chandelier light. Easy to mount and includes additional spare parts in case some get broken during the mounting.
Team is very professional and contacted me to make sure i ordered the right ceiling plate as I had 2 lights with different ceiling plate colors. 
Five stars!"
2725,Je ne sais pas si c’est un bug ou le jeu ou une mise à jour qui a mal fonctionné je ne peux plus jouer correctement…et la sAint Valentin ne fonctionne pas !!!
2735,"I haven’t even been to Disneyland Paris yet however I want to comment on how poor Disney’s customer service is. I have booked a trip to the Davy Crockett ranch for may. After booking this I decided to add on character dining for breakfast. When I was making this booking the website had a glitch at the payment stage. I checked my emails to check if the payment went through and there was no confirmation email. So I tried to book it again and it was successful with confirmation straight away.Then I discovered Disney has charged me twice for the booking. However on the emails and account only shows 1 booking. I have been disputed this ever this. Almost 3 weeks and no resolution. I am £206.26 out of pocket which might not seem much for a billion pound company but for me it is. Every time I call or email they just fob me off saying it’s with the accounts department. I am shocked by the lack of efficiency or urgency from Disney. I don’t know when I’m getting my money back and making me second guess the holiday. Did not expect this, I thought it would be a first class service. If this happens to anyone else good luck."
2792,"I love the screenplay of this film.  Some people say that All About Eve is the greatest screenplay ever, I beg to differ.  Q takes us on a roller coaster ride with his words.  After the film has ended you'll find your self going back, just to try and memorize the amazing one liners.  His characters are extremely likable despite there flaws, and there are some moments in the film that will stay with you forever!A testament to great writing and other movies had tried to copy the style of Q's film..........some have succeeded, but most have failed because there is only one PULP!"
2798,"The course is not organised; the same topic is broken into parts and taught in multiple sections instead of being taught in one section and then moving on to the next, e.g., WordPress. Neither are they in the order they should be, like first SEO, then WordPress, etc."
2835,"The park was BEYOND overcrowded with waits of 90 minutes and plus, and broken rides. Not a very magical experience, unfortunately."
2840,"I have been to Disney several times before and read the reviews prior to going recently.  The reviews reflected terrible experiences people had at Disney but I just could not believe that this could be true.  Unfortunately my family's experience was so disappointing.  This is not a place for families and especially children.  How does Disney think that waiting in line for 60-120 minutes is OK?  People were not happy at any of the parks we attended, visitors or workers.  We used Genie plus and Lightning lane and payed extra for rides or we would have only been able to ride 2 or 3 rides per day due to extremely long lines.  We reserved a ride at Magic Kingdom only to find out the ride was not working and a very non-chalant employee told us ""it should be working by end of day, lightning lane is nonrefundable.""  The wait times listed on the gates and on the APP were inconsistent.  The app time would say 20 minute wait but the actual time at the gate was a minimum of 60 minutes.  What is Disney expectation for a child?   This requires all adults to be planning three steps ahead. Plan to mentally exhausted or save your sanity and leave the park. If you want to be able to look up from the app and see your family, it's not an option. Save your money and avoid the memory maker pass. All photo ops require you to wait in line. Some of the photographers are fun and engaging. However, many seemed tired and disinterested. It seems Disney has increased the volume of all themed music in their parks. This is likely due to mask the sound of crying children because they have spent their entire vacation waiting in a line.  I now agree with others, the Magic is gone."
2881,Developers are making this worse and worse. Just getting to a project takes more and more clicks. I was offline camping and none of my cards showed up anymore - so offline usage is broken now.
2917,"I’ve set a pin so that the full library is not easily accessible by my children by TV remote. Worked fine for years. Today on my phone the PIN keyboard stopped working in an odd way the keyboard for pin entry is on landscape mode and NOT usable while my phone is in portrait mode. Rebooting phone. Uninstalling and reinstalling didn’t fix it. I tried messaging Netflix customer support and was told to talk to apple. I suspect it’s the Netflix update from 2 days ago has a bug. Hope they fix it soon.
10/12/23 Updated to Version 16.3.1 BUG PERSISTS."
2956,"Having visited disneyland paris 5 times in the past we couldn't wait to return, although it had been 15 years since our last visit, we still had many magical memories from previous visits but what a disappointment it was when we got there!The park is now 30 years old and it's clearly showing its age, from broken pavements to 90% of the rides breaking down, etc.  They clearly need to spend money on fixing this park and not spending money on the new frozen park which is certainly not going to improve things.The waiting ques are atrocious, we were waiting about an hour for each ride, we don't remember it ever being this bad, then they want 16 euro to skip the que for peter pan, this is just ridiculous!Almost 90% of the rides we went on broke down, including thr rail road train and crushes coaster, which was the only one who gave us a fast pass as an apology!Some rides have changed and not for the better, such as the cars road trip which is just awful now, it was better before!The shops sell the same old merch as each other, you used to get different stuff in each shop/different parts of the park and the prices are ludicrous £8 for a plastic pen, come on?!There was a lot of meet and greets with characters, which was definitely an improvement from previous visits and the disney app had its advantages, although it wasn't the most accurate and really needs updated, such as the list of places you can use your food pass at and upto date menus.We bought a food pass which was definitely worth the money as the prices were just shocking for what you actually got especially at our previous favourite, Annette's diner which was absolutely disgusting.The park has definitely changed in regards to health and safety, with seatbelts on many rides such as the carousel and other rides but these seatbelts hardly fit adults (I'm only a size 12 and I'm struggled, the staff waste time checking everyone's seatbelt and giving out extensions surely they could put an announcement out and make all seatbelts longer to save time and cut down ques?I lost count of how many times I tripped and witnessed people tripping up over the kerbs and broken pavements, this is definitely an issue that needs addressed and as for cleanliness, there was rubbish everywhere, visitors don't seem to care!The weather was cold and icy when we visted but yet not a bit of grit in sight, which made the paths so slippery.The parades have definitely improved from what I remember from previous visits and was definitely worth seeing and the illuminations were really good, probably the best thing we experienced.The security has been increased with  lots of security checks, such as bag searches, sniffer dogs, police, etc which isn't a bad thing!I could go on but there is many things that need to be addressed at disneyland, as I doubt we wouldn't return anytime soon.The magic definitely isn't there anymore and many things need fixed to bring the magic back."
2981,"Here is the formal complaint that I have just sent through to guest services for which I am still awaiting a response.....It fills me with great sadness that I find myself writing this formal complaint directed at a company that I had come to believe were inclusive and the most welcoming towards children, particularly those with disabilitiesWe had booked what was supposed to be the holiday of a lifetime with 7 members of my family who had travelled from the UK and Canada to spend the holiday period in Orlando Dec 2024. Prior to our departure, I had done as much research as I could with regards to how Disney in Florida could account for my sons additional needs who is medically extremely complex with both physical and cognitive disabilities. I had reached out to various departments of yours to advise that all links associated with your disability access service were not working when browsing from the UK and I was told that I could do nothing in advance to get arrangements in place and simply had to visit guest services on the day of our arrival to make the necessary arrangementsOther than thinking, we may lose a little time through queuing at guest services, I suppose I was ok with this and thought nothing more of it.Upon arrival at the magic kingdom on our first day, we were greeted with a queue of around an hour and once speaking to guest services, I was told they would need to arrange a virtual consultation via zoom to establish the support/accomodations that could be provided for my son. It was at this point that things started to go very wrong. An interview was conducted with myself and both my son that appeared to focus on why my son could not queue for an extended period of time; I went on to explain why this was physically not possible for my son due to his cerebral palsy and why cognitively this would not be possible as my son does not really understand the concept of queuing and would get upset which could lead to anger and aggression.The individual that I was speaking to on the phone quite simply infuriated me. After stating that the DAS would not be appropriate for my son I challenged him and asked him how he could make such a judgement based on a short virtual consultation and asked him how he has was qualified to make a decision about physically disabilities when he himself stated he was a phycologist. DAS was rejected and no other accommodations offered were suitable.I was simply referred back to guest services whom I continued the conversation with in person.After being told that there was no one in guest services that could overturn the decision or discuss the specifics of further, I asked to speak to a manager whom although, very understanding could not also overturn the decision. This lead to a very difficult 30 or so mins where both myself and my wife were getting very upset with how we and particularly my son had been treated which for me left me in tears as I could not believe we were having this issue with Disney. I had to ask my son to wait outside as I could also not bear for him to hear what was being said and he himself was getting upset. The manager at guest services went on to say that the DAS has been recently changed and that many customers were unhappy not only because of the decisions being made but because the decisions were being made by a separate team that no one could speak to in person which is far from ideal from a customer services point of view.In essence you had simply stated that my son was essentially not disabled enough to benefit from the DAS which I have no words to describe and again, I cant begin to explain to you how much this infuriates meWe have had many experiences of this sort in the past. We have visited Disney Land Paris on may occations whom are extremely accomodating where they essentially issue a “fast pass” which allows my son to not queue. I had understood that the DAS scheme would offer a specific time slot for when we could entire a ride and hence we would not need to queue but this was not available. I should go on to note, that we visited Universal Studios the day before whom had offered this type of pass which did help and should also not the airline companies for example allow us to board first so that my son does not need to stand in a queue when boarding a plane. This is also something that is offered in airports were we are guided to a much shorter disabled queue to avoid queuing for a long period of time (in passport control for example) when the main queue is long. In essence, during this trip, Disney has been the only company that has not tried to accommodate the needs of my son in any way at all!I could simply not understand the decision Disney had made and quite frankly it ruined both days that we spent at Disney Parks. We managed very few rides, simply because my son could not stand or sit in his wheelchair for that amount of time. Any healthcare professional with an understanding of cerebral palsy would have understood this and we even brought documentation from Theo’s Healthcare providers in the UK that clearly stated that Theo could not stand in a queue for an extended period of time and that other considerations should be provided because of thisDisney made no effort to accommodate my son…In fact what we noted during our time at Disney is that there were actually very few disabled guests utilising your lightning pass or disabled queues other than elderly individuals that clearly had more physical capacity than my son when we observed them transitioning. I will go as far as to say that Disney simply seemed to be more concerned about selling lightning passes rather than accommodating the needs of disabled guests.With the process that Disney currently employs you are simply introducing more discrimination and further lack of equality amongst disabled guests…decisions which appear to be made by individuals that are not qualified to make such decisionsThe above is my formal complain and I expect you to take this very seriously as I am prepared to make a lot of “noise” about this particularly with the disabled community through social mediaThere is much you can do to improve your existing DAS process if you chose to listen and action the feedback that you are receiving from your guestsThe original manager that I spoke to at guest services offered to refund the money that we had paid for the 2 day passes for all 7 guests. The very least I expect from you is to honour this gesture but I expect far more as far as an appropriate response to this email as well as stating how you will address the issues that we faced as well as offering an element of compensation if you ever expect us to return as guests and to not escalate this even further through social mediaPlease take the above seriously and provide a timeline response that does not include any generic response!"
2987,"We had coffee and pastries here in the morning and went back for ice cream in the afternoon. The coffee was second best to Sant'Eustachio, but the pastries were very good. The service was friendly and helpful, and english was spoken without a glitch. The...More"
2988,C’est franchement énervant de jouer un niveau et à la fin quand on gagne l’application Reboot toute seule. A chaque fois à la fin d’un level quand les bonbons sont éclatés pour finaliser le points. J’avoue c’est lourd et je suis trop énervé pour donner une bonne note je suis sur la dernière version de l’os ios et j’ai un iPhone 12 !!!! Je n’ai jamais de bug de ce genre quand j’avais un Samsung s20.
3067,"There is a bug on Netflix app on the Roku TV, TCL can you please put a software update for Netflix app and always put a software update for the Netflix app on the Roku TV. Every time you put a software update on iPhone that use the Roku TV when I watch Netflix and this is the only place that can report it because there’s no option to report it on the Roku TV every time you put a software update for. The iPhone you always put a software update for Netflix for the Roku TV. TCL. Sometimes when I’m on Netflix, sometimes it kicks me on the app and go to home screen there is a bug on the Netflix app needs to be fixed. On the Roku TV. Please fix it so that the Netflix app will always function properly and work properly on the Roku TV 100%."
3120,"We love the detail from Disneyland Hongkong , A good trips for travel in Hongkong , too much the poetic architecture reminds me of my own childhood. The most special was the Frozen tour, the princess Elsa model was really impressive, an experience that surprised me, I imagined I was in that world. Highly recommend when we visit hongkong"
3132,"There really is very little I can add to an already PERFECT movie: perfect acting, perfect story, perfect effects, perfect music, etc. Many movies done TODAY wish they could be a FIFTH as good as this one. ""Back To The Future"" still stands pretty damn good against current fare. That's a testament of how GOOD a movie this is. If Hollywood ever DARES to do a remake, they will know in advance they're heading for a total failure.Nuff said!!!"
3196,"This course is excellent and a great introduction to web development but beware of the fact that there are some modules and exercises that work poorly and would definitely need some updates. There are exercises with answers already written in them, and course material can be quite broken here and there so you cannot always be sure if you're just too dumb or the exercise broken so you waste hours of your life only to discover later that you did nothing wrong but that there's something wrong with the API or there's one line of code that's broken and you need to repair the prewritten code for the exercise to work properly."
3199,"This app is amazing and actually deserves five stars… I’d give it seven stars at the App Store would let me. 

I just finished my free trial and tried to sign up. I followed all instructions that including the app generating an email that launched the app which kept having a system error every time I would try to continue. I the went to the website and tried to sign up and discovered there’s no way to do it. 

Using their chat bots for support to try to find a way to sign up lead to the chat bot crashing with several errors repeatedly. 

There is no way to sign up for a full plan, even sadder everything that I had input into the application is now unavailable because the trial is over. There’s no number for customer support and no way to actually complete the transaction. 

A very sad and frustrating end to an absolutely amazing experience. Please fix this ASAP so nobody else has to go through this."
3213,We went to go on the guardians of the galaxy ride. We waited in multiple virtual queues refreshing constantly and still weren’t able. They said we couldn’t ride even after we were unable to queue. This was the reason we bought tickets to Disney not universal for my girlfriend’s birthday. Virtual queue ruined the park experience and is a bad practice that only puts out people who are late. I was told virtual queues fill in 10 or less seconds making it impossible for almost anyone to get it. We weee waiting and refreshing the page for 10 minutes and still got nothing. It’s a broken system. If you’re gonna charge hundreds for a ticket and absurd amounts for food we should at least be able to ride one of the 4 rides in Epcot. Absolutely unacceptable.
3230,"WARNING: EXCESSIVE FANBOY REVIEWBrilliance comes in many shapes and forms. This is Quentin Tarantino's Pulp Fiction, widely and rightfully hailed as a masterpiece by several people, and I happen to be amongst them. Whoever they are, they have good taste.It's tough to say what is so great about this, because there's practically a grocery list of things to choose from. Its idiosyncrasies are bold and pronounced, yet weaved perfectly into a story that is both funny and charming, never becoming stale and never missing a beat. The repertoire of actors on display here is certainly of a high pedigree (Uma Thurman, Samuel L. Jackson, John Travolta, Bruce Willis, etc.), and the way the stories are mixed and matched and jumbled up into the movie's steely exterior is done so masterfully that you don't even notice, blowing Crash and Memento (two films which I also lauded heavily, by the way) out of the water. Everything is perfectly in sync with the other stories and the way they come together is done so well that it gives me fits.I'd have to write a much longer review to detail every reason why this is so good, but that's unnecessary, and I'll keep it short: Pulp Fiction is a masterpiece, and as the credits roll, either your perception of films (and sometimes life in general) will have changed, or you will be lost forever. Absolutely essential."
3248,"I was only able to visit for around 4 hours however I adored this park!I have been to Florida, California and Paris, and can confidently say Hong kong is  a must visit! There are so many unique rides here. Mystic manor is hong kongs version of haunted mansion and it is the best version I have ridden! Same goes for grizzly peak (big thunder mountain. So many of the rides here have unique elements with beautiful design. The park itself is so vibrant and well designed. Frozen land is a work of art and currently a unique experience to hong kong. The park also wasn't too overcrowded. I arrived at 5pm and left at 8:30 and was able to ride 6 rides, four of which were hong kong exclusive. In this time I also did some souvenir shopping and had some snacks. Wait times were very reasonable!This is also a park which has duffy and friends who I adore. They have some of the cutest merch I have seen! I can't recommend this park enough, it is small but there is plenty to fill your time with!"
3286,"I never imagined leaving Disney World feeling so disappointed and let down. My husband was injured while riding the Aerosmith Rock ‘n’ Roller Coaster at Hollywood Studios due to what I believe is a lack of proper safety measures. At 6’9”, he did not fit properly in the ride’s seat, but no upper height limit was posted, and the cast member failed to ensure his restraints were properly aligned. This led to him being thrown around during the ride, which, combined with mild sunburn blisters on his shoulders, caused the skin to rip off entirely.While the sunburn contributed, the injury was a direct result of the poor fit of the restraints and Disney’s failure to ensure guest safety. This could have been prevented with an upper height limit or more thorough checks by staff.The incident was traumatic for both of us. Disney’s First Aid team insisted my husband be taken out of the park in an ambulance, which he was. However, we decided not to admit him to the hospital due to concerns about medical costs. Since then, he has been in constant pain, which has severely impacted our ability to enjoy the parks.What has left us even more upset is Disney’s response—or lack thereof. Despite reaching out and explaining the situation in detail, they refused to acknowledge the safety issues or offer any compensation for our ruined holiday. They directed us to a U.S. claims number, which is incredibly difficult to access as we live in the UK. Their only response was to reiterate their no-refund policy, showing no compassion or care for the injury caused by their ride.We spent a significant amount on this trip—park tickets, flights, and accommodations—and to have it overshadowed by an injury caused by negligence, only to be brushed aside, is unacceptable. Disney markets itself as a company that values guest experience, but this situation has proven otherwise.I am deeply disappointed, not just in the handling of the injury but in Disney’s failure to address the safety concerns that led to it. Guests—especially taller ones—should be warned about the potential risks. I sincerely hope Disney takes these issues seriously and improves its approach to guest safety and accountability."
3289,"I was here with my daughter and 3 young grandchildren. We got here at 7:45am and stayed until 8pm. During that 12 hour span, we literally got on 9 rides. The regular lines move extremely slow due to the lightening lines. Those lines take preference and are continuous. There is an extremely inequitable sharing of the line. Many times I thought the ride had broken down because we literally weren’t moving. A lot of money and energy spent on a so so day. Disappointing for sure."
3340,"Looks just as pictured! No issues during the shipping process and arrived pretty quickly considering the origination point. Putting it together wasn't too difficult at all. All the pieces were accounted for and perfectly packaged, even came with instructions that included illustrations to follow. Also, there were 4 spare wood pieces just in case any were broken while attempting the assembly. Pleased customer!"
3349,"We came to Disney with our 4 year old daughter as we’ve been to Paris with her and she’s a typical Disney fan. Firstly we went on a Friday which we thought may be less busy but it was very crowded from the beginning. The one train is crammed with people and then it’s a push and shove to get out. There were several times in the day when I’m sure there would be a crushing accident with the amount of people all trying to get through. Lots of Q jumpers but the staff are looking for it and appear to be fair to others. The day we went it was 31 degrees and it is hard when you are queuing in the mid day sun with no shade or fans etc. we ended up having to shade ourselves for a few hours just so we weren’t in the midday sun for too long. I know it’s to be expected but the ride queues were all over 45 mins which makes it difficult when it’s so hot and you have to entertain young children. However the variety of rides were good and I think it’s perfect for young children as they can go on pretty much everything if they are over 102cm and enjoy the rides. Only one huge rollercoaster and ride that requires 120cm. Not many meet and greets which is a shame. All the staff were friendly and spoke English which was helpful. Food is very expensive in the park, much more than other Disney parks and it took an hour for 2 coffees to arrive in Starbucks which was frustrating. The crowds and the huge amount of people was frustrated. People really don’t care about space or order which when it’s hot is frustrating. Overall it was a lovely day, the frozen world is brilliant and all the rides we went on were good for young children. I do believe there needs to be more contingencies for the hotter weather. Considering Disney world in Florida seem to do much better, I think this is something that can be invested in."
3418,"Walt Disney World and Bob Iger need to rethink how they charge and treat families.  We had a really bad experience at Magic Kingdom today and guest relations lied to us about our choices with the lightning lane issues we were having.  No only are we charged a lot of money for tickets but we have to pay for lightning lanes too, even though they don’t make any difference to wait times.  What happened to giving us the freedom of the old fastpass with our ticket purchase?  It worked better and cost nothing extra.We have also found in the years that we have been DVC members that the benefits have diminished to very little, we no longer get free parking at the parks or extra magic hours, instead having to be a guest at a premium resort hotel (which we failed to get any hotel for the duration of our trip, so couldn’t use our DVC points either)!!We won’t be coming back and we have decided to sell our DVC contract as the magic is gone and we are bitterly disappointed with the lack of empathy and help from guest services.Wake up Disney - you’re losing families because you are getting greedy."
3426,"It was our goal to take our 6 year old daughter and she loved every bit. We visited on the 3rd of Jan 2025 so it was extremely busy hence 1 day was not enough as we didn't get to see everything because the lines were long. For some rides we waited 60 minutes.The Stark 4d ride was the best we have been on. Also the frozen castle and ride....wowMost of all , we loved how easy it was to take the train there.We bought our tickets on Klook and it came with a lunch meal and snacks."
3485,"The attractions are constantly breaking down and people are cutting the lines pretending to look for relatives. To charge $224/person/day when the rides are nonstop broken, and the wait times are super long (encouraging the line cutting), is low brow. In addition to the 4 rides that are currently closed for refurbishment, ~13 rides closed temporarily on March 17 (some multiple times). This makes planning out your day impossible as you end up running all over the park and barely get on any rides even with Genie+. Further, all the malfunctions make the Genie+ (Lightening Lane) upgrade not worth getting since everyone gets a “multi-ride pass” when a ride breaks down.It also makes me worry how safe these rides are. Disney stock hasn’t performed well until recently, and I wonder if they are trying to extend their current parts for as long as possible vs replacing parts before issues arise. The rides didn’t breakdown this much pre-COVID (I was a passholder).The employees are either super dismissive about the constant ride failures or just desensitized by how often this happens. If you complain/mention anything, they pawn you off on guest services. After the 6th ride failure of the day, I went up to guest services by Matterhorn, the guy looked super bored and stared past my shoulder, then said ok and dismissed me. The departments also alert one another if a guest has a complaint and likely badmouth the guest. When I entered City Hall guest services they were definitely combative. As an adult with fairly thick skin, I am embarrassed that I gave those people the satisfaction of seeing me cry. I was genuinely not expecting them to bully me, humiliate me, gaslight me, and call me a liar (they track when the rides get temporarily shutdown…so how/why would I lie about that).It took a lot for me to say something to guest services about all the issues at the park (I also had my hair pulled, hoodie pulled, had my seat kicked and had a little girl scream directly into my ears on the Small World ride where a Disney employee saw everything but said nothing…further some teens kept screaming and shoving me while waiting in the RoR line). When the City Hall guest services noticed that my face was red from embarrassment at having to complain, they condescending smiled at me, started talking loudly about their terms and conditions, and refused to refund the useless Genie+. I don’t understand people who enjoy being mean to others. What did I do to deserve that?Also, be careful if you buy anything at Disney. I bought one of the “sturdier” $60 backpacks and the clasp that adjusted the straps was broken; I only had the bag for a few hours. Guest services refused to let me return it. I had to jump through hoops and show them that the strap adjuster wouldn’t clasp. I felt like I was being taken advantage of; they were basically gaslighting me about all of their ride and product quality issues.As a now former Disney Adult, I see why none of my SoCal friends wanted to go to Disney even after I offered to pay. This is not a magical place, it is a money place for Disney to charge you $224 while they conserve power with ride failures and/or spend time extending their life on your dime.The most tone deaf aspect about all of this has to be Disney sending me a “very important” survey about how to get me to spend more money on food in the park. First, why don’t you fix the rides, long queues, line cutting, inappropriate cast members and say something about children/teens not touching people, so that folks want to be in the park in the first place."
3490,"Several parts to this review. Received item decently fast. Upon arrival 7-10 of the pieces were broken. Contacted seller, they immediately shipped more pieces out. Received the pieces this time with nothing damaged in shipping. Unfortunately the wrong color was shipped. Not the end of the world, contacted seller again. They apologized and sent replacement pieces as well as another product of my choosing.

EXCELLENT customer service and product. Thank you for the great light fixture!"
3501,"This is a hard review for me. I love the magic at WDW and have enjoyed the past 3 visits so much that I had high hopes for the 4th.Unfortunately, Disney is no longer accessible for those with disabilities unless you stay on site and pay an exorbitant amount (upwards of $500) for the premier LL. The premier LL utilizes the same line and system that DAS previously used. We were aware of this prior and were so disappointed but decided to give Disney a chance anyway and splurge on Multi Pass LL and Single Ride LL so that we could ride at least a couple of the rides we had been waiting to try. Despite booking right at 7AM 3 days in advance, we got absolutely no return times for the two rides my kids had wanted (Slinky Dog and ROR). A cast member told me to continuously check back but nothing ever opened. So we paid an extra, nearly $80, to never get to ride anything we came for, on top of an already $600 admission for my family of 4. Our first Disney day, we did get on Frozen mid-afternoon with multi-pass but Remys never opened up. LL “sells out” so don’t plan on riding anything unless you get the return time prior to going to the parks. The chances of the LL opening are almost 0. We even purchased standby skipper to help, which was a massive waste of money.Depending on your disability there are now absolutely no accommodations for you. We were made to believe that they added accommodations for people in the standby queue but that is not the case.This trip was our last, the magic has dried up. Money hungry awfulness has taken over. I’m sick to my stomach even writing this review.Please don’t bring anyone with a disability or disease here that cannot wait in standby queues. The only exception being, if you plan to purchase premier LL for $500 (only available to those staying at top tier WDW resorts so go your research in advance).I genuinely wish we never came this visit so we would’ve had our last Disney experience be a positive one, but I suppose we had to learn the hard way and I hope this can at least be a cautionary tale for others. We wasted hundreds of dollars to have to watch our kids faces sink when we couldn’t wait in the standby line. Don’t do it. Make your own magic at home."
3638,Impossible de jouer une partie complètement...le jeu bug à chaque fois et me ramène à l'écran d'accueil de mon iPad...c'est énervant d'autant que cela dur depuis un bon moment. Je vous remercie à l'avance de faire quelque chose pour en finir avec ce désagrément.
3653,"Unfortunately the latest update renders a very unfriendly glitch that causes the selected movie or series to immediately stream without ever having pressed the play button. Especially problematic when trying to read the synopsis or scroll down to view see the trailer. Contacted Netflix and was informed that the glitch is intentional on all smart tv’s as part of the experience. Brilliant! Congratulations Netflix, you’ve devolved into a mediocre app offering a crappy viewing experience for watching content that is becoming increasingly less than satisfactory. Way to attract and retain viewership!"
3701,"Have been to Disney a number of times over the years here and in the states I can safely say none of the parks are as good as what they were 10 years ago  .  Yes you do stumble across that disney feeling and sparkle but more and more like the last visits to Orlando and here . There's more rides broken down more people In the park , less sparkle higher and higher costs. Is it worth it anymore ? Probably not.  Value for money there are so many better options now . Would we go again . Maybe but not for a long long time"
3702,"That's because they are mirror versions of the same movie, showing how ""the time-warp continuum"" effect changes everything, both in the past and the future. (An unproven time travel theory ""made fun of"" in several movies, including ""Milllenium"". Also de-bunked in the 2 new ""Star Trek"" movies as old Spock meets young Spock face-to-face.) A genius of an idea born out of necessity, as ""George McFly's"" actor failed to ""sign-up"" for Part II! The DeLorean auto was a great choice as a time machine. Michael J. Fox, Christopher Lloyd, and Lea Thompson carry the entire series. Mary Steenburgen in Part III is wonderful. ""Einstein-the Dog"" deserves a canine ""Oscar"" award! Basically a ""fish-out-of water"" classic, if follows the mis-adventures of two bumbling ""nerds"" as they stumble through time, in three different movies, from 1885 to 2015 with a constantly malfunctioning time machine, leaving behind messy continuity errors that need to be cleaned up to avoid disastrous events in time. Clever use of special effects (all optical) abound throughout. Much use of split screen as in ""Parent Trap"". Michael appears as his own ""daughter"" in drag (part II) and looks wonderful (though more than a bit creepy!) A few almost-innocent racist comments and situations, including two lines edited out (on the DVD version) involving the timeliness of the words ""colored and black"" in 1955. Easily Fox and Lloyd's best movie roles ""of-all-time"". ""The Power of Love"" is still a great song!"
3744,"This is, in my opinion, the most over-rated film of all time. Sure, there is some snappy dialogue here and there, and Tarantino has a good ear for music, but none of this warrants the gushing praise heaped upon this movie, nor the godlike status bestowed upon Tarantino himself.It's over-stylised, over-loud, over-acted, (sorry Samuel, Tim, John, Uma & Bruce) and the non-linear narrative so favoured by the director simply doesn't work.But it's fashionable, so it's popular.By the way, this is one of the few films where I've actually seen people get up and walk out of the cinema before the end, so I guess I'm not the only one who didn't like it."
3766,"A couple of tips:1. Plan to visit on xmas day. I know, this tip is a little too late (this year). But a couple of people told us last year that xmas day was the best day to visit because it's not a mainland China holiday and for a lot of other families they'll be opening presents at home. We waited a whole year to come on xmas day. It's true, the crowds were definitely less!2. Get the Early Entry Pass, which lets you into the park an hour before the general public admission. The Early Entry Pass (HK$199) is such a great deal compared to the '8 Attraction Premier Pass' (HK$529).3. Get there early for 'rope drop'. If you don't know what 'rope drop' means, google it! The park opens at 10am. Your early pass lets you in at 9am. Get there for 8:30-8:40am-ish, get through the first bag check area, there will already be a queue forming at the entry gate.4. 9am, the park opens, run or walk briskly to get to Frozen land! Some say it is the only part of the park open from 9-10AM. I am not sure whether this is true, though I do know many rides only open at 10am elsewhere in the park. And going to Frozen land is why you probably got the early entry pass anyway! We got there at 9:10AM, right away did the Frozen Ever After boat ride, then the Wandering Oaken's Sliding Sleights, then the Frozen Ever After boat ride again, all before 9:40am.5. Then start moving onto your next popular ride in another area of the park. Check the time for the ride open, a lot of them open at 10AM. We got to Tomorrowland at 10AM and did Ant Man & the Wasp and the Ironman experience before 10:20AM.6. After this, you'll probably be able to do a couple more rides in other places you want in the park, all without line-ups, because everyone else who has just got to the park is probably headed to Frozen land or Tomorrowland. Basically you'll always be one step ahead of everyone else!7. Some say night times at Disneyland are the best. We were exhausted by 2pm! Consider staying at one of the Disneyland hotels, or one of the nearby Tung Chung hotels, where you can have a nap/shower in the early afternoon, and head back to Disneyland in the early evening. Once again you'll probably find less crowds, less lines, and you'll get to enjoy the fireworks! 8. So you probably didn't even need the Premier Access pass! Well, if you're rich it's nice to have some optionality, like if you wanted to go to Mystic Manor at some point during the day. You'll also find there are some kiddie rides that aren't covered by the 8 Attraction Pass, I suppose you could pay for these individual cut-the-queue passes on demand during the day (there will be a sign or separate queue for these).9. 'Playhouse in the Woods' ($129) was cheap but totally not worth it. It's a big group and you don't really get to interact with the princesses.Have fun!!"
3783,"I use google for logging in and the login window tells me that I have legged in successfully and lets me press a button for get back to the app, when in the app it tries to start but then gives me the error “You are already logged in” and doesn’t let me in, I’m stuck at the sign up/log in screen

How can be logged in be considered an error?"
3867,"This is a great movie. It has amazing acting and a great script. My only issue is that it never explains how Doc and Marty met. They aren't part of the same family like in Rick and Morty and they aren't close neighbors. Doc isn't a teacher at Marty's school and he's not a tutor for Marty. How does an average high schooler know a random insane scientist? I think they should've started the film with a flashback explaining it, but it's not that big of an issue. The amazing plot, acting, characters, script, and camerawork make that an easily excusable error. This is an amazing movie."
3874,"Choosing the early entry pass was a game-changer for us! We managed to experience all the rides in the park within just half a day—no fast pass needed! We even caught every show on our list. A little tip: head to the Frozen section first; it really helps you save time for everything else, allowing you to plan your day around the shows. It was such an epic experience!"
3913,"The front end is explained well, Backend is a total mess with lots of errors in lesson codes. No proper updates to videos. It should not be marketed as a full stack if it is not updated with error-free codes. Remember folks you get what you pay but it is a complete waste of time going through the MongoDB chapter. Everything just falling apart."
3929,"I arrived at Disney and make my way to guest services to speak to them about my disability as I have autism. I had been in touch with someone before I went to explain that I struggle in crowds of people, don’t like being touched my strangers and can become over stimulated in long and noisy lines. I was told that Disney are extremely supportive of people with disabilities and to make my way to guest services on the first day of the holiday and they could give me accommodations to help. That’s what I did. The experience was horrendous. I was told I had to video call with a third party agency who would decide if I was disabled enough to be given a DAS pass. I spoke to this person over the video call in the middle of guest services. The headphones were not working so I was having to shout into the tablet with guests around me listening to my medical history and talking about a disability I am extremely sensitive about- this in itself was very belittling and stressful. At the end of the video call they said I didn’t quality for a DAS pass as they only give it to people with autism. WHAT!!! That’s exactly what I’m telling them I have. I offered to show my diagnosis but they were not interested. They told me I did quality for some accommodations and I could have my family queue and then join them when they are at the front or if things became too much to just leave the line. I said this would not be possible and that my family should not be split up to accommodate my disability. This is indirect discrimination. I also couldn’t leave the lines as it would mean walking through crowds of people which is actually the problem. They were not interested. I tried a second time on another video call with a different agent. Went through the whole embarrassing process again of shouting out my issues down a video call with everyone listening in and was then told I now had to speak to a healthcare professional. I did this and talked about all the accommodations I have at home to help me. Got to the end and the healthcare professional decided I was not autistic enough to qualify for a DAS pass. At this point I became very upset and thought well I may as well just go home as I won’t join queues for rides as my anxiety will be too bad. My holiday was saved thanks to two very lovely members of staff called Marcie and Brittany in animal kingdom guest services. They really sympathised with me and went above and beyond to help ensure my experience was not ruined. They could not override the decision that had been made by this third party but they did put a number of things in place to ensure the challenges I have were accommodated, meaning I could enjoy the rest of my time at Disney. I am so grateful to these two staff members. In relation to the DAS programme- this is a joke! It would appear that no one is ever granted a DAS pass and the decision whether you get one or not comes down to a 30 second conversation you have with a person who is not medically trained and has no understanding or neurodiversity. I understand some people take the Mickey (excuse the pun) but it should be as simple as a guest providing proof they have a disability and then a DAS pass is granted. The way I was made to feel, the 2 hours of stress I went through means that I am not unlikely to ever return to Disney again! Sort it out Disney- this is not very inclusive and what you are doing is actually indirect discrimination. I wasn’t granted a DAS pass as I didn’t present as autistic enough! WHAT! This is unacceptable and I will be taking this further!"
3978,"Pulp Fiction is one of those movies you feel uncomfortable to talk about in negative terms since mainstream loves it. The real killer of this movie are the dialogs supposedly so cool but instead being silly and irritating, from the very first scene when endless minutes are waisted talking about a frivolous argument. The violence in this film, rather strong, is very often disturbing but never fun or entertaining. Tarantino takes himself a little too seriously making the movie lose most of its ironical aspect. Unless you are a fan that goes wild for the overweight Travolta, you will find his so-called cult scenes dull and of no interest. All the characters in this movie are exaggerated, and that wouldn't be a bad thing, but they also are not fun. There are some good action scenes, very few, which anyhow will not save from failure a movie that lasts 2hrs 40min!"
4073,"The idea is great, but it's unfortunate that this app does not work on the iPad. I think it's ridiculous that you're expected to only use this on an iPhone and not an iPad. The idea seems great but it's not. The website automatically sends you to the app and the app doesn't work. So as long as you're on the iPad, you can't use a sauna at all, which is absolutely crazy."
4139,"Most movies, like most novels and musical compositions, have a beginning, a middle, and an end. But a gifted, creative director/writer such as Quentin Tarantino can convolute time and come out with a new kind of animal. And look what James Joyce and the stream of consciousness writers such as William Faulkner did with time in their works. Another great movie ""Momentum"" did it all backwards, starting at the end and ending at the beginning and it worked like magic. When I first rented ""Pulp Fiction"" when it was first released on VHS I watched it late at night and fell asleep right after the Jack Rabbit Slim sequence. When I awoke the story was back on the hit scene with Vincent and Jules still talking about quarter pounders and Big Macs. I thought the tape had rewound itself and so turned off the player. I didn't finish the movie until a few months later. Then I realized Tarantino was merely playing with time. In lesser hands ""Pulp Fiction"" would be too episodic, but Tarantino makes it all work. In the end we have a happy closing knowing that tragedy lies ahead because we have already seen that part in the middle.Vincent and Jules have to be the most garrulous hit men ever to appear in the cinema. They are debating the difference between oral sex and giving a lady a foot massage on their way to a kill. Jules, the spiritually misguided soul, continues to rattle on until eventually told to shut up when they arrive at the cleaners. With Tarantino at the controls all this seems to fit in when the final play is made. This element could have easily degenerated into prattle.Although there are many other levels of interpretation, I see this film as mainly a farce filled with dark humor and pathos, not just a farce on gangster movies in general but on our brave new world, centered on urban decay, corruption, exploitation, and perversion, filled with raw sex, drugs, and violence. The relationship between Butch and his woman points to another direction of love, compassion, and fulfillment. Note also that Butch goes back to help the man who was out to kill him because his morals wouldn't let him leave Marsellus to the rapists just as they wouldn't let him throw a fight. The watch is symbolic of eternal values that rise above the glitter and garishness of the ephemeral. Going back for the watch could have cost Butch his life but it and the values it represents were more important to him. In the end these values win out. Even Vincent has moments of compassion and tenderness, especially when with Mia. Jules almost goes full circle, but the viewer is left with a feeling that he is not totally sincere in his awakening following his brief encounter with death. Butch and his woman seem to be the only two who are able to get completely free from sin city.Each decade has movies that define the era. Think of ""Rebel Without A Cause"" for the 1950's or ""Casablanca"" for the 1940's. For me ""Pulp Fiction"" defines the 90's. All the things that were wrong for America are touched on by Tarantino, yet he provides the means of escape to what America should be. The world of the 90's was almost like a cheap book, or a book of pulp fiction as such a work was called once upon a time, showing the underbelly of urban life but with a way out. There is an exit. Sartre's ""No Exit"" doesn't work here. Redemption is possible, hopefully a more lasting redemption than the one Jules claims to have discovered. All he really has is a suitcase with contents that glitter when opened. Butch has the watch with eternal values.Tarantino wisely uses surf music from the 60's to highlight the gritty life of beach bums, now street bums, who think of themselves as warlords and urban supermen...but, hey, it's all pulp fiction in the end."
4168,"Disneyland Hong Kong might be smaller than its American counterpart but nevertheless it offers a fun day out on a visit to Hong Kong. Easily accessible by metro (change at Sunny Bay for the Disneyland Line, a dedicated Disney-themed train stopping a short distance from the entrance to the park), we had the bonus going at this time of the year to enjoy the Halloween theme throughout the park and the parade. Plenty of souvenir shops along the main street and good choices of places for eating (although as expected a bit pricey). A lot of visitors like to dress up cosplay style and it added to the festive and pleasant atmosphere of the park. Lots of rides for all ages but one particular area that stood out for us was Frozen World with rides and the attention to details on the buildings in the village really good. Plenty of Disney characters to meet and not to be missed are the parade and of course the spectacular show against the castle background at closing time. Overall I would recommended to everyone to escape the hustle and bustle of Hong Kong for a day."
4172,"I just asked my friend that I'm speaking with through instant messenger if he had ever seen ""Back to the Future"" and he said ""Yeah, who hasn't?"", sadly, I never had the opportunity until tonite and he called me a failure as a movie buff, well, at least I've seen the movies now! Ha ha! I'm back on track! Well, obviously, this is my first review for the first Back to the Future and when I came her to IMDb, I knew this was a well loved movie, I was just amazed at it being on the top 250, but I can't give it a lower rating because Back to the Future was an excellent film that was ground breaking for it's time and still today.Marty McFly and his good friend, The Doc, are two science nuts. Marty isn't really happy with his home life and the fact that he and his parents are very square and strict, The Doc calls Marty and shows him his latest invention, his De Lauren that he built into a time machine. When the government go after The Doc and Marty has to get away, he jumps in the car and goes back to the year of 1955, when his parents met. Instead of the way his mom and dad met happening to his dad, he ends up being in the position and mom ends up falling for her son, not even knowing! But he has to make sure his parents are together in time so he can get back without altering the future.Back to the Future to this day is still a timeless treasure that I notice more and more is becoming part of a newer generation. Michael J. Fox should be proud, his work will be remembered for a long time. Back to the Future worked so well because of the great story and the humor was great, the whole cast worked together and made a terrific movie that will be looked back on thirty years from now and still be considered cool.10/10"
4193,"Pulp Fiction has essentially defined the indie movie. I first saw it on TV some time last year and have since put it on both my favourite movies list and least favourite movies list.Odd, that. Even though everybody seems to like the movie, to me there isn't that much to like about it.The dialogue is supposedly just ordinary chit-chat that people may have on a daily basis, but it's like that in that for the most part the dialogue is actually a sort of boring idle chat while you wait for the interesting bits. The parts of dialogue I think of in particular involve the whole chat between Vincent and Jules between the end of the opening credits and reaching the dudes' apartment (you know, about foot massages and the boss's wife etc). The same goes for much of the conversation during the Vincent-Mia ""date"", the conversation between Butch and his girlfriend, etc. Royale with cheese is interesting the first time but after about the 5th time I lost interest.Also there's the characters - Jules is supposedly one of the coolest characters in modern cinema but what's to like? He's just a black guy in a black suit who quotes the Bible and uses ""the m/f-word"" a lot. Even his redemption doesn't quite interest me so much. Likewise, the vast majority of the characters are unlikeable on some level - Vincent is a drug user who makes several bad mistakes over the course of the film (you know what I mean), Mia is a lower-class coke addict with a sugar daddy and a failed TV pilot to her name and there's nothing likable at all about Butch. The only character I really liked was the Wolf, because he just had that smooth confidence and sharp mind that seems to come alive when Harvey Keitel plays a character.As for the story  out of all three stories (the ""date"", the ""gold watch"" and the ""Bonnie situation""), my favourite had to be ""the Bonnie situation"" because it just worked. From the unexpected ""trigger"" of events, this is quite interesting because it focuses on Jules for the most part as he undergoes his ""moment of clarity"", plus watching the two cleaning up is a laugh and a half. The other stories have their interesting moments (""bring out the Gimp"") but are nowhere near as interesting because the idea is that the characters speak more often than any action happens. Oh well, such is life.The action itself is actually clichés, but done in such a way that they seem original. The examples include the assassination sequence, the car crash, etc. The one piece of action that seemed incredibly original was the entire hillbilly sex dungeon scene  probably one of the best scenes in the movie, if somewhat disturbing.In short, this is a good movie though. It's good for those of you who like ""talkies"" punctuated with action i.e. most people, but I seriously can't understand why this ends up on both my favourite movies list and least favourite movies list. Maybe it's because this movie is, among other things, bi-polar.I give it 7/10"
4233,"As you probably could've guessed from my username, Robert Zemeckis' Back to the Future is one of those very special and rare movies that I would defend vehemently. One of the most inventive, adrenaline-pumping, amusing and eye-popping movies of all time, and one that's completely devoid of pretension, pomposity and self-consciousness, Back to the Future is a film that never fails to leave me feeling like I'm on Cloud Nine. Here's why.The year is 1985. Rebellious Marty McFly (Michael J. Fox, a last-minute replacement for Eric Stoltz, who failed to exude the laidback charm Zemeckis wanted the character to have) lives in the quaint (and fictional) Californian town of Hill Valley, where he has a beautiful and supportive girlfriend named Jennifer (played by Claudia Wells). Marty despairs of his alcoholic mother Lorraine and pushover father George (Lea Thompson and Crispin Glover) and thus spends most of his time hanging out with Dr. Emmett Brown (Christopher Lloyd), a goofball scientist who, as it turns out, has just invented a DeLorean time machine (the time machine originally was intended to be a refrigerator, but Zemeckis changed it to a car because he worried that after seeing Marty walk through a refrigerator kids would follow suit). During a test run, however, Marty is accidentally sent back to 1955. Now, whilst trying to get back to the future, he encounters run-ins with his father's lifelong bully Biff Tannen (Thomas F. Wilson) and must somehow make sure his parents-to-be meet and fall in love – which is not as easy it sounds when Lorraine falls head over heels in love with him.There is no department that makes a false move on this film. Firstly, the cast dynamic is flawless: Fox's Everyman affability has never been put to better use, Lloyd enjoys what is unquestionably the defining role of his career as the nutty scientist, Thompson and Glover revel in playing Marty's parents as teenagers and adults in middle-age, and Wilson brings menace and later even a little accurate lowliness to his role as the pathetic bully who finally gets his comeuppance. Technically, Back to the Future has aged like wine as well: the art direction is effective in its subtlety and accuracy to '50s culture, the editing is swift, but not to an extent that you can't make out everything that's happening on-screen, and although there aren't as many of them as you'd think given the type of film this is, the special effects are still superb by today's standards. Alan Silvestri's jazzy, electronic score is yet another element that raises the excitement enormously.But at the end of the day, this really is Bob Zemeckis' show. Firstly he and Bob Gale co-wrote an ingenious screenplay so bursting with invention and peppered with sparkling humour (see the 1955 dinner scene, most notably) and heart that the years have done nothing to lessen the sense of wonder it brings. Secondly, his direction of Back to the Future is perfectly executed, especially for a blockbuster (and even I must admit to having a love/hate relationship with blockbusters sometimes): Zemeckis' directorial effort here is energetic, slick, cunning and fast-paced in the action scenes and cleverly subtle in the slower moments, his passion for the story apparent in every frame. Michael Bay and Roland Emmerich, leave the blockbusters to the true masters and stop embarrassing yourselves.Robert Zemeckis' Back to the Future, one of the highest-grossing films of the '80s and a film that continues to have a huge impact on popular culture and film-making to this day, is a spectacular blockbuster that flawlessly combines dazzling and incredibly exciting action sequences with a sweet thematic centre that never ventures into cheesy territory, all the while being laced with wickedly funny humour. It's a film that, like very few of its contemporaries, has managed to avoid developing a negative reputation due to its large-scale success and continues to enchant new legions of young movie fans as well as remaining an all-time favourite of many older movie fans, and it will continue to do that for many years to come."
4288,"I have been going to Disney Parks off and on since childhood and taking my kids since they were little.  We don’t live anywhere near Disneyland so this was a three day drive to get out to California.  We had only been to the West Coast park one time as a family in August of 2017 and we had an amazing time.  Since then, we have been to Disney World twice with each trip getting less enjoyable (and us spending less time at Disney/more time at Universal).  This was probably our last trip to a Disney Park.  Sorry for long intro but you need to know we are, in fact, fans.  This trip was the most expensive but the least enjoyable ever.  First the crowds - why have a reservation system?  (clearly they have some control)Lines for bathrooms (not just some bathrooms)Rides breaking all over Genie + was pretty useless because of broken rides and crowds (passes gone by noon or only a couple rides/late times left) Spend time walking to a ride, waiting in a line (yes a lightening lane LINE only for the ride to break before we could board), they give you a recovery any ride pass, trek to another ride and the same process happens all over again.  It’s like they are doing no ride maintenance.The decision to do multiple closures and/or refurbs at the same time when they know the park is at capacity ( reservation system)What happened to all the photo pass photographers?  The sound on some rides is turned way up for no apparent reason (Mickeys Runaway Railway).  I am HOH and it was loud.  I can’t imagine what people with noise sensitivity feel like on that ride.Their guide for neurodiversity lists places to take a break that are literally closed BY THEM for refurbishmentI will write a separate review of World of Color dessert party, but that is a complete rip off even by Disney Dessert party standards (and if you’ve been to one you one what I mean).  We knew we were mostly paying for a seat, but this was just ridiculous.  Do not do it.I only wish I’d planned better and made time for the beach or San Diego zoo instead.  Much better use of time at this point."
4316,Trop de bug. En plein jeu tout ce coupe et sa me fait perdre les bouteilles et le jeu… ça serais plutôt sympas une correction sur ce bug car ce n’est pas la première fois que ça me fait ça.
4326,day 1 since re downloading the game and it has already crashed twice? why. 3 times now great. now 4 times. fun times. 5th time this has crushed is this for real? i have downloaded this game possibly 1 hour ago and in this time it has crashed 5 times so far. 6th time eyyy really amazing how many more times will it crash today
4330,"In 1985 teenager Marty McFly is a bit of an outcast and spends his evenings hanging out with eccentric professor Doc Brown and his various crazy and failed inventions. However when Doc asks Marty to meet him late one night in a mall parking lot, he learns that Doc has invented a working time travel system and inserted it into a DeLorean. Much to Doc's joy and Marty's surprise the machine works on its test run and Doc is all set to be the first man to travel in time when he is killed by the terrorist group who stole plutonium for him with the impression he was making them a bomb. Marty flees in the DeLorean but accidentally winds up back in 1955. Back there he convinces Doc to help him out and come up with a way of getting him back to the future. However the problem of no plutonium appears small when Marty changes the past and stops his parents meeting and falling in love.In its own way this is a classic film that delivers the goods in the same way as Frank Capra's films does although I can understand why for some it doesn't hold quite the same appeal. The plot seems complex as it involves time travel and such but it is deceptively simple and is a clever mix of sci-fi and romantic comedy that is as light and enjoyable as you could hope for. It never makes fun of itself but it never takes itself too seriously and by doing this it pitches it just perfectly. The narrative may be light but it is consistently engaging whether it is the time travel aspect or the relationships. It isn't perfect and it isn't the deepest of films but it is effortlessly a lot of fun and there is absolutely nothing wrong with that.The cast are roundly great and are a big part of the film being as light and fun as it is. For my money this is Fox's best all-round performance and he plays the clean-cut American teenager really well bringing energy to the character. Of course Lloyd's performance dominates the film by its sheer colour and energy, making him the most memorable character of the piece. Thompson and Glover (two people who still look young twenty years later damn them) are both good in their roles and work well together and individually to make their part of the narrative match up to the (superficially) more appealing sci-fi stuff. Zemeckis directs with an eye for a memorable shot and visually his film matches the style and vitality of the narrative.Overall a very good film that is every bit as pleasing as the Frank Capra feel-good films that are held up as classics. Whether this film is a classic is as much up for debate as those films' classic status but it isn't really a debate that means a lot to me. What matters is that the film is engaging and entertaining, which it consistently is. It glides through a slick plot and I always enjoy it when I revisit it. Well worth taking a look if you are after a great piece of family fun."
4357,"Pulp Fiction' was one of the best films of the '90s. With it's superb performances, and a masterfully told story, through flashbacks and a plot that has more twists and turns than any English country lane, pulp fiction remains and shall ever be a fine piece of work.Tarantino's blend of so many different styles of music, ranging from the likes of Dusty Springfield and Chuck Berry, mixed with the visceral characters of everyday life, makes it a delight to watch again and again.There are some spectacular moments, like Butch's surprise when he sees Marcellus at a traffic light. What follows is the best bits of the movie. With a jerky hand-held camera we move from the car crash into a random shop where the owner knocks out Butch, after he knocks out Marcellus.A key theme follows when Butch escapes, redemption. Butch goes back with a samurai sword to free Marcellus and himself of being in Marcellus's debt.What's my verdict? If you haven't seen this film, then you haven't lived"
4360,"I bought this because I was tired of my other $20 dollar mouse not working great with the Mac, between the terrible scrolling quality and the connectivity issues, I just decided to make the great plunge and get the Magic Mouse. But, I am so happy I did, it works amazing. The agronomics of it could be better, but I don't necessarily mind because I am young. But the scrolling works great, it feels like using the trackpad on the Mac, but in a mouse form. I recently have done some video editing for a trip I took and I could not imagine using another mouse for that just because the Magic Mouse allows you not only to scroll up and down, but side to side like a trackpad. Some people complain about the charging method, but for me, I have a widget on my desktop that shows the battery percentage of my devices and when I see the mouse is low, when I go to take a break or log off for the day, I plug it in, no big deal. Would buy again, 100%. My only true complaint with the mouse is that it still only charge via lightening port and not USB-C, hopefully they fix that soon!"
4368,"Je joue depuis 2016. Ce jeu est attractif et très plaisant. Mais ça fait maintenant plus d’1 mois que le jeu bug sur l’iPad . Écran noir, redémarrages intempestifs du jeu en plein milieu de partie, perte des bonus etc..D’après les derniers avis laissés en ligne, mon cas n’est pas isolé. Et rien n’est fait malgré de nombreuses plaintes. C’est bien dommage car je vais être obligé d’arrêter de jouer, cela devient insupportable"
4407,"the experience with the band was unforgettable but the line to buy a hot dog and a soft drink was a failure one hour for them to give me food, one person serving so many people"
4412,"This was the first visit back as an adult and we brought our teenage son for his first visit. We were there for 3 days. By the end of the third day the cost and mediocrity had left such a bad taste in our mouths and our son was so nonplussed, we were tripping over ourselves to get out of Disney and to some extent California. Where to start. Hotels- pay the premium for a GOOD local hotel because afternoons are best spent resting there and indeed the evenings, Why? Because the parks are exceptionally crowded and loud and a great deal of time will be spent in line for rides. Ride waits of up to two hours were not uncommon. Your patience and fatigue will be lowered and raised respectively.  You will likely want to walk back to the hotel a couple of times for breaks. Wait times of two hours tell me there are too many tickets sold for too few rides, Food… After you realise the food offerings, expectedly expensive, are not only  terrible quality, but to add insult to injury are offered through venues a number of which have been farmed out to mediocre commercial brands like Dole, Dreyers and Starbucks with a Disney markup, you may not feel like indulging in them, Nothing kills the Disney holiday spirit faster than seeing naked corporate branding. Non branded food was also absolutely terrible quality. Visitors should find some of the best food offerings in California, but where visitors to Disney want to find Willy Wonkaesque offerings, they will only find cheap rubbish reheated and repackaged. For this reason alone you may also want to leave the park for lunch outside.  Alternatively, to the parks credit, you can bring your own F&B, but how many can haul this around or want to is another matter.Thinking about the charming architecture and effort to create atmosphere in each of the sections, it’s a very special kind of   incompetence that Disney management does not only miss that exceptional F&B is s draw, but frankly necessary part of the branding.Lines and extra costs, Faced with long wait times (compounded by some rides being broken) , you will be presented with the pressure to buy express lane passes called Genie +. These are not only are an extra 35 dollars each, but are limited in use effectively to one ride per hour, that is you can only book one ride per hour. In addition to that (and what really left sick in our mouths) was handing over MORE money for a couple of  “premium” rides. Yes, that’s right, your park tickets do not give you access to all the rides! Astonishing. That’ll be 26 bucks each please! Insofar as the rides… the parks in general seem exceptionally dated and not nearly enough to impress a child of the 21st century unless they are very young, It was extraordinary.  There really aren’t so many rides and what rides there are fairly unimpressive and have very short ride times compared to wait times, Thinking about the Disney of the 70s and 80s and probably 90s, how they managed to take such a wonderful experience and completely car crash it is a very, very special kind of mediocrity. If I was a a shareholder, I would fire absolutely everyone responsible for this disaster, my advice is to go to elsewhere."
4436,"Sad to say I'm very disappointed. 
First delivery was way longer than expected, then the colour was different than what I ordered and it arrived all broken. Be careful with the taxes they didn't warn me about..
They look nice but quality is very very poor. It feels like its going to break at every move..."
4439,"Ever since I updated to TVOS 17 on my 4 gen appleTV pause does not work correctly in Netflix. This glitch does not happen in any other app, only Netflix. I have tried updating Netflix to no avail. This issue is more than a week old. 

When I press pause the audio mutes but playback continues. If I press menu to leave the show it doesn’t remember my watch history so when I restart the show or film it goes back to the beginning. Jogging doesn’t work to fast forward either, so the only thing that works is using the 10 second jump to either go forwards through the show to where I left off, or let let the muted playback go and use the 10 second skip to go back to where I intended to pause."
4466,"A quick MTR ride from Hong Kong to Lantau Island this iteration of the Magic Kingdom is sized down from Anaheim or Orlando, but a good value in comparison.  Featuring some unique rides, food and Souvenirs there's easily enough to spend a day doing here.  No pirates.  No haunted mansion.  No goofy.  No pluto.  A bit too much Frozen and Marvel, and the longest line was only 35 minutes."
4489,Cant look at a list view sorted by bug severity. That is pretty much all I need. (All of the custom views of a board that we have on desktop are not available and i cant sort by everything) The extremly limited view is also clogged up by columns i dont need but cant hide.
4496,"Save your money on the savvy’s lightsaber build .. $300 and the thing stopped working 6 months later.. changed batteries, did everything the internet said to do , contacted Disney , told to bad so sad 30 day refund or exchange… my 6 year old daughter is devastated.. we went for her birthday.. we won’t be going back.."
4514,"Calm App is pretty great. My only issue is after a few days of use, the playlists quit working. You start a playlist, it plays the first song, and goes back to the home screen. The only fix I found is to delete the app, and redownload. That gets old quick. 5/2/23, Im back redownloading the app because the playlists stopped working. 5/20/23, back yet again to redownload because the playlists stopped working. 8/28/23, here we are again. Playlists stop working again after one song. 10/8/23, playlists quit working again. Time to delete the app and reinstall. Will this ever get fixed?"
4537,Feedback tool on pdfs is broken.  Can’t click and create subtasks from iOS app on the pdf
4554,"Already when plugged together, some of the parts are broken off. The supplied spare parts (so one probably already assumes a certain shrinkage...) have not been enough until hanging. The lamp holder could not be mounted either. Helped in all possible places with a lot of mounting glue, we now get them hung. Therefore, two stars for the basic optics. But I can't and wouldn't 🙈 buy them again"
4605,"Me and my family were disrespected in the line for the attraction Star Wars Rise of the Resistance, in the Disneyland California.We stayed for 55 min in the line waiting for the entrance. When we were in front of the entrance, the attraction stoped working.The Disney announced they were with some troubles and it was temporarily suspended.I asked for the Disney employee what should I do? And he answered that I could quit and go to the exit or wait to fix. Me and my family waited for extra 30 minutes and it still not working.Then I asked to the Disney employee if they could give me a fast pass to comeback later, because I was in the line for 1 hr 25min…. He said they couldn’t do nothing… that attraction “broke” many times and that was normal. The only options were quit and go to the exit or wait more time to fix.This is the way Disney threatens the clients? Where is the “Magic” they always talk about?I really don’t recommend none of the Disney Parks. There is no “magic” and they threat you no indifference. Forget Disney!!! Go to other places!"
4652,"Reinstalled app after not using for several years. Was unable to clear any old projects via delete or archive. In attempting to create a new project, I could not add details as the screen displayed on my phone did not seem to match the attempted rendering size of the app (3 dot menu partially off screen and onscreen keyboard would not pop up). I'm not wasting anymore time on an app that is freshly installed and not working. Hope you can fix it for others though."
4657,"I can't sign in on the app. I have gone through every single troubleshooting step from the help center, and it fixed nothing. I even reset the app via iOS settings. The app continues to say there is a network issue, and I am 100% certain my iphone is not having network issues. How do I know that? I am able to sign in to Netflix using the Safari browser on the same iphone, so I guess the official Netflix app is broken"
4658,It crashes. It doesn't want to uplaod.
4664,Not able to login in. There seems to be bug in the application. Tried SSO but giving g errors.
4670,C'est un super jeu mais depuis quelques temps ça bug. L’écran devient noir et retour à la page d’accueil. C’est très énervant. J’ai dèsinstalle le jeu puis réinstallé mais ça ne change rien du tout. Je crois que je vais le supprimer définitivement.
4712,"This is my 5th visit since 2017 and sad to say it's lost the appeal and magic it used to have. I usually receive an email from Disney asking for feedback but it's been a week since I've been back and got nothing. That says a lot!The cost cutting is evident in the parks, closing earlier than last year, the parks open at 9:30am but some rides don't open untill 11.00am this is what pissed me off the most.If the parks open it should all be operational!The Christmas decorations are the same year in year out, this year tho some cheap red ribbons tied around some lampposts and fake poinsettias in hanging baskets. Once you leave main street and venture into the parks you'd forget it was christmas. The castle twinkling lights on the turrets weren't turned on and never saw the advertised Christmas drone show at all it was the normal Disney electrical sky parade.Walls (not a typo) Disney studios is a mess, an absolute mess. To be charged full price to enter that park is a joke. A one ride frozen land won't fix this either.It's split down the middle with one walk way to get to either side of the ""park"" so rammed with people. The avengers campus toilet's are bad, and others dotted around the parks, no hot water,some taps not working,hand dryers not working and no paper to dry your hands. Lovely.Food and drink are extortionate and honestly not worth it for such basic food.Smoking/vaping and smoking cannabis is an issue in the parks and village.The lion king rhythm of the pride lands is amazing! Cast and crew well done! Can't recommend a visit and have not been with when friends ask how it went. Save ya hard earned money and go on a beach holiday all inclusive for 10 nights for what these conmen charge."
4803,"The lamp is simply gorgeous! The people ar Dezaart are also very kind, they sent me a little gift of a candle holder (thank you so much, it is now on my dinning table). My shipment arrived well extremely packed, nothing was broken, nor scratched though things came overseas and there are a lot of small pieces that could have broken. The instructions were really clear, and I was able to put all 3 lamps I bought together in about an hour. I just love my new lamps! thank you so much!"
4818,The error is to will forever go down in history as one of the most memorable events that have experienced with my daughter.  The amount of love and light and joy that the concert brought to us is indescribable.
4837,I brought 3 month premium 1 months back but now I am Unable to log in due to some app glitch.generally such problems should be solve in 1 to 2 days but this Spotify team is not even looking in this matter. Spotify should be Thankful to Google Play store because it doesn't have negative rating otherwise Spotify could have negative rating
4866,"I do appreciate that the instructor is extremely knowledgeable and enthusiastic regarding Google AdWords.  However, I need things broken down a lot more than it was on here.  Plus, I need practice assignments to help reinforce what is being taught.  If I can get the practice, then I can learn more, because then it is more hands on.  Also, a job aid step-by-step with pics and a definitions list would help too."
4876,"Worst service ever. Rides keep “breaking down” last minute 15 minutes before closing. What’s the chance of that? It shows that the workers don’t care about the people, and only the pay. So lazy. The Frozen Ride got cancelled so we had to go later, and they wouldn’t let us in but when we told them we had a DAS they did. (They don’t want to get in trouble). They just cancelled the Star Wars ride last minute. They cancelled and said stuff “broke down” a few more times too.Service: 2/10Food: 6/10Price: 3/10Fun: 4.5/10"
4891,"I spent one day in Disneyland and one day in California Adventures. Disneyland:- unbelievably crowded, especially as CA adventures closed early that day so night time was just an unsafe crush of people, particularly at the parade and fireworks. Workers constantly shuffled people along and out of places to watch the events even if they weren't in the walkway but inside the stores. People paid sooo much money to be here, you know they're going to do everything they can to watch the events that they want to watch, especially when...- the rides are broken ALL. THE. TIME. I noticed throughout the day The Mickey & Minnie Runaway Railway kept closing, so I didn't make my way over to Toontown.  tried to go to Space Mountain THREE separate times, and by the time I got there it was ""temporarily closed."" Splash Mountain occasionally closed. Pirates of the Caribbean broke down, etc, etc. It was so frustrating because that meant you walked all the way there and had to walk all the way back to another ride instead, such as Rise of the Resistance. Great ride, but I walked there after Space Mountain was broken (AGAIN), and was told with a too-bad shrug it closed early at 10 PM, even though the park closed at 12AM. It was literally 10:07 PM. Okay, DCA closes early, a ton of rides of broken - at least try to make it right for guests with any semblance of customer service and keep it open a tad longer? Really poorly maintained rides that make me question how safe it is.DCA:- unfortunately it rained heavily during my day here. Disney can't control the weather. What they can and should control, however, is operations when it rains. They knew the rain was coming, and didn't seem to do anything to prepare for it. Rides were closed most of the day - I'm not entirely sure why because I noticed some reopened during some of the heaviest rains. So can the rides operate in the rain or not? Or did they initially close because they were unprepared to deal with the weather? It's a mystery. - There's very little to do in DCA when there's rain, so people end up wandering around looking for places to eat or into the shops. I'm half convinced Disney purposefully kept the rides shut down longer than needed (see my comment above about it reopening during heaviest rains) to push people into spending even more money on food and merch. Truly, it wouldn't surprise me. - There is so little sense and lack of preparation for the rain that EVERYONE knew might come for at least one week. For example, I saw employees CLOSING the umbrellas over these little table stands where people would eat while it was raining. Can you please explain to me why they would do this? It's raining - there's not a ton of indoor space in DCA. Why would you purposefully want to make people more uncomfortable? Additionally, despite that it was cold and rainy, all indoor spaces were blasting drafty A/C - why? Why not adjust for what's actually happening that day? This is what I mean when I saw Disney really does not care about the customer experience.Overall, I was really surprised how the quality of customer service has declined so significantly compared to past experience when they all tried their best to be friendly and helpful. One example that encapsulates this: I asked an employee who was just standing around near the shop close to Small World to help me take a picture. He wordlessly took my phone and snapped a pic. I asked him to take just one more in another direction and he wordlessly took another photo and handed me back my phone. I said thank you and he didn't look at me or acknowledge me in any way. I actually thought he couldn't hear me because it was so strange, so I said thank you again and again he completed ignored and dismissed me. Oh, Disney, what have you become?"
4930,"Let me however extrapolate, embedded in a Pulp Fiction review which I couldn't care less for - on my film review style - from someone who has a media degree in film studies, and began their career wagging school at fourteen to watch French Cinema; and you know what they say about people who have experiences at an impressionable age - it sticks! I gave up on Hollywood in approximately the early seventies after Easy Rider and Zabriskie Point. I even walked out on Five Easy Pieces, even though in retrospect, that wasn't the film's fault, in those days we were keen on life and not on introspection and reflection. Though retrospection, tells me that was a good film. In fact it is the kind of film that the baby boomers now crave, good writing, and good characterisation from a period in history when just being alive was an entertainment, and not bogged down with crazy little computer screens and cowards with their wise-arse messages tweeted because they are too afraid to speak, possibly because even the modulation of the voice has been colonised by trendoids, who are so post-modern and wise-arsed they know everything; but at the head of the pack are a bunch of no-talents who have clamoured to the high ground. And that list is endless in entertainment, now: Quentin Tarantino (highlight-dialogue in Pulp Fiction, ""In Holland, they have mayonnaise on their fries."" - conclusion - lame) Johnny Depp (the guy can't act, get it? That's why Australians get Oscars now, as Hollywood is beyond knowing, who can act]; Russell Crowe (just because Hollywood couldn't get anyone else to fill out a Roman general's tunic except maybe some wooden ex-wrestlers), he wins the Oscar-but in his next movie, A Beautiful Mind, everyone gets an Oscar except him, because basically, when you play a screw-loose professor, exchanging walking around in circles for walking around in squares, it is not acting! It is a guy walking around in squares cos he worked out that was a riff on walking around in circles]; Saving Private Ryan, though I hate to admit it is a brilliant film - through its depiction of my grandfather's generation, who when I was growing thought wasn't cool; but mine who made every piece of furniture in their house to a French polished standard; as well as, the P. A. system for my Uncle's successful band including the foldback cabinets-which even The Beatles didn't have-as well as keeping a 200 acre dairy farm as a hobby. Cool, I don't think I knew the meaning of the word; but the Juden angle in Saving Private Ryan which is shoved towards the POWs by a man brandishing - a Star of David (on his dog-tags?)-as the POWs march past-I'm not buying because usually and in that war in particular - it is the politicians, the military hierarchy and their bureaucratic underlings who systematically entrench racism as a tool of their propaganda and the common soldier is generally ideologically neuter as they have to follow orders or get shot - otherwise on the western front in 1915 both sides would have turned around and marched home. But that was the only glaring error in my opinion but this ethno-stereotyping, though understandable has spilled into other films, especially the Star Wars epics, by George Lucas, wherein Cowboys and Indians in Outer Space in the early films becomes metaphoric American foreign policy in latter films... to be continued..."
4957,"Tarantino's crime spree trilogy continues with this epic pop culture underworld caper , A superstar cast with unmatched dialogue material deliver in spectacular fashion as their characters intertwine across a network of criminal activity in a cleverly designed mashed up timeline. Ultra violence and clever humour surround each character as they gate-crash each others lives through happenstance or misfortune were brewing conversations turn into explosive outcomes mostly at the end of a gun barrel , With a 30 yr anniversary looming this movie is still unrivalled and that is an incredible feat. Fantastically entertaining embedded in the top 10 a must see."
4986,The app bug doesn't let it run on my device
5065,"Lou: You going to order something, kid? Marty: Ah, yeah. Give me a Tab. Lou: I can't give you a tab unless you order something. Marty: Right. Give me a Pepsi Free. Lou: You want a Pepsi pal, you're gonna pay for it. Within that one single exchange between Back to the Future's (1985) protagonist Marty (Michael J. Fox) and the neighborhood soda jerk there are so many things going on. Marty has traveled back thirty years into the past and is slowly coming to terms/panicking about where he is and how he got there. Studebakers and old Mustangs drive by the window, the future mayor of Hill Valley (played by Donald Fullilove) mops behind him and a younger version of his father (Crispin Glover) sits right next to him. Yet all the audience is supposed to pick up is that the lingo in Hill Valley circa 1955 is completely different than what he's used to which leads to this hilarious exchange.While Pepsi Free no longer exists and Tab iswell Tab, the fact still remains that Back to the Future remains the epitome of a timeless classic. It's a classic based on its plot: a teenager who has befriended an oddball scientist (Christopher Lloyd) goes back into the past with his time machine and has to get back. It's a classic based on its sub-plot: said teenager messes up his mother and father's first meet and has to make the two fall in love before he's never born. It's a classic because of its state-of-the-art special effects which really haven't aged all that much and it's confident direction led by Robert Zemeckis. Finally it's a classic because of its humor and heart. How many times have you seen time travel in a movie and ask yourself honestly, whose done it any better?Back to the Future made full fledged movie stars out of its likable leading man Michael J. Fox and Christopher Lloyd. Lloyd's Doc Brown is an unforgettable character that is permanently etched in this writers head. He's the gold standard of mad scientist that all future lab-coated eccentrics have to reach before I can deem them worthy. Fox's lovable Marty is smart, creative and surprisingly full of energy. Up until that point Fox had a regular gig on Family Ties (1982-1989) and had to work both projects averaging five hours of sleep for three months to finish the picture; it's a wonder he doesn't look like a wax statue.It is said that Robert Zemeckis had tried for months to get a meeting with Steven Spielberg before finally bursting into his office unannounced and showing him his USC student film. Spielberg (German for childhood hero) would go on to executive produce his first few movies including the solidly acted box-office failure Used Cars (1980). Around that time, Spielberg also produced films by Joe Dante, Chris Columbus and Kevin Reynolds, but it was Robert Zemeckis who left the biggest mark on cinematic entertainment. It was his attention to detail and early adoption of computer generated special effects in Back to the Future that established Zemeckis as a technical wunderkind. Zemeckis would follow the success of Back to the Future with the equally inspired Who Framed Roger Rabbit (1988) and has since become a producer/director himself.Yet Back to the Future remains a timeless package of an auteur at his zenith. A tight, clean story told with energy and panache. It has no equal and will likely never be pushed off its perch as the king of unfettered quality entertainment. In the realm of childlike wonder, Spielberg may be king but his best film is arguably not one he has directed himself but one he produced. And that production is 1.21 gigawatts of awesome.http://theyservepopcorninhell.blogspot.com/"
5154,"Overall, a very enjoyable stay.We are a family of four; with a 2 year old and 9 year old.We found the theme park to be really well presented with all of the Disney magic you could expect.The park was busy, but not too busy.We managed to get on most of the rides that we wanted to, and the rides with larger queues we waited until post 7pm, and then it was pretty early to get on.The electric show was great, so were the shows.What’s stopped the 5 stars, is the amount of people smoking, having visited the Orlando parks, I didn’t even realise Disney allowed smoking.Minor issues are people pushing in the queues, and there seemed to be phases during the day when quite a few rides were broken down.Overall, highly recommend"
5194,"I’m disappointed with Disney Land as We were refused access with no customer service assistance to rectify the situation.We purchased passes for two visits to Disney land, the first pass was excepted and we had a wonderful day in Disney land. The second pass we decided to execute two days later only to be told the tickets were for consecutive days, there was no second date or the word consecutive on the tickets or website, Disney land tried to say its customer error they was unable to prove and when challenged to indicate the documentation information they was unable to produce any tangible documentation evidence but still refused entrance to the park. Customer service is poor at the ticket sales office with little or no help other than pay twice although we had proven a valid ticket or at worst floors between the park and their ticket providers.In my view due to evidence submitted the park should have had a duty of care to ensure the tickets were fit for purpose. In short their customer service was as much help as a hand brake on a canoe.If visiting Disney land please ensure all the dates of your visit are printed on your tickets to avoid disappointment like we endured.Please"
5206,"At this address: http://imdb.com/title/tt0429631/ There's a BTTF Game made in 2004 listed here. At this point I'm assuming it's some error on the IMDBs part, because a search of the internet reveals nothing about this game, as does a search of Gamefaqs.Anyone able to shed some light on this? It's possible that it's just a webgame, but usually they don't list those on this site from what I can see. It would certainly be great if this game were substantial and good, but then, if it were I think more people would know about it, or at least some people would anyway. But really, is there a way to make a good Back to the Future game that remains true to the story and characters without being boring? Only time will tell...-Jon"
5219,absolutely stunning! shipped was pretty quick and installation was kind of a pain that was mostly due to human error on our part. it was easy to put together and i appreciated that they included two extra pieces just in case (we ended up needing one! oops!)
5226,"I used Asana for 4 years, after trying to add a new user to a project I ran into trouble. This should be very straightforward, as Asana is, but it’s clear if you run into an issue you will not get the support you need. There is no 24/7 support, I’d get one question troubleshooting emails in the middle of the night and have to await the next day to get basically nowhere. After almost a week of no suggestions of how to fix this on my end, and also lack of clarity from support who spoke about the domains I have and how I should read the support articles on the website already yet there is nothing that comes up when you put in ‘domain’ on the support search (wtaf.)
I took the problem into my own hands and saw I had duplicate accounts for my personal email and one from my business email. So I deactivated one from my two personal, but guess what that did, it deactivated and deleted ALL of my accounts. This is irreversible, and completely unclear that this would be the case. 
Asana doesn’t realize this isn’t for fun, their services are used by lots of small businesses. Years of work and partnerships were deleted instantly. This was user error that made so through bad user experience, avoid this company, there’s so many others to choose from."
5237,"SSO sign in regularly lands you in already signed in error loop, delete the app and reinstall; in completely broken state where I am logged in and not logged in, email unknown, half the buttons not working…finally log out of broken state and log back in and back to normal…til my next forced sign out where I get to repeat."
5251,"December 14-15, 2023zCouple broken rides. Waited in line for awhile then got the announcement that it’s having malfunction which wasted our time. We waited for the Fireworks show in Disneyland Park and they gave us the excuse of “due to wind, they won’t be doing the fireworks show”. But was the wind really the problem? There is a flag on top of the castle and the flag was not moving whatsoever so why would they say they can’t continue with the fireworks because of the wind? Tons of people was disappointed. Not really a great experience especially when spending $320 each head."
5266,"Back to the Future is the classic sci-fi, adventure and comedy film nearly everyone has watched and loved, it is directed and co-written by Robert Zemeckis, staring Michael J. Fox and Christopher Lloyd as a troubled teen and a failed scientist who a thrust into a adventure through time in this praised trilogy.I will try be as unbiased as possible but even if I were to forget the years of loving this film and forgetting about all the joy it brought me, it's still a fantastic film. Back to the Future achieves in every aspect which is more than can be said for a lot of films.First off are the characters, perhaps the most important reason why this film is so great, each character is distinct and unique, likable and interact perfectly leading to hilarious and emotional scenes. They are all fantastically performed by a superb cast who bring these people to life more than any other actor could, you can't imagine another person playing them because they just fit so well in their roles. When you boil down this recipe and sprinkle some well written dialogue on the top you get some brilliant scenes, most of which made me (and the whole cinema) howl with laughter. Not only that but the romance intertwined with the plot is very well done, not feeling forced or poorly executed, this is coming from a guy who hates unnecessary love in films, I liked the romance! Which was very important since it makes up a huge chunk of the plot.On top of a captivating story and a set of great characters are also great visuals from its cinematography to its slightly dated effects which just add to the charm. The use of visual comedy which is very scarce now days was a nice addition. All accompanied by a stunning score by the always brilliant Alan Silvestri which is one of my favourites to this day, from the roaring orchestra to Huey Lewis and the New this is a go to soundtrack for me and goes great with the film, adding to the humour and the tension which for what many would consider a laid back lazy Sunday film, there is a lot of.Overall this is one of my favourite films of all time and has been since I first saw it many years ago and the fact that it's still up there really says something about how timeless it is. The characters, the humour, the music, everything is just spot on all combining into something that will be loved for generations to come."
5330,"Don't get me wrong, we had a great time here. Seeing attractions like the famous Matterhorn and all of the original Fantasy Land just like Walt designed it was great, but man, this place gets packed. Because it's old and they have limited amount of space, they do a great job of making queue lines and attractions fit everywhere, but walkways and passages are more narrow and get clogged with people rather easily, especially during parades and shows.However, once you get out of the main hub part, it opens up and isn't as bad. The best part is Star Wars: Black Spire Outpost. I think I could have easily stayed there all day just to take it all in. Rise of the Resistance is one of the best ride experiences I've ever had. We got lucky because it had broken down, but had just opened up as we walked back to that area, so we only had a 15-minute wait. I also can't express enough how awesome it was to build my own lightsaber. It's pricey, but I highly recommend you do it if you are a Star Wars fan.Overall, I am happy that we went (even though WDW is closer) we spent a full week in the area and did Disney 3 days. One at DCA and two here since we needed two in order to see and do all that we wanted to.July probably isn't the best time to go with the heat and the crowds, but it worked out for us ok."
5365,"Je ne comprends pas depuis que j’ai fait ma mise à jour, le jeux c’est remis au point de départ j’ai tout perdu , je dois recommencer depuis le début 😞
C’est un bug"
5399,"App not working, just keep crushing. I am using a good, high end android device, but whenever I open the app, it just hanging at the start despite several time trying remove/install again"
5401,"We have been coming annually over the past 2 decades because we like it. The parks are very clean and well staffed with friendly and helpful employees. The same goes for the resorts and villas which are themed and adds to the “magic” vacation experience. The rides are fun and imaginative, the musicals very good too, like Frozen/ Lion King. I’ve used free bus, rail, and boat transportation to get around Disney area from the resort, it works well, takes longer than driving but you save money. I come to town prepared with a plan of our time for the parks to avoid frustration, I recommend to do your homework. The resorts are themed and provide daily activities too. Sometimes we split a “park day” in two with a rest back at the room or pool if staying really close to one of the parks."
5443,"It’s beautiful, but be very careful when connecting the pieces. It is pressed wood so it can snap easily. I just glued my broken piece back on because it would be $30 shipping for the small piece needed."
5487,So far I had access to renew my membership thru my employer for &amp;14.99. Could never got it activated so I paid 49.99 to get access but it is still not working like it did before and talks about premium membership. I’ve paid plenty. I made calls and e-mails to try and get it fixed. I want the number to calm so I can talk to someone I’m person.  I have been very sick and really need this app to calm me down. Please someone help me?
5511,"I submit this film is actually ( albeit crime ) actually a redefined renewed genre ! As in R D this narrative takes risks in its
style of of story telling which is virtually a Tarantino invention ! yes it is true of course, every director has his or her unique
style of moulding and honing their story , Tarantino aims his tails in a unique mix of his own well thought out concoctions .
I cannot think of any examples , but anyone who loves cinema will have seen some films that failed in their attempts to
copy Tarantino. Therefore, that statement , it seems to me , is clearly indicative that this director has always triumphed
over all attempts to either go one better than him or out fox Tarantino in the hope of overpowering his style of sculpting .
That is how uniquely brilliant Tarantino is, similar to Gaugin or Michael Angelo he is a true artist in his creations
As has already been said, to try and get some level of comprehension of this film , it needs to be seen a number of times.
The same appreciation and more clarity of understanding is precisely the reason we continue to learn more and acquire
more depth of real academic learning every time we return to the National Gallery in London or the equivalent American ,
Italian or French art galleries . Every viewing of the Mona Lisa we see something previously overlooked, or did not previously
fully understand ! The first page of training for a successful film director comes from his or her hours and hours of intimate study
of form, substance, and colour , of photography also. Kubrick began his career as a monochrome photo journalist , thereby learning
about framing and all the artistry that follows that ! Tarantino i suggest either had a natural eye and sensibility of form, or ( possibly and )
studied from a very early age, as much as he was able with regard to form, framing and colour hues ? And only at a slightly later time in his younger days started writing story lines and ideas ?"
5562,"Buggy mess. I receive emails about organization tasks (not mine) and the link from the email leads to the browser which then opens the app which says ""Could not find what you're looking for"". Next, I try to contact support from the app - it opens the website with an endless login loop ""Please wait a moment while we sign you into the Asana Help Center"". Two basic features, completely broken. It's like no one has even tested this app. UPD: tried emailing support@ and got ""address not monitored""🤦"
5596,"We had been a couple of times on our last trip so this was a do the big rides as opposed to a full day. They had the Halloween theming up and it looked really good. We first of all did the Pirates of the Caribbean and I bet you can smell the water as you read this. Next up was Haunted Manor and while in queue we managed to get virtual queue slots for Tron as that was a big win having failed at 7am. After a spot of lunch we headed for a spot to watch the parade and then went on the jungle cruise before they shut it for refurbishment. This was when the problem of Florida in August hit as a big thunder and lightening storm slowly moved into the area which lead to an hour delay due to poor weather. What frustrated the queue more was the fact that once the weather had passed it took nearly another 45 minutes to get things running again despite hot sun. After this we did the new look Tiana's bayou adventure which was as good as splash mountain had been before trying out the new DOLE whip mango and Chamoy Float with chilli lime seasoning, this got reviews of nice but bit too much chilli, hmm ok but wont have again, meh does anyone want to finish mine, to OMG thats horrible, so I don't think we will be trying them again. This set us up for the final destination of the day TRON having seen it under construction 5 yrs ago, we couldn't wait to ride it. With the cunning Disney way of this is the last bit of queue before the ride, oh no there's more being used to full effect in this line the anticipation built. The ride position was good and wow what a thrill, easily the best ride in a Disney park by a long way."
5599,One of the best movies ever i have many dreams to make this movie come true i wish to have time machine to change the future maybe i can make it better place this movie have changed me i wish this movie to be re predeceased in new graphic and new special effects or to be new series who can imagine that boy can turn back in time and meet his mother or be closed to marry her this is great seen when he helped his father to marry his mother and when hiss uncle duck helped him to get enough power to turn the car engine every body wont to get the same opportunity to change the past to have better future and help his family to have better life also the seen of his car broken and his uncle get back with his flying train to show him that he have better life and changed his own future this was amazing and really helped to have better understanding of my future and make me know that today that makes tomorrow and every day create your history
5684,"Love the lamp. It was easy to put together. It was packaged well, but still got beat up by FedEx and some of the wood pieces were broken, but the seller added extras. I would buy again."
5689,"December 2023 my family and I excitedly had booked and planned a trip to Disneyland along with my cousin and his children.We drove many miles from Canada , with our first day in Disneyland being December 16th , 2023. As we arrived to the entrance with our passes in hand and our children beyond excited , the gentlemen taking our picture at the gate to set us up for the week had taken and saved the wrong picture for members in my party . I had explained to him that our little man ( 2 years of age did not have a ticket due to his age ) . The cast member staff became argumentative with my husband and I , as he had by error took a picture of our little guy and placed it under my husband’s ticket. This didn’t allow the cast member to take my husband’s picture. The cast member placed blame on my husband and I for not communicating the age of our little man , although we did . This delayed our entrance time significantly, as we had to get another cast member to resolve this situation and wait aside for one to come available . Upon successful entrance , we were met with significant line ups which increased my daughter’s anxiety and were no successful on visiting many attractions on that date .Dec17th, 2023, we were successful with arriving to the park . The crowd was quieter during the morning . I had spoken to a cast member about my daughter’s diagnosis and was accommodated with a DAS pass , additionally the cast member assisted me with paying and setting up lightening lane, as the app was no allowing me to purchase and set this up. I was no successful in using the lightening pass , as it wasn’t allowing me to book times . I therefore was able to utilize the DAS pass , but still had to get creative due to increased crowds and line ups . Later during the evening we had set up a character meal at goofy’s kitchen, the whole meal we had one character join our family which was extremely disappointing . As well I was unable to eat majority of the foods due to my severe allergies to coconut, palm oil , margarine and vegetable oil .December 18th , 2023Line ups were very long and crowds big , my daughter struggled a lot with this.December 19th , 2023Day was started later due to my daughter feeling overwhelmed , which resulted in us driving and paying for preferred parking . We went in the star wars ride ( where you help push buttons or drive the ship )y daughter’s anxiety increased significantly. A staff member told her to stop freaking out it’s a ride . I tried to explain to the cast member she struggles with regulation , the cast member disregarded this . My daughter was in panic the entire time , crying and in extreme distress. We went to the storyteller cafe later that day for dinner and the service was absent , we had to continue asking for drinks and ketchup /sauces .December 20thThis day crowds were big , line ups long . We had gone to a shop to have ornaments made in Disneyland . While waiting we took the kids to the candy store and did some walking around . It rained so hard that the roads in Disney were flooding , while in the candy store a staff member yells “ everyone needs to leave , we are being evacuated “. At this point people were panicking , I had almost lost my kids , my daughter with a disability was in severe distress . We tried to make it to a dryer/ less crowded area to re group . Everyone was soaked and shivering , we went to grab the ornaments and leave . The ornaments were done extremely poorly , I spoke to a manager and she refunded the font and I was left with two poor looking ornaments . My family went back to get the car and head to the hotel. I instead went to city hall to speak with a cast member .Being extremely upset I asked to speak to a manager , the manager was a taller gentlemen , mask on , dirty blonde hair . He said there was nothing he was willing to do. I asked to speak to his manager and he became very defensive and said one would not be available for a while . I offered to wait in a seat for one . At that point the supervisor informed me he would be calling security if I did not leave .I was in complete shock , I explained I was willing to wait for a manager . I left extremely upset and defeated at this point , with being threatened by a cast member , my ornaments , my kids having their last day at Disney ruined and our overall experience . I went over to California adventure and spoke with a supervisor over there , she was melt than amazing and had my ornaments fixed immediately. She encouraged me to write to you guys and said she would documents the encounter . I am writing now , as I’ve been extremely shoo ken from our experience as has my family . It saddens us this was the experience we’ve received. Picture is how wet my phone got and the ornament fixed by adventure park after Disneyland refused to help and treated me poorly"
5703,"This movie is directed by Quentin Tarantino, and it might be - or IS the best movie that made him famous in the 1990's. The plot is fresh still today, and is far from cliche's and tools of the trade like car crashes and nonsense dialogs. Violence plays a big part, as in many of Tarantinos films, but its never out-of-place or there for its own right. On the contrary, this is no movie for children or people that takes offence in violent scenes.The main characters in the movie are played by John Travolta, Samuel L. Jackson and Uma Thurman, the former two are hitmen and Thurman plays the wife of a mafia boss. It also marks the come-back of Travolta, who's reputation as a disco star from ""Grease"" and ""Saturday Night Fever"" prevented him from getting major roles until ""Pulp Fiction"". Here he really shows off what a good actor he is, and the dance scene with Uma Thurman is just pure magic.I rarely see movies more than once - in fact it's less than ten movies that has been that good. I use to watch this movie every five year or so, and still it leaves me breathless. It's really the beginning of a new era in the art of film making, and both the camera, soundtrack and directing is absolutely magnificent. By purpose I didn't point out any details, since You must really explore them by Yourself in the right context. Be prepared to watch a shocking story with a nerve rarely seen!"
5740,"I can't tell exactly how many times I've seen this precious gem of American cinema. All I know is that it goes from early childhood up until current time and I never get
tired of it, there's always something new and fresh to explore at each view. A masterpiece of modern time that conquered audiences around the world and cemented Quentin
Tarantino as one of the greatest film authors of all time. ""PULP FICTION"" redefined cinema in so many ways that to number all of those techniques and movements would be an
understatement, not to mention most film buffs already know everything about the movie. From its peculiar and original screenplay structure to John Travolta's new rise in
Hollywood, this movie covers so many things that the movie is already legendary for its innovations.If you haven't seen it yet I'll wonder in what planet you're living. This movie is amazing, spectacular, funny, tense, thrilling, quite romantic, violent, filled with
intelligent, long and memorable dialogues, and quite memorable characters played by huge names such as John Travolta, Samuel L. Jackson, Uma Thurman, Bruce Willis, Eric Stoltz,
Ving Rhames, Christopher Walken and Harvey Keitel just to name a few and if all those names can't convince you to stop whatever you're watching and go seek this movie right now
then I don't know how else to convince you.Here's a movie that deals with themes of crime, loyalty, camaraderie and the lack of it, the things that matter in one's life and how at each corner of that crazed
violent city anything go right or wrong in a matter of seconds, and it's all a matter of luck or pure divine intervention as one character claims after bullets fired at him
don't even get near him. A movie with an incredible chronological time that challenges its viewers in trying to solve this magnificent puzzle of sorts, tied with countless
iconic lines that stays in your mind for a long time. And oh the glorious soundtrack with hits from decades prior to the film storyline, from Chuck Berry to Urge Overkill, but
all that we remember and defined the 1990's cinema was ""Misirlou""by Dick Dale played during the glorious opening credits.Quentin grew a lot after this movie with bigger budgets and more incredible stories but one thing is certain: that certain sense of innocence brought on by this movie
and ""RESERVOIR DOGS"" could never be repeated. This is a must-see for all film lovers out there, specially those who enjoy new cinematic languages, specially one that gave us
many other copycats - but the majority of them failed badly in trying to imitate its rhythm, its scheme and its prose. A perfect 10 out of 10."
5751,"I like how everything is broken down / walked through. In addition to helping do the walk through, I really like how the importance / the why of everything has been explained because it takes it from learning to really understanding what you are doing."
5775,"After the success that he had with 1992's ""Reservoir Dogs"", Tarantino came back strong with his second written and directed full-length feature film, ""Pulp Fiction"". Some would argue that this neo-noir black crime film is his masterpiece. Like his previous film, this offers just as much violence and brutality, which again is wrapped up with lots of style and substance.This film has seven narrative sequences, with three primary storylines, which are all interwoven, making it a hard watch for some people, while others marvel at its construct. Mob hitman Vincent Vega (John Travolta) is the protagonist of storyline 1, Butch Coolidge the boxer (Bruce Willis) is the protagonist of storyline 2, and Jules Winnfield (Samuel L. Jackson) is the 3rd storyline protagonist. The film goes from a prologue (diner hold-up), to Vincent, Jules, and then Butch, before going full circle the epilogue and the diner hold-up again.I enjoyed this in the 1990's when I first watched it, and I've never shied away from watching it again given the opportunity. It might not be everybody's cup of tea and it certainly is not for the younger audiences (even of post 2020!), but I enjoy it and can appreciate its technicality. Having the benefit of 20+ years of hindsight it is interesting to see lots of films that have come out since and tried to replicate part of this film, most have failed too. It is a testament to how good this film is though that it can inspire other people to try, not just in film but other mediums too - games, comics, etc. If you have not seen this film it is absolutely worth a watch, and if you have seen it, why not watch it again and find something you missed last time - or discuss some of the themes, homages, or McGuffin's to try and work out your own messages (the gold light in the suitcase for example - I would love to believe it is Marcellus's soul. It ties in with the plaster on the back of his head, and with the combination of '666' on the briefcase - but this has been widely debunked). A cracking film and an enjoyable piece of art - one of Tarantino's finest films in my opinion."
5852,"I’ve been before but this time was very disappointed, many rides were closed, we had early morning passes because we stayed in the new port hotel, which was lovely, but when we entered the park at 8.30 for our hour privilege only one ride was open, flying rockets, all the rest didn’t open until 9.30 so was a complete waste of time getting up early, we had a booking to have lunch with the princesses, which cost extra money, when we got to our reservation they had put me and my husband in a different restaurant to my daughter and grandchildren, after a lot of waiting and checking our passes over and over they put us all on a table in a cove separate from the main restaurant, by which time many of the princesses had disappeared, my granddaughter was pleased with the ones she got to see but it was meant to be a treat and turned into a disaster, several of the old rides could do with an overhaul, I went 20 years ago and nothing had changed except bits missing from rides due to usage over time, in the Alice labyrinth the metal caterpillar on the mushroom obviously corroded over time and fell off, and never bothered to replace, lots of construction going on, boarding everywhere which spoils the overall magic, along with rides not working like great thunder mountain, cars breaking down on the car track repeatedly and although the hotel was lovely the swimming pool was shut, so when we got torrential rain there was very little to do, for the amount it cost us we could have gone and stayed for a couple of weeks abroad full board , but wanted to go somewhere for our grandchildren, they had a good time but it should have been magical as promised"
5941,"A TOTAL RIPOFF !DON'T WASTE YOUR MONEY.Went to both Parks on 27 and 28 December 2024.Park Fully Booked over crowding- a case of pack them in - we have already got your ticket money when the reservation was made.Refurbishment work to 4 or 5 Rides and hence closed, meaning that all visitors crammed onto what Rides remained.With reduced capacity, they should have reduced the number of visitors.Freezing temperature and hence unable to sit on outside seats - totally inadequate seating inside any of the covered spaces; no benches in the queues of over 60 minutes for each Ride.No facilities to just bug a Coffee and sit for 10 minutes - they only want you to reserve in a restaurant and pay double the price compared to other restaurants outside the Parks.In one of their Theatre Shows, we were parked in with no seats, like a Cattle Truck.At the end of each of the two days, all of us were totally exhausted.Go to Efftelling or Six Flags instead - it's better value for money."
5988,"Much like Reservoir Dogs, Pulp Fiction works so well because of its structure. In Tarantino's freshman effort, he used the out of time elements to break up the one set monotony and provide lighter tonal moments here and there. In Pulp Fiction, it's used at the behest of thematic material, and I think it works on a whole different level.It's sort of an anthology film, but the three sections a little too interconnected to just lay it like that. They're connected through a similar set of characters that appear in, or are talked about, in all three, but also with the common theme of choice in the face of fate.In every story, from the dual framing devices (the café and the shootout over the suitcase) to the three main stories, characters are presented with inflection points in their lives, and they chose to go one way or another. Vincent Vega has come back to Los Angeles from several years as ""the man in Amsterdam"". One of his first tasks is to take his mob boss's wife, Mia Wallace, out for dinner, to provide her with company while her husband, Marsellus Wallace, is out of town. There's an connection between them that caps with them both dancing in a twist contest in the wonderfully grotesque nostalgia restaurant Jack Rabbit Slim's. Vincent refuses to take the next step, though. We're not quite sure if Mia would go to bed with Vincent (the way she talks about her husband demonstrates her fidelity towards him), but her willingness isn't the point. The point is Vincent's desire to make a move. He feels it's within the realm of possibility, but he refuses to take that step.Of course, he never really gets the chance because Mia has found Vincent's stash of heroin and snorted it, which was simply too much for her system and she began to overdose. This leads to the most famous scene in the movie where Vincent has to puncture Mia's breastplate with a six inch needle in Vincent's drug dealer's house. It's a great moment of tension with a fantastic shock.Taking a step back from that description of the first major third of the film, I think we can see in microcosm why Pulp Fiction works so well. We have fantastically written characters. We have an exploration of the central theme playing out dramatically. We have some spectacle in the form of the needle episode. It's a marvelous combination of entertainment, character work, and strong thematic material wrapped together extraordinarily well.The second third deals with Butch, a boxer we saw talking with Marsellus Wallace in the first. This also takes place after the third section. Butch has agreed to throw his fight, but he used the quasi-public knowledge of the agreement to cleanup on the odds and win big by winning the fight. He's prepped and ready to go, talking lightly with his girlfriend Fabienne as they spend the night in a hotel talking about the nature of attractiveness (really, her desire for a pot belly), and make fun of each other. He's set for life, and he knows it, but something's wrong. His father's watch is missing, left behind at the apartment. Christopher Walken actually started the story with a telling of the history of that watch (the famous ass watch scene), which he delivers wonderfully. It also sells the importance of the watch to Butch so that when he suddenly loses his cool and decides to brave what should surely be certain death to get it back, we get it. It makes sense. He has to go get it. There's no other choice. He goes back, gets it, gives Vincent a chest full of led from Vincent's own gun, and then accidentally happens across Marsellus Wallace as he drives away.There's fate again, presenting Butch with a situation where he has a choice. After a car crash and a limp-filled foot chase, the two end up trapped in the basement of two perverts (one a cop) who proceed to rape Wallace. Butch uses his opportunity to escape and has another choice. He could leave, scot free, or he could free Wallace. He does the right thing, grabs a samurai sword, and cuts down the perverts (and their gimp with a solid punch to the face). Wallace returns this favor by letting Butch go. They will break ties and have no more to do with each other.The third is where the thematic material comes out most and comes to the best conclusion. Even though it happens before the rest of the movie, the path that Jules follows and how he ends the film is the culmination of the ideas flowing through it. We pick back up with Vincent and Jules in the apartment with the briefcase. An unknown gunman jumps out and fires, emptying his gun in their direction but hitting nothing. After the darkly comic episode where they have to clean up brains from the back of their car, Vincent and Jules settle down in the café that started the film as Jules talks about their miraculous escape and how he plans on facing that with the rest of his life. Vincent considers it a freak accident, but Jules sees it as a sign from a higher power. He's been given an opportunity and a choice, and he's going to take a new path in response to it. He demonstrates that new path by allowing the robbers from the beginning of the film to leave with their lives.Thinking back over the rest of the movie, we realize the order of events as they played out chronologically and discover that Vincent died after the ending of the movie, at Butch's hands. If Jules had kept on his path without diverting it, ascribing the freak gun event as mere happenstance instead of a sign, Jules might have died there too. The universe reached out to both Vincent and Jules, and it was only Jules who read the sign correctly to run off to be like Caine from Kung Fu.So, sitting back, what is Pulp Fiction? First, it's a story that's told out of order chronologically but is arranged in a way that heightens its emotional and thematic impact. It's very well acted, filled with wonderful conversations between well-drawn and interesting characters. It's dotted with great moments of excitement, the kind you expect from a good time at the movies. It's an entire package of entertainment, thematic weight, and great characters.No wonder it made such a splash."
5990,"The suspension could be pretty but the design is not good.
Part A is broken because it does not have enough thickness to support all the elements of the lamp.
Room B is impossible to set up because there are no necessary games.
In conclusion I do not advise the purchase of this lamp."
6011,"The video on Udemy runs slowly, even with a good internet connection. It seems like there might be an issue with the buffering speed or scalability, making it difficult to watch the course smoothly. Could you please check and improve the video streaming speed for a better learning experience? Day 10 and videos are still not working properly..."
6232,"This game is amazing, and I have been playing it for years. I would've given it 5 stars, but from the recent updates, the main page keeps showing me a connection problem. When I click it, it tells me connection error and check settings. I tried restarting the phone, deleting the app, and reinstalling it. Nothing works, and it's frustrating. I can't use certain surfers that I bought because it keeps showing me a loading symbol due to the error. Please fix this. UPDATE: SUPPORT SITE WONT OPEN!"
6334,Another glitch has occurred after last update. My tasks is no longer showing tasks or section in the mobile app. Is there a limitation on number sections shown on mobile?
6349,"Je viens d ouvrir comme tous les jours et je me retrouve au premier jour! Trouvez l erreur!

I just opened like every day and I find myself on the first day!  Find the error!"
6431,Depuis quelques jours bug de cette application ! Impossible de faire une partie. Je suis immédiatement déconnecté après une seule partie. Les bonbons gagnés ou autres ne s’incrementent plus !!! Dommage j’aime bien ce jeux depuis des années
6432,"Comment on fait pour signaler un bug? Parce qu’en ce moment c’est grave! Il y a de gros bug qui vous font sortir de l’application en pleine partie et bien sûr quand vous revenez vous avez perdu la partie, une vie, et votre série arc en ciel! Déjà que c’est devenu super difficile de tenir la série arc en ciel si en plus on la perd à cause d’un bug c’est inadmissible! Faites quelque chose!"
6500,"Please remember our views below are just that, solely mine and my wife's alone. You may go and have the time of your lives and we hope you do. We are just reviewing from our PoV being huge Disney fans (mainly my wife!) and visited both USA and France parks many times now.Lets start with the package booked and hotelWe booked for the 2x of us for a 4x nights / 5x day stay. We stayed at the Santé Fe hotel, the cheapest on site budget hotel. We have stayed there before and liked it, it does the job. We planned to go as it was my wife's birthday, for her big one next year we are going back over to WDW Florida, but we felt we needed a quick Disney fix, a Christmas Disney fix this year. We also booked the half board meal plan and photo pass. We done this a good few months ago and pre booked all the restaurants we wanted to eat at etc at the time of booking. Highly recommended you to do this too. You will not get a seat anywhere on the day, so please avoid this disappointment. Now the cost for this 'mini' Disney fix.....just very shy of GBP 2,000 with the half board meal plan, park tickets, photo pass and birthday treat cake for my wife on her birthday. That is not including the LeShuttle train which came in at around GBP 150 -200.00 depending on time of travel, car size etc. Now in comparison, with the WDW Florida holiday we have booked for next year staying at All Star Movies, with meal plan, tickets, premium flights and photo pass included for 14 days it is GBP 7,000, you can see how relatively expensive DLP is and therefore what you would expect and want for the price you are paying. Now don't get us wrong, we will pay the money, but we expect the service and experience, the Disney experienceSo we rock up to the Santé Fe around 1400 hrs after good LeShuttle crossing and drive down. A very easy drive to from Calais, its about 3.5 hours. Roads are good, mainly two roads and that's it. It will cost you about 25 Euros in toll but you can use a debit/credit card for this, so don't worry about being cashless. We knew we would likely be too early for the room, but we wanted to get the photo pass voucher from reception so we could get some ride photos that afternoon. If we didn't want the photo pass that afternoon we could have gone straight to the parks (after parking the car at the hotel) and used our magic passes on the DLP App. Everything you booked beforehand and during your stay is kept on the app. I'll digress a little here sorry. The app overall is very good. But it stutters a lot, loses connection to the Wi-Fi and even mobile data if you have that switched on. Always at the most inconvenient time too. Also, so many people through the parks just gawp at their phones whilst walking aimlessly about, its endless dodgems in the park and combine that when its very busy and you will not walk a straight line longer than 20 metres! Oh and also do not expect an apology or excuse me from anyone if they bump you or block you etc. Its a European thing i think, no one cares at all. Just me, me, me. Anyway back to Santé Fe. The gent we spoke to at reception, nice guy told us that our room was not ready and that they will text us (checked my number with me) when the room is ready. Gave us a card key and said as soon as you have your text you can go straight there as your key will be activated. Will point out to you now that the key states 'Magic Pass' on it AND the reception guy said we could use this card in conjunction with the app. Handy that then if the app doesn't work at a time when you really need it to. we headed in to the parks. Come 1700 hrs, still no text. So by then after the travel day and the missus getting me on Tower of Terror as our first ride (blooming thing!), we headed back to reception. We saw a different guy this time. Again nice chap. We explained we still hadn't got our room number yet. He looked at his screen and said ''i am sorry your room wont be ready til 11pm'' then he smiled and said only kidding and am sorry that you didn't get your text, lets sort this out for you. My kind of guy with my kind of humour bless him. Now we did request a room on the ground floor close to reception and the La Cantina restaurant. Well they did exactly that for us, ground floor in the Sally building. Bang opposite the restaurant and reception, we even ended up parking the car right next door to the building, literally 20 secs from car to room, brilliant. We gave them our thanks and headed to the room. So Santé Fe is Cars themed. Rooms are themed nicely, but once again could do with a new refresh and refurb. Think they were just refurbed or freshened up after our last visit a few years back. But its still very clean and tidy. Room serviced daily too. They even left the trolleys out if you needed to grab some extra towels at anytime. The beds, oh my, they were divine. Some might find them too firm, but we thought they were just right and had good nights sleep even from the first night. The biggest let done of the room, the bathroom. Especially the shower. My word. I could dribble faster, the temperature control is none existent, so be prepared to go from scalding hot to ice cold in a matter of milliseconds. The shower curtain is of the flat variety, so if you are even the slightest bit bigger than an Oom-pah Loompa expect to be fighting a clinging war with the curtain. The plug mechanism didn't work in ours either, at all. I had to dismantle the thing so we could take a shower. The cleaners put it back when they cleaned through that morning, so when i had to dismantle it again the next morning.....we hid it! ;). So yes the rooms could do with a bit of a refresh and certainly a bit of plumbing maintenance. We had breakfast at the hotel each day apart from one day we did the character breakfast in the Plaza Gardens. The hotel breakfasts were fine, usual buffet type, plenty of choice and all fresh. The rolls are very crispy though, so go careful and perhaps avoid if you have a delicate palate or false nashers. We also had dinner in there a few times (on the half board plan). This is where we found issue with the 'Magic Pass' door key. It doesn't do anything but open the door apparently! That's what we were informed getting to the front of the dinner queue to check in. So traipsed back to room (luckily not that far away) to retrieve me phone. I left it behind just that time to have a blooming rest from it you know, thinking, as i was told and as it states on the card 'Magic Pass'. Also another dinner tip. Take some of your own drink with you. You only get one free soda each, once you've drunk that you cant refill it. It uses some fancy chip on the bottom of the mug. So they can use fancy chips on the bottom of the drinks mugs, but cant activate a room key to do anything else than open the door......even though the key says 'Magic Pass' and i was told it was usable for all the other things too. I am not over this yet am i??lolBuses to the park your usual fayre. every 12 or so minutes and its literally a 5 minute journey (if that) to or from the hotel. Expect to be bundled out the way by most as they vie for seats, but don't worry about all that nonsense, as long as you get on it, its only a five minute stand topsSecuritySo you now have to go through security checks before heading to either park. This can get extremely busy. Once again the staff are not very helpful at all.........sorry to say it again, if you speak English, expect more nonsense than other languages might suffer. One time through i was accused of carrying a knife in my bag! I offered to move out the way, over to the usual table where you would empty bag contents and empty my bag for them to search through properly, like a decent and proper security guard team should. Nope they (all 3x of them) continued (and wanted to continue) making a big fuss, holding up the line and machine, still accusing me of carrying a knife, but without actually allowing me to empty my bag to show them otherwise. You know what it was they saw on the x-ray machine? My credit card holder.  Didn't get any form of an apology or thank you have a good day, nothing. Embarrassing. For them not me tbh. Walt Disney Studios Park (the name for now)Basically, its shut! lol. Its not by the way, but it might as well be with the amount of refurb and construction going on. Instead of doing this and that bit by bit as they do in the States, they have decided, in their infinite wisdom here, to rip the whole park apart and refurb it all at once. Maybe a good idea, maybe not? But at present it resembles a building site more than anything else. Still nice and tidy as always. Very crowded though, even more so when you are being bottle necked into walkways surrounded by scrim. So yea its an alright park, that if you wanted to, at the mo you could complete in half a day. Tower of Terror just a classic as well as Ratatouille. One or two new rides in Avengers. The biggest disappointment is the Cars Road Trip ride. Just the Backlot Tour ride with the name Cars Road Trip stuck on the front of it, with blu-tak. Where's the Disney Imagineering with that?? Had the chance to really zazz that ride up. Gone for the idea of the Cars land in California, but no just a name rehash. Very disappointing. Cars not seen as woke enough these days i suppose to grant it any more than a name change rehash. some good food and snack stalls if you can get anywhere near close to any of them. Majority of the restrooms, if not all, extremely clean and tidy. Warning for the ladies though, unfortunately you still may have to queue for yours. Awful really, we put men on the moon almost 60 years ago, but still in 2024 ladies still have to queue for toilet space! Its the same in both parks by the way. Us lads though no problem though, no queues seen at all. Will say to the gents though, again this is for both parks, some of the toilets do not have many cubicles, so if like me you prefer a cubical......whatever your intentions, please be aware of thatMagic Kingdom (Disneyland Park)Looks beautiful in its Christmas fayre and décor, it really does. But it just lacks the magic, the Disney experience, the bubble you know. If you have been to Disney in the states you know what i mean. A few years back when we last visited DLP it started to feel that it had. I think Disney had just come back in to it. They had previously sold their shares in it, for it to dive in to the depths of its despair. Well it seems to be slowly sinking towards that despair again. Ok Disney has always been about the money, BUT it still gave you that escapism, that running from the real horrid world, even just for a few days to escape, go back to that child like state, that comfort that we all love, even if many of us cant or wont admit it. But with DLP that's all it seems to be about. Money, rides and shows and how much they can make for it. Will get on to the Premier Access stuff shortly. But they just don't care for the personable service there they really don't. Its someone's birthday, throw a badge at them (once they have shown the date on their passport of course, can't have anyone walking around in a 50p badge saying its my birthday if its not, crime of the century that. But why not to be honest? They don't do anything special anyway for that person. Each and every staff member at WDW wished me a happy birthday when i was there celebrating, i even got some pixie dust treats. Nowt big, but say place you in the front row on a ride, or a fast pass on a ride to save queuing, but it felt special. When my wife and i had our honeymoon many moons ago in WDW we were given honeymoon badges and was treated like royalty. Everyone stopped to say congrats, we got asked to open the theatre doors to shows, our own ride vehicle on certain rides. It was amazing. DLP, they couldn't give a monkeys at all. Might as well have just stayed at Centre Parks or Alton Towers. No disrespect meant to either of these venues by the way, its just Disney should be different and run properly it is different than the rest. Again back on track, MK was also very clean and tidy. Very crowded. Some would arguably say that DLP may well not have a capacity limit it was that busy. Parade was nice, but very short and the same parade happens twice a day so they can get the floats back to the original position. Again where's the magic in that?? Plenty of room guys, reconstruct your behind the scenes better! Or make it one big parade and ferry the floats back after the park has closed. Still a beautiful looking park i will say that and do like the fact you can walk through and around the castle, room permitting of courseWalt's RestaurantWe booked this experience on our half board meal plan. It was one of the best experiences of my life and the best three course meal i have ever had. We had seats at the window over looking Main Street and we were there to watch the early daylight Christmas parade pass by. One lady that did know the Disney experience was our server a young lady called Clara. She was just the best, a credit to Disneyland Paris. The only downside, was yet again someone else that could not control their children. had one of them leaning across me food at one point! It could not diminish though what a fantastic meal and experience it was. Personally, do not think children under 12 should be allowed in there, there has to be somewhere for us adults just to enjoy the magic in peace, if only for a couple of hours. It is also adult themed in there, nowt to interest the kiddo's, so just give it to us!lol Biggest tip though if you fancy eating there, please book in advance like we did you will not get in on the day, or even trying to book a few days ahead, i think you will be disappointedUltimate Access - Gives you ONE ride on all rides named on the app which is the majority of the rides in both parks. This access is for both parks and has to be used in one day, not over the course of your stay. Its from 90 Euros each (child or adult), but it never is that price. We paid 120 Euros each for ours, 240 Euros total. We did it on the Friday as we thought being a weekday would be slightly quieterOne Access - Basically you can pay for this for one particular ride at a time on the day you are in the park. Prices from 5 Euros each a ride (child or adult).... yea right!Ultimate Access Experience (UA)Ok then. Take a free to use Fast Pass system used many years ago up until very recently and successfully. Now take that service, give it a fancy name at each ride 'Premier Access' charge people even more than a daily park ticket to be able to get on the rides quicker without queueing or a very short queue at most. Shall we let them have unlimited rides for that money?  No. Ok then shall we redesign the old Fast Pass queue layout so we can get the Premier Access customers to the start of the ride quicker? No. So then what we are saying here is we are going to use a once free service, that worked and make no changes to the queue layout and charge high end fees to place people half way down a queue, still to wait 20 plus minutes? Yep, that'll do!Now please don't get me wrong here, i know its an add on, not a compulsory service and you pay your money you make the choice. But if you are not going to improve the once free Fast Pass service at all, then don't charge the money you are charging. Some people like us, many if not all people are only at DLP for a few days and some would like to try and get on all the rides that they can and are willing to pay for that service. But don't rip people off and that's why it is a rip off. An answer to this would be for the UA to last for the duration of your stay, that would be more fair and look affordable. I mean even though there is only technically one and a half parks open at this time due to the refurb works, i challenge anyone to get all the available rides on the UA done within the day. It would be nigh on impossible. Some of the PA lanes at some rides where as long as the normal lines itself, Thunder Mountain springs to mind thereOne Access (OA)The following day we thought we might try this on a coupe of rides we didn't get to go on yet (yep even after a day of PA at 120 nicker each!) At 'from' 5 Euros a ride it didn't seem too bad.......ok. So cheapest ride was Phantom Manor at 7 Euros. Ok not too bad we thought. Only for it to breakdown literally as we were about to go through the door. You can wait and use the OA on the ride later when its fixed, but fixing time not guaranteed. So you could go use it on any other ride ''Any other ride'' as muted by the queue attendant at PM. Well Thunder Mountain be the closest one we will try there. But then told by the TM queue attendant, ''no the ride you go on must be an equivalent OA price as the one that broke down'' fair enough we thought but looking through the list we didn't really want to go on any of them. So we thought as we are here at TM and the actual queue time stated 65 mins (it never is that time by the way, here in Paris they seem to be longer than stated, total opposite to WDW which always seem to be less, strange) we thought lets book a OA pass for TM whilst we are here, on we go to the app, TM 16 Euros EACH!! 16 Euros!! I just laughed, i had nothing else left. So in conclusion are the UA and OA worth it? UA - well all depends if you've got the fitness (and inclination) to do two parks all in one hit in the one day, how many rides you really want to get done and of course the crowding of the parks and not wanting to see any shows or parades. OA - Avoid like the plague, unless you are really really desperate to ride a two minute ride, still queue for likely 20 plus minutes at least and loose upwards of 30 Euros, more if you are a family that want to ride, remember the price is EACH, man, woman, child or beast!Genie and Genie Plus crashed and burned in the States when people said enough was enough, i can see this happening with both the UA and OA too unless the pricing is drastically overhauled, or the Premier Access queue line lanes are redesigned Character Breakfast - Plaza GardensGreat experience. Our characters were Donald, Daisy, Goofy, Pluto, Tigger and Eeyore. They were all very attentive and great interacting with us all. Had time for everyone and hung around for the whole hour. Breakfast buffet was good too as expected with the usual food on offerBirthday cake treatThis was ordered when we booked the break back in the summer of this year. each time we booked in for dinner we were asked if we wanted the treat. No not this time thanks we are waiting for the actual day. Then the night we wanted it the system at the restaurant went haywire and showed we hadn't ordered it. I then tried to show the details on the app, but yep you guessed it, the app wouldn't work due to connection issues. Manager called in to try and sort it, the English language seemed to become more and more difficult, funny how it was all going smoothly until a glitch in the works. 20 minutes later with my wife getting more embarrassed and upset by the minute i just asked to forget the birthday cake we will just get it refunded after our stay. even then i still had to show the Magic Pass on my app that still wouldn't connect up. Had to wander down the corridor until it fired up again. All quite embarrassing and unnecessary. But at the end of all that, no apology, no thank you for our patience and please have a happy birthday, absolute jot all. In conclusion i am really sorry in saying that, I do not think it will ever change at DLP to be a consistent great addition to the the Disney world of parks. It looks great yes but lacks any substance whatsoever, apart from the odd event or staff member. But it just not do enough i am truly sorry to say. Save your money, head to Florida or LA instead. It was certainly our last visit to DLP"
6523,"Do yourself a favor and stay away from this app on mobile devices and tablets. Instead, just use the browser/web version because this product is terrible. You aren’t able to create your own views, the interface for moving between projects is bad and (last I checked) the “My Tasks” view won’t even load so somehow the team introduced a bug that kills the core piece of a productivity/todo app without realizing it."
6644,"Pulp Fiction, despite its high acclaim and position in the IMDb Top 250, only manages a 3/10 from my perspective. Initially promising, the film soon becomes a letdown, primarily due to its convoluted narrative structure and multiple intersecting storylines.The movie starts off strong, drawing the viewer in with its unique style and intriguing characters. However, as it progresses, the charm wears off. The multiple storylines, which at first seem clever, begin to tangle and create a confusing viewing experience. Instead of a cohesive narrative, the film feels disjointed, making it hard to follow and stay engaged.The constant jumping between different plots and timelines, while innovative, doesn't work for me. It disrupts the flow of the movie and dilutes the impact of each individual story. This narrative choice, though celebrated by many, can be disorienting and frustrating for viewers who prefer a more straightforward storytelling approach.In conclusion, while Pulp Fiction is renowned for its distinctive style and has a significant following, its complicated plot structure and lack of coherent narrative make it a rather tedious and overrated film in my book. The initial excitement quickly turns into disappointment, leading to the low rating."
6658,"Disney World was the gold standard in Theme Parks. Sadly that is not the case anymore. Many rides were closed and food just awful. Payed a small fortune to experience the happiest place on earth. Woke up early to get over to Hollywood Rise of the Resistance only to arrive and it was out of service, same at Magic Kingdom a few rides not available.Then the monorail was broken for 40 minutes sitting there just waiting and waiting. Between park passes, the hopper pass, hotel, food etc.WDW you need to do better, your guests are doing there part you need to step up your game like to the old days.Seems the Magic might be fading a bit."
6683,The status bar time and battery persists while viewing episodic content. It hides automatically while viewing movies. It hides automatically viewing videos on any other app also. So this is strictly a Netflix bug. I’ll happily change my rating to five stars when you guys fix it. Have to get your attention somehow 🤷‍♂️ This has gone on for far too long.
6717,"I prepaid for Lightning Lane in addition to my park tickets in order to preschedule specific experiences and maximize my time in the parks. In return, Disney failed to deliver on its promise of providing those experiences at the designated times I selected - which is the main benefit you're paying extra for. This happened several times over 3 days (Frozen @ Epcot, Pirates @ Magic Kingdom & twice @ Rise of the Resistance @ Hollywood Studios).  In Epcot, when my ""Tier 1"" selection (Frozen) broke down, I couldn’t exchange it for “Remy” (another Tier 1 option). I was offered the “Pixar Short Film Festival” as a possible replacement - which is an insulting replacement option!In my second try at Rise of the Resistance, when we were finally able to ride several hours after our return window,  our experience completely skipped the shuttle ride sequence from the Rebel base!  This is about half the total attraction and sets up the rest of the attraction!Disney is not forthcoming with refunds when you either can't experience the attractions you book with this service, or when they charge you full price for the ""half experience"" I got on Rise of the Resistance.  If you are unhappy, they instruct you to spend your day waiting in line at Guest Services, which almost always has long waits due to the amount of other guests complaining.Disney does offer a chat feature through it's My Disney Experience app, but when I attempted to use this to get a refund for my first missed Rise of the Resistance experience, it took 80 minutes and I was forced to chat about the refund during my expensive anniversary dinner at the Brown Derby!One thing I will mention - without the Lightning Lane service, you will spend a lot of time in line if the attraction you booked is not broken.  It's a catch-22 - and at an extra $50+ per person/per day an expensive conundrum.I had horrible experiences dealing with Disney Cast members over these Lightning Lane failures.  I will not be going back to the Disney Parks!SIDENOTE - I had much better experiences dealing with team members at Universal Studios.  I consider the Universal parks a much better option for your Orlando theme park vacation."
6736,"I have a login prompt from opening up the app and then when I put in my credentials, it says error: I’m already logged in. So basically I’m not able to login."
6771,"Trop de bug, l’application se ferme sans raison en pleine partie. On doit refaire la même partie et on perds donc tous les bonus accumulés… ça ne donne plus envie de jouer."
6867,"Bonjour chaque fois que je joueu il y a un bug et Candy Crush Soda se ferme et nous sommes obligés de le relancer 
bien sur la progression n’est pas pris en compte ça en devient lassant et les bonus ne sont pas pris en compte 
Vous avez créé un jeu addictif et nous sommes déçu que les challenges ne soit pas pris en compte
Un joueur addictif"
6883,"In a diner, a man and a woman who call each other Pumpkin and Honey Bunny eat breakfast in a booth. Honey Bunny teases Pumpkin for not wanting to commit armed robberies anymore, and Pumpkin explains that robbing the diner would be better than robbing convenience stores or banks. She agrees, and the two leap to their feet and draw their weapons, before the opening credits roll.Across town, two men in suits named Vincent and Jules ride in a car discussing Europe and fast food. Jules tells Vincent that Marsellus, their boss, allegedly had a man thrown off a balcony for massaging his wife Mia's feet, who Vincent has been instructed to take out to dinner. They argue about the implications of foot massages, before storming an apartment with three men inside. Jules kills one, and recites Ezekiel 25:17 before killing another, named Brett. Vincent retrieves a briefcase, the contents of which glow, from a kitchen cabinet.In a bar, Marsellus gives an envelope full of cash to a boxer named Butch, bribing him to throw his next match. Vincent and Jules, now wearing tee shirts, enter the bar, and Butch has a brief exchange with Vincent on his way out.
In the following scene, Vincent buys heroin from his drug dealer, named Lance, and talks briefly to his girlfriend Jody. After buying three grams of heroin, Vincent shoots up and heads to Mia's house. Mia does cocaine in the bathroom while Vincent fixes himself a drink. They head to a restaurant named Jackrabbit Slim's, where they talk about Mia's failed television pilot and the foot massage rumor, which Mia denies. Mia forces Vincent to participate in a twist contest, which they win.Back at Mia's house, while Vincent uses the bathroom, Mia mistakes his heroin for cocaine and snorts it, falling unconscious. A panicked Vincent rushes her to Lance's house, although Lance is reluctant to help. Vincent is able to successfully revive her with an adrenaline shot straight to the heart. At the end of the night, Mia tells Vincent a joke from her television pilot, which she previously refused to divulge, and the two agree to keep the night's events a secret.A man named Captain Koons visits Butch as a child, giving him a gold watch that is a family heirloom. As an adult, Butch kills his opponent in a boxing match, rather than purposely lose as Marsellus wanted. Butch escapes in a cab driven by a woman named Esmeralda, and calls a bookie named Scottie who plans to collect Butch's earnings. Meanwhile, Marsellus orders that Butch be killed. At a nearby motel, Butch's girlfriend Fabienne waits for him, and the two talk and have sex. The next morning, Butch realizes his gold watch is missing, and angrily leaves the motel in search of it.Butch cautiously returns to his apartment, and initially finds no one there. He retrieves the watch and notices a gun on the counter. He hears the toilet flush, and kills the man who emerges from the bathroom, which turns out to be Vincent. Butch leaves and is spotted by Marsellus at a stoplight. Butch rams him with his car, and an injured Marsellus chases an injured Butch until both men are subdued inside a nearby pawn shop by the owner, named Maynard.Butch and Marsellus awaken in the pawn shop basement, where Maynard has bound and gagged them. A man named Zed shows up, who orders Maynard to get ""the Gimp,"" a man in a full-body bondage suit who sleeps in a trunk. Zed drags Marsellus into another room to be raped while Maynard watches, and Butch manages to break free. Butch is about to flee when he hears Marsellus's cries and instead retrieves a katana sword and ambushes the men, killing Maynard. Now freed, Marsellus shoots Zed in the crotch, and tells Butch that the men are even, as long as Butch leaves town and never tells anyone about the incident. Butch rides Zed's chopper motorcycle back to the motel, and he and Fabienne ride away together.The film flashes back to the scene where Jules recites Ezekiel 25:17, this time from the perspective of an armed man hiding in the bathroom. After Jules kills Brett, the man runs out and fires wildly, miraculously missing Jules and Vincent with his entire clip. Jules and Vincent kill him, and Jules calls the event an act of ""divine intervention."" The two take Marvin, the only surviving man in the apartment, with them, and leave. In the car, the men continue debating ""divine intervention,"" and Jules pledges to give up his life of crime. Vincent accidentally shoots Marvin in the face, killing him. Jules calls a nearby friend named Jimmie, and they head to his house to deal with the cleanup.
At Jimmie's house, Jules calls Marsellus for help, who arranges for a man named Winston Wolfe to come over and help fix the situation. Jimmie tells the men they have ninety minutes before his wife Bonnie arrives home. Wolfe arrives ten minutes later and instructs Jules and Vincent to wipe down the car upholstery. They place Jimmie's blankets over the seat, and Wolfe hoses a naked Jules and Vincent down in the backyard, before giving them old tee shirts to wear. They follow Wolfe to a nearby auto shop, where the car is destroyed. Wolfe introduces Jules and Vincent to his girlfriend Raquel on his way out of the auto shop, and then leaves.Jules and Vincent decide to get breakfast at the same diner that Pumpkin and Honey Bunny are about to rob in the first scene. Vincent goes to the bathroom just before Pumpkin and Honey Bunny draw their guns. When Pumpkin demands Jules's wallet and the briefcase, Jules draws his weapon, and explains to Pumpkin that he now understands the true meaning of Ezekiel 25:17, and wants to find a non-violent solution. Vincent emerges from the bathroom, resulting in a Mexican standoff. Jules successfully de-escalates the situation, and he and Vincent leave the diner with the briefcase in hand."
6887,"Bonjour, la nouvelle mise à jour Noël bug. Le jeu quitte sans cesse pendant la partie. Impossible de joindre l’assistance, la page n’existe pas. Pourriez-vous regarder quel est le problème avec cette version svp? Merci ☺️"
6999,"Wow where to start. As a past cast member I can say with conviction that this isn't the Disney I worked for. The price you pay for tickets is high enough, and that is fair. You pay for the magic, right? I think given the nature of the fantastic product that Disney created that's fair.Let me paint a picture.Youre finally here! Disneyland, the happiest place on earth. But wait... now that you're inside you can't get a fastpass for anything. Didn't these used to be free? I mean surely you saved up, travelled all the way here and paid your pricey admission right? Oh so sorry. Here comes the rip-o... I mean Magic!You have to download and use a cellphone app called “Genie” to access the fastpasses. (who's real magic seems to be siphoning money from your attached credit card number) (problematic if you are roaming, and I personally can't wait to see my cell phone bill. I'm sure that will be magical)The constant need to be on your phone takes you right out of the park experience. It's an awful application, draws battery power and data at an excessive rate, and when your phone inevitably dies it costs 30 dollars to buy a battery pack to charge it. When asked about rectifying this guest services just tells you there is no other option. Have a Disney day!After all the digital ridiculousness you can only use the fastpass for two to four times in a day due to its built in timing limitation, and they don't even allow it on popular attractions.Wait... Whaaa? Didn't you just bite the bullet after travelling down here, finding a hotel and paying five days of admission tickets, and now thousands of dollars later have to shell out an additional 60 dollars for two fastpass accesses EVERY DAY? *sigh* I guess you pay for the magic right? At least we can all relax and enjoy the attractions in a timely manner now.  Ohhh wait, you can't!? ""Not offered"" ?These are POPULAR attractions! Silly me, those cost an extra 13-19 dollars a head each time!! HOW MAGICAL.Nothing is more magical than paying 60 dollars for two people to skip long lines only to be stuck for 90 minutes in the line you bought the passes to skip while people saunter past you in the lightning lane that expects ANOTHER 19 dollars a head to use. Then to add even more magic, the popular attraction, (after an excruciatingly long wait line, the exclusive genie app fastpasses you had to pay for magically dont work on) breaks down while you are on it.What a magical experience. After sitting on the track for a while not moving you finally get off and bring this horrendous rip of... I mean MAGIC to the attention of a cast member! Instead of an apology or attempt at service recovery,(which if I remember my training from good old Disney traditions is expected of every castmember when guests bring breaks in the magic to their attention)Imagine getting an annoyed shrug from the uncaring, apathetic, slightly disheveled, and clearly tattooed castmember, and a""what can you do"" comment.So much for “the Disney look”Then we get to the park itself. Missing lights on main Street and pixar pier attractions, closed major rides and attractions, derelict old favorites that are being overgrown, horrible lines, way, WAY too many people, absolutely outrageous prices for food and drink, and the constant ever present annoyance of the genie app.  apathetic cast that clearly don't care and can't be bothered to make any effort, (too much emotional labour I guess) Not to mention the irritation of a Star Wars fan constantly getting the failed Disney version characters jammed down your throat.WOWCan I give you more money?Next time Legoland and Knott's berry farm."
7056,"Magic is gone. Day one, animal kingdom, long lane, day two, magic kingdom, boring plus long waiting, more like shopping center. Day three, Epcot, long waiting, we were waiting for frozen ever after ride for two hours, suddenly they told us technical issues. Simply, they told us to come back later and wait in lane again. They could just give us a sticker or lightning pass for that single ride. Basically, they don’t care you customers, Disney has millions of you each day.   Day 4, which is today, Hollywood studio, we decided not to go, we choose to abandon ticket, and simply go to universal studio. Because of my work, my family move to different states every 3-5 years. We went amusement parks a lot. Seaworld, LEGOLAND, six flags. I have no issues with any other parks before. First time, Disney and last time Disney. Overall experience is not good at all."
7156,"What I didn't liked and few improvements suggestions:- Frozen themed events and attractions were missing. - Long waiting queues (particularly for meeting the characters and for the shows). - Very expensive souvenirs. - When is a bit windy the night show is not using the drones which makes the show a lot less spectacular... - The restaurants in the parks are closed in the evening 9most of them after 16:00) making it impossible to have dinner at a decent hour and then see the night shows (after the show is over - 22:00 is to late to grab dinner outside Disneyland Park because everything is closed so you end up starving in the night).- After the night show the park is closing immediately so everybody is leaving the park at the same time making it very hard to get home with that huge crowd heading to the same busses/metro/shuttle stations.- more surprise appearances of characters would be great. we only met Captain Hook. Maybe princesses (especially since for Princess Pavilion you have to wait so long in line and then meet whatever comes your way), fairies, no Frozen characters or shows available- some sort of virtual queues would be nice"
7170,"Overall a very good course, I have learned what I consider to be a substantial amount in the past 2.5 months. However much of the course isn't updated, and some lessons are completely broken as a result. If you apply yourself you can most definitely work through the issues. The instructor speaks British English and is very easy to understand."
7197,"The lamp is simply gorgeous! The people ar Dezaart are also very kind, they sent me a little gift of a candle holder (thank you so much, it is now on my dinning table). My shipment arrived well extremely packed, nothing was broken, nor scratched though things came overseas and there are a lot of small pieces that could have broken. The instructions were really clear, and I was able to put all 3 lamps I bought together in about an hour. I just love my new lamps! thank you so much!"
7242,"Back to the future is one movie that contains excellent visual effects, a nice story plot and the directing is just excellent. The movie has a beautiful screenplay, and the movie puts the full stop in the statement, ""never a dull moment.""Michael J Fox was the desired man cast to play the lead role Marty McFly, but he turned it down due to scheduling conflicts, so Eric Soltz was cast in his place. After filming had begun, Zemeckis and Spielberg felt Soltz was not portraying the character well enough and knew this was a casting error, so they had to re-cast and ask Fox to try and make time to be in the movie. So Fox had to re-arrange his schedule time to be able to shoot Family Ties (TV Series) and the movie at the same time, this recasting meant, an extra 3 million production cost, as all the scenes that Eric had done had to be redone and Fox was so busy, that it was said that he only got 5 hours of sleep a day at the time.Marty McFly (Michael J Fox) is a teenager from the Eighties who befriends a slightly coco scientist Doctor Brown (Christopher Lloyd). During one of their meetings Doctor Brown mistakenly (due to an accident) sends Marty 30 years into the past, 1955 to be exact. Marty while in the past, mistakenly interrupts his parents meeting and he must find a way to fix it or else he will no longer exist. He also has to help the Doctor Brown of 1955 get him (Marty) Back to the future.Back to the Future was a financial success the movie's 100 days production cost was 19 million dollars (including the recasting cost) and it made over 380 million dollars in the box office. It was also a critical acclaim winning an Oscar for Best Sounding Editing.The balance in this movie is what makes it a most watch the movie's transgression from comic to science fiction to romance/drama, is what makes it such a most watch, it takes its time to explain even the complexity of time travel, that at the end even with the slightest of details that made no sense I actually was convinced and doubted not that Doctor Brown did it.Back to the Future is a movie hit for all to see and enjoy, it was that good that two sequels were added to it, Back to the Future II and Back to the Future III although the release dates for the sequels were 1989 and 1990 respectively all maintained the time of 1985 when the first time travel happened. So in the end of Back to the Future III, we were back in 1985.www.lagsreviews.com"
7249,The course is aimed at beginners and hit's the mark. Sometimes beginner courses don't. The course is broken down into sensible and clear sections and the run throughs on a live Google account really help to show what has been explained.
7302,"Great lamp, but a bit hard to put together. My first attempt failed, but the seller helped me by sending a different design free of charge. I'd definitely buy from them again."
7336,"It seems that Quentin Tarantino must have written this movie, by writing down some gross scenes he wants to play out and then almost as a jump-cut tries to string those scenes together. It doesn't work, what does work are the big stars in the movie to bring people to watch it. They think, a collection of stars, so it must be a great movie. Sometimes it is, but this one isn't.The dance scene was nothing special. People continue to believe that John Travolta is actually a dancer because of the movie Saturday Night Fever. He ""played"" a dance, which isn't the same as being a dancer. He looked overweight and stiff in the dance scene of this movie, although this scene was promoted heavy when the movie first name out. Quentin Tarantino must have thought, that since Travolta played a dancer in another movie, we should have him dance. While Christopher Walken who in addition to being a fine actor is also a real dancer, doesn't dance in this film, which is a shame. While Travolta was great in Get Shorty, this script isn't a mature work. The story development is very poor, and has very long dragged scenes that add nothing to the story. It tries to conceal this fact by showing gross scenes which you get bored with seeing at the first sign of blood. The bad guys aren't just bad, they are stupid. If crime is your business, and you intend to kill someone, just kill them, no sense in lecturing them. It isn't like they are going to improve from this lecture. Maybe Quentin Tarantino wrote this script and then realized it didn't have enough gross stuff, so he put more of it in. The shock value doesn't last long. There are many characters in the story which could have developed into a wonderful story, showing the interplay and relationships between them all, which it could have easily done consider this bore is 2 and a half hours long, but they decided to go for the undergrad film school approach to long scenes which make you wish for a TV ad to break it up. Last and certainly not the least offensive of this movie, is how horrible music was used incorrectly. Nothing but songs tossed in which have nothing to do with anything. This shows he isn't a mature filmmaker who knows what the power of music can do for films. Quentin Tarantino needs to watch more Hitchcock films for starters. Tarantino needs to study characters since all those in this film were pretty much one dimensional. The people who claim this is a master piece don't know what a real master piece is. They have not studied films, they have not lived, and most of all, they don't really think for themselves. The marketing of this film tells them it is hip, so they look at it to be hip."
7350,"The front end is explained well, Backend is a total mess with lots of errors in lesson codes. No proper updates to videos. It should not be marketed as a full stack if it is not updated with error-free codes.  Remember folks you get what you pay but it is a complete waste of time going through the MongoDB chapter. Everything just falling apart."
7361,"In modern day LA a set of barely-connected gangsters, corrupt failures and their hangers-on go about their daily business.A film with a lot to answer for. Certainly it took director Quentin Tarantino from cult director to magazine cover star and created a raft of imitators. It put a few noughts on the pay cheque of Samuel L Jackson and brought John Travolta back from B movie hell.Like Star Wars it is difficult to know if you are reviewing the movie or the hype. This movie lived on word-of-mouth. They didn't need to hype it - it grew from a modest budget black comedy to being the movie that everyone was talking about.The title says it all ""Pulp Fiction."" That means those cheap novels that you read on airplanes or on the beach: full of characters that you know by heart, stories that you have heard before. This movie makes fun of a few of these characters.While this is a black comedy, the film world has been blacker, but it has never been funnier. I'd have never have thought that bringing a drug overdose back from the dead would make me laugh, but it does. A failed attempt at homicide make me laugh, but it does. I could on a while longer.And just when you are getting clever-clever and think you have it all figured out off the film shoots of in another direction. Amazing. This is a must see twice movie - there is so much little detail you miss first time around - things that make what happens later clearer.I am always worried about morals. Few movie viewers are. They are more worried about being entertained. Just look at bullying you see on the playground, not at the act, but the bystanders (male and female) laughing , joking and enjoying.Whether I like it or not Tarantino forces me to be one of these people - and there are times I don't like it. He is more restrained than in Reservoir Dogs (another great movie) but people are brought on to be carried out - if you see what I mean.There is only one scene that is totally without justification. The scene where Travolta drives while high on drugs - he should have been shown have at least had a near-accident. But he just cruises along without a problem.The thing I notice is that the film is slipping in the IMDb ratings. I know why. The film has become overblown and over discussed. This isn't To Kill A Mockingbird or Shindler's List with social history to support it past its initial afterglow.We have even seen a TV series - The Sopranos - that is just as good and which borrows a few of its tricks. I learned nothing new about my life (or how to live it) from watching Pulp - not even from repeat viewings - but it is a brilliant piece of cinema that cannot be ignored, just as long as you take it as simple entertainment and remember the title at all times."
7364,"Angela takes her time to explain a lot of the concepts and gives us the documentation so we can do further research.  My biggest complaint is not being able to report any bugs in the course.  Example: The username and password for the API Section 28 does NOT work.  Every username I try to enter returns an error saying ""username already taken"".  Please fix or give us a way we can contact you/your reps when we encounter these little 'annoyances'.  Thank you and keep up the otherwise exceptional work!"
7372,Create button not working on Android app. Search is not working on desktop (Mac). Nightmare. I've been using the app forever and love it... but now... GRRR
7453,"The light fixture arrived much quicker than expected which was great! Some of the pieces arrived broken but we were grateful that extras were provided. Assembly was easy, we were able to complete it without the video tutorial. I can’t speak to set up, as I had an electrician install. The results are beautiful. Not only is the piece impressive on its own, but it casts a starburst glow on the ceiling and walls that we adore. We splurged for a fancy Edison bulb and it looks great. The seller was very responsive to my initial question prior to purchase. I would happily buy from this seller again."
