"I have received multiple robo calls from  XXXX  Each time I am left a message or listen to a recording from   XXXX   XXXX   of Student Loan Help Center saying he has my application on file, and needs for me to call back so they can finish processing it and I can consolodate, have my student loans refinanced, or forgiven. Several weeks ago I called back and let them know I do n't have any student loans. I did not hear from them again until today ( several weeks later ) .I called back and left a message saying I 'd like to know how they can help me. I was immediately called by "" an assistant '' who asked me if my loans were current. When I said I did not have any, nor had I ever had any student loans, she told me they must have my number by accident and abruptly hung up.
The numbers I have received calls from or called are :   XXXX     XXXX   XXXX  , CA a  XXXX  phone number   XXXX    XXXX , CA   XXXX     XXXX   XXXX  , CA"
"I received a credit report from Equifax which states I have a level of delinquency on accounts! To my knowledge i have not had any delinquencies!!! I would like this corrected. I am planning on buying a house pretty soon! 

Thank you, XXXX XXXX XXXX"
"Previously subscribed to XXXX. Terminated my service, with a balance due, returned equipment and got notice, without warning, of being sent to collections. Balance due indicated of {$130.00}. 

Contacted XXXX  for an itemized bill supporting the {$130.00}. A few days later got a pdf of a bill from the collection agency, Credence Resource Management LLC, shows multiple balances but not {$130.00} except in header at top of bill. No indication in bill of how the {$130.00} is derived. 

I called Credence and they refused to send an itemized bill other than the erroneous one sent. I informed them they have no claim if they can not provide an itemized bill supporting the collection amount. They responded the info they have is from XXXX and had done what they were required to do.. 

So at this point I have an account in collections with no supporting line item detail and neither XXXX  or Credence able to provide same."
"Unknowingly I attempted to consolidate the loan with my federal loans, this was not processed and I became past due two months assuming that the loan was consolidated with the other, when called to make the payment in addition to the back payments the loan company refused to accept the payment and demanded the full amount of the loan."
"I disputed a charge on my Banana Republic credit card ending in XXXX ( issued by Synchrony ) under the claims and defenses section of Regulation Z ( 12 CFR 1026 ( c ) ) on XXXX XXXX, 2016. On XXXX XXXX, I received a letter from Synchrony on XXXX XXXX, requesting information about my billing error dispute and refusing to process my dispute if I did not respond. The first issue is that the form was only related to billing error disputes and not disputes under the claims and defenses section of Regulation Z. The second issue is that the form asked for all of the same information that I had previously provided to Synchrony. I tried calling Synchrony today ( XXXX/XXXX/2016 ) to determine what additional information is required, and the representative was unable to assist me. I believe that this practice of categorically denying all disputes without a customer completing a second form violates regulation Z and likely constitutes a UDAAP."
Have received several phone calls from office of D. Scott Carruthers regarding an attempt to collect a debt. Their tactics include calling family members and using threatening and abusive language when speaking to me about matter. I have attempted to resolve matter but have been told I will be sued.
"My mortgage lender, Sierra Pacific, is responsible for paying my home owners insurance along with taxes but they never sent out payment for my insurance and I was not notified until after my insurance had already been cancelled for 10 days. I have been going back and forth between my lender and the insurance agency and payment has still not been made. They are refusing to send payment until forms and what not have been sent yet A ) the forms have already been sent and B ) it should have never gotten to this point! What and I paying every month for. If anything happens to my home I want Sierra Pacific to be held 100 % responsible for all damages!"
"Since my bankruptcy discharge, XXXX XXXX, 2016. I have disputed incorrect information on my credit reports through all XXXX major credit bureaus multiple times online over the past 3 months. This is becoming very frustrating and although all XXXX CB 's with each complaint, did slightly alter some information such as "" chapter XXXX '' when I filed chapter XXXX, the post bankruptcy reporting is not per the Fair Credit Reporting act. All XXXX of the accounts still showing as negative, charged off, are keeping my scores in low XXXX. As well at my debt to income isnt accurate. Please assist me in this step of my attempted credit repair?"
"Unauthorized money transaction, by means of direct deposit, by the company XXXX. The company direct deposited illicit monies. Bank to Bank."
"I am a longtime XXXX customer, who drove off with a new, leased car in XX/XX/XXXX, and who continues to make my monthly {$460.00} payments to XXXX XXXX XXXX XXXX. But my credit report shows nothing about my lease payments from XXXX - present!! I realized this as I got weird information from XXXX XXXX, XXXX, NJ salespeople. XXXX XXXX kept calling me stating they want to give me a new deal. But one salesman said I was not paying my car note! Another said, my bankruptcy will make it impossible for me alone to get another XXXX ; said I needed my mom to be a co-signor. This was all said despite, me getting XXXX   before, with lousy credit, and despite me getting my mom to also get new cars from XXXX XXXX. So I skeptically got my credit reports from all 3 credit bureaus, only to see that XXXX reports my old stuff, but not my most current stuff! I called XXXX XXXX and got a representative who stated they did not report this new activity, because of my bankruptcy. ( XXXX is not part of that bankruptcy ). I forwarded an e-mail from my bankruptcy lawyer. It stated what I did : XXXX is not part of my bankruptcy plan. XXXX is a creditor paid outside of that plan, and thus, may lease/sell me another vehicle. 


XXXX claims the car is due back, in XX/XX/XXXX. ( It should have been turned in, XX/XX/XXXX ). But I got such weird, false information from car dealers, I did not take any new deals. But now, as I get closer to XXXX, I want XXXX to report my TRUE, new information! My bankruptcy is clear to the world. But my new lease agreement with XXXX is secret! ( Thank XXXX, I paid everything electronically, though my XXXX XXXX XXXX bill pay service. That allows a record, but only my OWN, not XXXX 's ). I deserve to have not only XXXX, but any other car dealer, rightly see my excellent credit with XXXX, as I seek to enter a new lease/car-buying deal!"
I mailed a certified letter to each credit bureau requesting that certain inquiries be removed from my credit report. It has been 30 days and I have yet to receive a reply.
"I opened up an account at Bank of America in XXXX 2013. That same day I asked about getting a {$100.00} loan to the bank teller. She takes me outside to the ATM machine and pressed the loan button and requested {$200.00}. I was trusting that she knew what she was doing, but a couple days later I found out my account was closed and I could n't use any bank anymore. You can see on camera that she was the one with me requesting the loan and she is shown on camera pressing the buttons a couple of times. I have no record, no fraud, I dont even owe any banks and I 've been with about XXXX diffrent banks before."
"Capital One accepted a debt consolidation agreement for three separate credit card accounts with XXXX XXXX  XXXX on XX/XX/XXXX. Subsequently Capital One has submitted a total of 8 late payments to credit reporting agencies : Account ending : XXXX XX/XX/XXXX, XX/XX/XXXX, XX/XX/XXXX Account ending : XXXX XX/XX/XXXX, XX/XX/XXXX Account ending : XXXX XX/XX/XXXX, XX/XX/XXXX, XX/XX/XXXX Capital One representatives claim payments were insufficient and or received 30-60 days late in direct contrast to our agreement. Monthly statements from XXXX document the agreed minimum monthly payments. 

Capital One account ending in XXXX was at one time reported as 90 days late. I was able to have that removed from my credit report, However, eight payments reported 30 60 late remain. 

Im reaching out to CFPB to help resolve this issue."
"I initially wrote in about this earlier last year and the company has yet to reponse. 
TransUnion is listing XXXX bankruptcies on my credit report that do not belong to me. 
I never lived at the addresses where these records are found. I have lived at XXXX XXXX XXXX XXXX, XXXX XXXX IL XXXX since XXXX of this year. Prior to that, I lived at XXXX XXXX XXXX, XXXX XXXX, IL XXXX for 6 years consecutively. TransUnion has been notified of this issue but refuses to remove the erroneous information. They calim they got this information from the courts, but the courts insist TransUnion has gotten this information from a third party, who fails to verify the accuracy of the record. Because of this inaccurate listing, XXXX of my credit cards XXXX XXXX XXXX Bank ) was shut down. This is preventing me from purchasing a home. The attorney recommends we sue TransUnion but this will be extremely costly to my family."
For 5 years now I have paid on a Santander loan that never seems to lower they will not lower my payments they will not lower my interest rate I pay on time they report to the credit bureau that I'm paying late it's automatically taking out of my savings account every month my over 10 year old car is  costing me {$500.00} a month that I have paid for 5 years or more. They will not fix anything this is been going on for the past several years with too many phone calls and letters written to even count. It's destroyed my credit that otherwise would be fine as I have no derogatory marks on my credit.
"This is the XXXX form of communication I have given them. I am not even 2 days after the scheduled due date, I make payment arrangements on line and they still call. If I talk with them they threaten me saying the arrangement made on line is not Ok, and that they will take the car. Really? I have paid them over {$21000.00} and am not late. Here is the last e-mail sent to them : I have talked with the reps and sent an email to corporate. I have scheduled a payment on line and I keep getting calls at least XXXX-XXXX x 's a day. If I was not able to schedule the payment at that time the online would of not let me. I am not even 30 dys late! I will pursue this further if this harassment does not stop. I have paid over XXXX of the loan and only owe a few more months worth. I do believe that this harassment is because my loan is almost due and you are trying to repossess the car to make even more money on the sale of it. I am requesting that you stop calling my cell phone for a payment that is not even 30 days late. As of today is it only 10 days. The calls start 2 days after the due date."
I received a mail from Mobiloans that I was prequalified for {$1000.00} loan. I applied for the loan and was charged {$100.00} which brought the loan to the total amount of {$1100.00}. I was never told that I will be paying {$95.00} financial in each billing circle. my payments are schedule bi-weekly some times in the amount of {$150.00} or {$140.00}. All I thought the {$100.00} added to the original loan was fixed but not knowing {$95.00} will be added in every billing circle.
"Received a notice in XX/XX/XXXX that Hiday & Ricke P.A had bought an old judgment for a returned vehicle. The amount stated was XXXX Two months later H & R, contacted my company and started a garnishment, without a court order. On XX/XX/XXXXthey filed in court for a garnishment for the amount of XXXX. As of this date:XX/XX/XXXX they have received XXXX  and have not notified my employer that the debt is paid. Phone calls to the office are never returned. XXXX XXXX XXXX  is the lawyer that has shown up for the two hearings on the matter and the only signatury on the majority of the paperwork I have received."
"I have a ldw ( loss damage waiver coverage and Gap insurance with Lobel Financial since XX/XX/XXXX i first financed my vehicle I've had this vehicle 1yr 10 months i am so close to paying it off. Car accident of My car was hit and ran i was not at fault on XX/XX/XXXX i submitted my police report to the company. After calling then endlessly and being hung up on multiple times vu the company 's Claims customer service rep, they eventually sen out an appraiser Two days later XX/XX/XXXX, she tokd me they'll have my repot the same day. I erged them to please expedite the process due to this situation holding me back from obtaining another loan for a vehicle because i do need to get to work with stable transportation. However i gabe them a call today XX/XX/XXXX amd was told the appraisal report was not sent to them so i hung up with the representative amd called the appraisal representative myself amd she informed me that my appraisal report was indeed sent on the same day XX/XX/XXXX, so the compnay definitely have it. Why are they making me sufder prolonging my claim? If they don't want to handlr thesw ttpes of things maybe theu shouldn't be in this type of business or providing tne tyoe od services they are offering, poor customer service and they give me the run around and hang up in my face, denying me to speak with a manger, they treat me like i am doing something wrong, like they are punishing me through dragging my claim out and getting me back on the road. I aksed then will tbey ne repairing my vehicle or would they be totaling it out so that I'll know what u meed to do for now however they are not giving me any answers when it is my right to know. This is sad because there's no other way to get in contact with anyone else for this company. I am very exhausted and emotionally botgeres dealing with this type of treatment from this company is this hie they treat their customers something big has to be done about this. I need more resources for getting this business recognized for these foul and negligent acts against consumers"
"submitted a claim for an item I could not return, why is this taking so long to approve?"
"In the process of closing on my co-op and my mortgage company, XXXX XXXX XXXX, states the stock and lease is with an investor and should take up to 4 weeks to retrieve the documents. As of XX/XX/XXXX, it will be 4 weeks from the date they were ordered ( XX/XX/XXXX ) to procure them. As of yesterday, XX/XX/XXXX, my attorney states shes been calling and emailing the banks attorney and has not received any contact back. They know we are up against a clock and will be in breach of contract as of XX/XX/XXXX. As of right now, looks like Ill lose the sale of my co-op due to lost documents that are out of my control."
Disputed with the company since XXXX of last year. This account is not associated with me. I have been fighting this account since it showed up my report. This account is making it hard for me to obtain credit wise because its reporting negatively. I have reached out to the bureaus in regards to this. I have disputed it and nothing is done.
I keep getting calls from someone claiming to be PNC bank. They call me then ask me to verify who I am to them with personal information. I traded my car into a dealership and I have called PNC and told them and they said OK great. But yet I still get harassing calls from their collections department.
"These XXXX accounts keep getting re-added after being deleted. i have provided the XXXX for the XXXX account and the FTC ID Sworn Statement for the XXXX card account. 
Name : XXXX XXXX Acct # : XXXX Name : XXXX XXXX XXXX Acct # : XXXX These inquiries below are not mines and I have asked the banks directly to delete inquiries. I did not authorize dealer to make all these inquiries to my credit report. I even requested that in my email more than once not to submit deal to any banks. 

Inquiries XXXX XXXX XXXX XXXX XXXX/XX/XX/XXXX I did not authorize this inquiry. 
Inquiries XXXX XXXX XXXX/XX/XX/XXXX, XX/XX/XXXX This is a fraudulent inquiry. 
Inquiries XXXX XXXX, XXXX/XXXX/16 This is a fraudulent inquiry. 
Inquiries XXXX XXXX XX/XX/XXXX, XX/XX/XXXX This is a fraudulent inquiry. 
Inquiries XXXX XXXX/XX/XX/XXXX I did not authorize this inquiry. 
Inquiries XXXX XXXX XXXX/XX/XX/XXXX I did not authorize this inquiry. 
Inquiries null/XX/XX/XXXX I did not authorize this inquiry. 
Inquiries XXXX XXXX XXXX/XX/XX/XXXX I did not authorize this inquiry. 
Inquiries XXXX XX/XX/XXXX, XX/XX/XXXX, XX/XX/XXXX This is a fraudulent inquiry. 
Inquiries XXXX XXXX/XX/XX/XXXX This is a fraudulent inquiry. 
Inquiries XXXX XXXX XXXX/XX/XX/XXXX I did not authorize this inquiry. 
Inquiries XXXX XXXX/XX/XX/XXXX, XX/XX/XXXX I did not authorize this inquiry. 
Inquiries XXXX XXXX/XX/XX/XXXX I did not authorize this inquiry. 
Inquiries XXXX XXXX/XX/XX/XXXX I did not authorize this inquiry. 
Inquiries XXXX XXXX XXXX/XX/XX/XXXX I did not authorize this inquiry. 
Inquiries XXXX XXXX : :XXXX/XX/XX/XXXX I did not authorize this inquiry. 
Inquiries XXXX XXXX XXXX/XX/XX/XXXX I did not authorize this inquiry. 
Inquiries XXXX XXXX XXXX/XX/XX/XXXX I did not authorize this inquiry."
WHY MY PAYMENTS FOR XXXX ARE NOT BEING REPORTED CALL XXXX TO MAKE A COMPLIANT AND THEY STILL ARE NOT REPORTING WHEN I PAY
"Hello, My name is XXXX XXXX. I'm a XXXX veteren with a XXXX XXXX. I have no student loans and have been sent letters from Department of Education and NelNet that I have no outstanding loans. On my credit report student loans show up showing a balance of over 28k and late payments. This is all incorrect, I have no student loans. They where discharged years ago."
"The XXXX XXXXXXXX account I am disputing is reflecting negative on my credit report. I paid this off in XX/XX/2016. I shouldnt have a balance reflected on my credit report. I disputed this more than once and it comes back that it wasnt paid. I am attaching a receipt of payment stating its paid in full. This is under my previous name XXXX XXXX. I need this fixed asap to reflect XXXX on my credit. 
Thank you XXXX XXXX"
"My loan servicer is Navient but I get multiple calls a day from XXXX XXXX XXXX leaving voice mails about my student loans. I used to answer and the person I spoke to said they have no affiliation with XXXX XXXX XXXX, they even checked with a supervisor. My guess is that Navient is disguising their phone number and using a XXXX XXXX XXXX number? I'm sure I am not the only person they are trying to deceive. Or is this a scammer phone number trying to get money out of me? I told them I do not have any business with XXXX XXXX XXXX and I will not discuss any of my details with them, yet they call multiple times a day and have filled up my voice mail box on my cell phone. I am at work and my cell phone is constantly ringing from XXXX XXXX XXXX XXXX."
"XXXX   XXXX   XXXX   XXXX   XXXX     XXXX   XXXX  , REPORT IN MY CREDIT FILE AN ACCOUNT NUMBER  XXXX  NOT BELONG OR AUTHORIZED OR SIGNED BY ME, I CALL THE COMPANY, AND TELL THAT ACCOUNT WAS PAID IN FULL, WITH NO BALANCE, BUT MY CREDIT REPORT SHOWS  XXXX  IN CURRENT BALANCE, AFFECTING MY CREDIT & EMPIRICAL SCORE."
"The home at XXXX XXXX XXXX XXXX, XXXX, TX XXXX is part of the XXXX XXXX XXXX XXXX XXXX. The owner became past due on his assessments but then passed away in XXXX 2015. I am the XXXX and notified the mortgage company, PHH Mortgage Corporation of his death in XXXX 2015 after finding that his children did not plan to take the home. I have been in touch with PHH Mortgage at least monthly but as often as weekly to voice the Board of Director 's, neighbor 's, and my concerns about the home as the water has been turned off so the yard/trees are dead and there are rats in the overgrown vegetation/empty house. In every correspondence, I have have requested that they expedite foreclosure as obviously the deceased is not going to be making payments. The house 's condition has continued to decline. The XXXX has started baiting the house for rats, we have spent close to {$900.00} so far in treatments. We have also started mowing the lawn. We can not water the lawn or help with the foundation that is cracking. There are stones falling off the home because of the foundation 's condition. This home is in a very affluent neighborhood XXXX. The house would sell very quickly as all the homes in this community do. This home is on XXXX the larger lots. I have explained all this to the mortgage company. The owner passed away over 1 year ago. The XXXX is now owed {$12000.00} post bankruptcy on this home. The other owners are paying for the demise of this home not only with their assessments but with their property values."
"I have a unpaid charge card debt. XXXX is now trying to collect on the default judgment against me from Capital one charge card debt. They found out I am exempt from garnishment because on state and federal aid so they are trying non earnings garnishment on my checking, savings and pay from a customer-employer. the court commissioner ruled my pay earnings as defined in the Wisconsin state statue but XXXX has appealed trying to use a unpublished appetite courts ruling as president for"
"My home was foreclosed on XX/XX/XXXX. This left a second mortgage account with Bank of America that was not discharged. Even though they were notified that the property was no longer my responsibility, they keep making tax payments on the account and charging me an escrow balance. These payments keep being returned, with the last XXXX being returned XX/XX/XXXX. After XXXX attempts to have the escrow account removed, and after Bank Of America actually agreeing to do it once, they have once again re-established my escrow account and made another unrequired tax payment on my behalf. Now they are reporting my account past due, because I can not afford to make the bloated payments they are requesting to cover the tax liability. To make matters worse, they refuse to address the issue while the tax payment is being processed, and the subsequent request to have it refunded is in process. I literally can not get them to address the issue before they make another payment!!!!!"
"On XX/XX/2018, I tried making a payment to GAP from my XXXX XXXX card using the routing and account number that is provided on the app. They declined to make this payment saying payment unauthorized. GAP took this as a cancelled payment from me. I had to call and get my account with GAP re-instated. On XX/XX/2018, I had a payment going to GAP for {$450.00}. I thought I had changed my direct deposit account over going into my ASE Savings account were I knew I wouldn't have any problem with the money coming out of that account. But due to a recent XXXX and XXXX XXXX apparently I didn't do it. So as soon as I realized this I called GAP and explained to them what happened and also made the payment by phone at the same time. I was told that it wouldn't be a problem. I also made a phone call a few days later to make sure it wouldn't be a problem and again I was told it wasn't. Well, I woke up this morning to a notice from XXXX  that my GAP account has been closed. I called and asked them why was this action taken and I was told because I had two returned payments. The first person I spoke with told me if I could confirm that the one on XX/XX/2018, was due to the XXXX XXXX policy and because I couldn't stop the payment on the other one then I could possibly get the account re-instated. This turned out not to be the case and I spoke with other "" supervisors '' who didn't seem to want to look at the fact that I called when I recognized the mistake, made the payment and the other one wasn't my fault because I did not know you could put money in to XXXX XXXX but you can only use the card to take it out."
This debt references an amount owed to XXXX that is completely false. Payments were made to XXXX prior to ending that relationship and starting service with another provider.
"XX/XX/XXXX XXXX XXXX XXXX XXXX XXXX XXXX XXXX XXXX, IN XXXX ( XXXX ) XXXX Re : Old Debt Item Dear Sir or Madam : I am writing to request the information that your company provided to national credit reporting agencies be removed from my credit report. According to the XXXX credit bureau, this account was charged off on XX/XX/XXXX in the amount of {$3500.00}. The initial delinquency dates back several years ago during my XXXX studies. This account became delinquent because of financial hardship that I experienced in the past. In the years past, I have begun to rebuild my credit and established a good payment history with my current creditors. As a show of goodwill, I kindly request that Chase remove this item from my credit history. Please contact the national credit reporting companies to which you provided this information and have these agencies delete the stated collections item, as soon as possible. Thank you for your time."
I have a medical collection place on my credit report that I do not owe.
I have not idea what this debt is. I tried to contact National Recovery and they said they sent info once ( which I never received ) and will not sent anything again to verify the debt. How am I just going to pay money to them if I do not know that this really is a valid debt?
"XXXX XXXX XXXX transfer my loan to SPS servicing. For the last three years they have tormented me stating they dont have proof of flood insurance and I know they do because it renews in XXXX  every year and they have all the information. Every year they threaten to force place Flood insurance on me at the rate of {$4500.00} per year. I have provided them proof and they keep threatening. Most recently XX/XX/2018. Every time I call in there I get stuck talking to a person from a different country that can not understand English. 

When my loan was modified by XXXX XXXX XXXX they took advantage of me and my family financially ( by placing us in a 40 year loan that we didnt need ). Then they turn around And sell the loan to SPS Because they did not want 40 year loans on their books. 

It has been a complete headache in more ways than one. Please Help."
"I have had several loans with this company, they sometimes send me a check in the mail. I have cashed before with no problems. This last time I cashed a check, the company called my number I listed on the check but I was at work and unable to answer. I have had my home phone disconnected since the last time I had a loan with them. I did n't even have the opportunity to call them back and I received a message from my sister in law saying she had received a call from this company. My loan is not due until XX/XX/XXXX, this call was made on XX/XX/XXXX. I called them back and the guy tried to make out like I had that number listed as my home number which is a flat out lie! I work finance also so I know the fdcpa laws and references are not to be contacted especially if loan is not past due. I have never been late on my loan. This is unfair debt practices and something needs to be done."
I had an unauthorized withdrawal from my checking account. It has been 27 days and I have not received any of my money back. I was told i would get money back within 24 hours from day 1. I have called the bank on at least 6 occasions and they give me different reasons why my money is not in my account yet.
"XXXX   XXXX    claimed that a credit card debt was mine, but neglected to provide documents to me proving that debt was mine, nothing with my signature, only documents showing statements and payments which I have never made  XXXX  took me to court and I was set to be able to provide my documentation, when I arrived for my court date I was told the case was vacated and it was found in  XXXX  favor based on the documentation the judge received from   XXXX   XXXX   never received the documentation even after requesting it through the courts and paying a fee to file the request I also was not even able to state my case at all, never got to stand before the judge The court documents I received showed that the the court notice was sent to  XXXX , but the box for "" defendant '' was not checked, I wasted my time away from work to go to a court case that never took place"
"My name is XXXX XXXX XXXX I am the XXXX more then 8 years as XXXX & XXXX. 

I am in the middle of a modification with Nationstar on my home loan here in XXXX XXXX CA After being invited in writing to apply for modification in XXXX and just this XXXX having been approved with an unexceptipal modification offer because it forgot to include the $ XXXX principal reduction alocation. I received approval from XXXX for the priceable pay down I am faced with the fact that Nationstar filed a "" Notice of Default '' right in the middle of my loan modification consideration time period. I have become a victim of "" Dual Tracking '' I am afraid i will shortly receive a 21 day notice of sale as a result of this mistake. 

I need help to get the Nationstar bank to recall the "" Notice of Default '' in direct violation of the "" CA Homeowner Bill of Right '', this is an error and i cant get the bank to self correct. 

I need to move forward in a positive way. 


how can your office open a case for intervention?? I have to meet a client in XXXX XXXX. Friday I will leave the usa so we have to move fast as you can understand. 

Please help me"
"XXXX XXXX XXXX has listed debt as deliquent and charged off. The same debt appears on my credit report under another company, XXXX XXXX. These duplicative entries on my credit report are illegal and should be removed. The debt has also been re-aged as another date than XXXX XXXX XXXX. See attached screenshots my credit report from Experian."
"In addition to my original complaint, XXXX, these people have contacted by brother at his job. Inquired about my vehicle, asked my brother all types of off the wall questions. All inappropriate. The number they contacted my brother from is XXXX They also contacted by Aunt. Telling her they were trying to reach my attorney, stating I told them I had a lawyer, telling her they were taking legal action against me. The number they contacted her from is XXXX, File # XXXX. <P/>When I contacted the number above back, they told me the company name is API."
"Discover Card contacted me regarding a past due balance for a credit card that they claimed was mine. They then demanded my personal information to "" Validate '' the account. I was then informed that the information that they had on record did not match mine and that the account would be closed and processed as fraud. I have had Discover Card showing on my credit report as "" Closed '' with a past due balance of {$1300.00}. I have contacted them every single month since XX/XX/2018 and they still are illegally reporting this as a closed account with a negative balance."
I did not apply for chase Credit card
"I am a victim of victim of identity theft and fraud. The account below was opened as a result a fraudulent account opened without my knowledge or authorization. I did not open this account. I have in no way benefited from the account, neither did I authorize the use of my personal information. I am not able to identify a suspect. I have attached a copy of my ID to prove this. I have filed a ID Theft report and reported the matter to the authorities. 
I disputed this matter to this company onXX/XX/XXXX, and attached all the needed documents to verify my claim but to my surprise the company still reports this account which was fraudulently opened : XXXX XXXX XXXX XXXX Amount : {$750.00} -- - opened :XX/XX/XXXX ;"
"Plaza Services opened an old closed/paid account and marked it as delinquent on my   XXXX   Report. Ive been working on my credit for the last 3 years.. Proud to say I paid off all of my debts. Since    XXXX   XXXX      a mysterious payment from Plaza Services appeared as a collection on my  XXXX  report. I check all my physical mail and email, I never had any collections or payments due to ""   XXXX   XXXX   XXXX   '' which is the company Plaza Services claims they are representing. I decided to call Plaza Services, calling them feels like you are calling someones personal cell phone. They are never available and ask you to leave a voicemail, which they do not return. I also emailed them, and have not recieved a email back.  3RD  Time I called a got a man on the phone, he asked me for my full SSN, which i was hesitant to give over the phone but since this charge was on my credit report I thought they were a legitimate company and would not be fraudulent. So foolish me i gave them my SSN, ( shouldnt collection companies only ask for the last  4 of SSN just  to verify your identity? Unless they didnt have it at all since they are the fraudlent company ) after I gave my SSN he said he would send me the documentation to confirm my debt with   XXXX   XXXX   XXXX  , he said he would send it in an email, i have yet to recieve this confirmation. Now he has my SSN and is going to do  XXXX  knows what with it. I called back 2 days ago to let them know i never recieved any documentation regarding this debt. The woman on the phone had the rudest attitude and didnt sound professional at all. She sounded like i was interuppting her day, like im calling her personal cell phone. She asked me for my SSN again and I said i would verify my account another way. She said their was no other way  ( w hich i know is a lie ) so I told her that i will have to settle this account another way then. I called  XXXX  and had this company flagged on my account also disputed the charge. I also called   XXXX   XXXX   XXXX   to ask them who i can speak with to verify any account i had with them that was late, the representative told me she would transfer me to corporate and then hung up on me."
"XX/XX/XXXX : I received a notification from Credit Karma. It said I had a new report on my credit. Upon further investigation, I was about a hard inquiry that I didn't not apply/inquire about. 

It was by XXXX XXXX. The inquiry was for a XXXX XXXX XXXX account. Supposedly the inquiry was made XX/XX/XXXX. 

I did not apply for this, I do not know what this is. 

Credit Karma provided me with a link to call XXXX XXXX and have this taken off my account. 

I had first called the number provided at XXXX XXXX., XX/XX/XXXX and talked to a representative. He said I didn't have an account, therefore, he didn't have further instruction or ability to help me because there was supposedly nothing to look into. 

He ( XXXX rep ) said I needed to contact Credit Karma, so I sent XXXX  an email to their support on XX/XX/XXXX at XXXX XXXX. Once I found out numerous people have never received replies, I figured I could call XXXX , seeing how that was the bureau that the inquiry was reported under. 

I called XXXX XX/XX/XXXX at XXXX XXXX. 
The representative gave me instructions for how I can get this taken care of, she even provided me a file number : XXXX XXXX XXXX. 

She instructed me to request a form/letter of release to be sent to my address. Which I would then have to send to XXXX 's XXXX. XXXX in XXXX, PA along with my letter of authorization. 

I called XXXX XXXX a second time, XX/XX/XXXX, at XXXX XXXX. I talked to a different representative, and he stated that this inquiry from XXXX XXXX XXXX was not affiliated with XXXX XXXX. It has no relation to XXXX XXXX, and they don't know why it would be on my credit. 

He also stated that Credit Karma has said that this was a common error, and they tell customers to call XXXX XXXX. He could not send me a letter of release because according to him, if I don't have an account with them then there is nothing to release. 

So then why would this be reporting on my credit report stating to be coming DIRECTLY from XXXX XXXX? It makes no sense. 

Therefore, sticking me into a vicious cycle of contacting whoever the last person told me to contact. 

After various short phone calls, I have no patience to wait months before realizing Credit Karma will never respond to me, and if they did, they would just tell me to contact XXXX XXXX  and the cycle continues. 

I did independent research and found someone who had that exact same problem as me, and this was the method he said worked for him. 

I need to file a complaint with XXXX XXXX, to take that report off of my account because that's exactly what they did for the man who shared this method to the internet. 

I need to file a complaint with Credit Karma. 

And I need to file a complaint with XXXX. 

I need my credit protected. I will be having my first child this year, and I need a house, and I can't get one with my credit sinking because a fake company wants to take money from me. 

Any help would be appreciated."
"I was called yesterday by the number ( XXXX ) XXXX debt collectors. They threatened to sue me, and garnish my wages if I do n't pay. This debt is in my maiden name. I never provided my husbands info. The brought up my husband and saying he had an income. I know I have a medical bill balance. I was very sick for a while and could n't work."
All of my accounts have been hacked an I believe that BMW is behind it. Bmw has is doing everything that they can to keep me from getting to the right place to file a compliant they hack in my phone. They disable my car remotely. They have people following Me 24 hrs a day. I call the police but they do not want to help. They say everything they can to keep me chasing my tail. I've be hacked money frozen card towed illegally. Threaten all of these thing stim from bmw an this software they are developing for the driverless cars I THINK WHAT EVR IT IS ITS ON M6 CAR AN THEY HAVE WORKED WITH THE POLICE TO SEPERATE ME AN MY CAR. THESE PEOPLE FOLLOWING ME DISABLING MY CAR MAKING BREAKS GO OUT POWER SEEM TO BE DEAD THEN COMES BACK OVER HEATING THEN FINE IT'S LIKE THEY HAVE BEEN USING ME AS A TEST DUMMY. The police I hear are to be getting carS fRom bmw. My car is still in the pound police had a 3rd party pick up the car then called back in an said that I requested a tow. I have towing with bmw free I need help. I don't KNow what else to do when the police are involved in a crime an it seems that they will stop at nothing to keep me quiet they have put tires on flat take out fuses in my car so it wouldn't run. Hacked phone an have calls I call go to them. My name is XXXX XXXX XXXX XX/XX/XXXX. I don't feel safe. I was left in the middle of the street at night for 2 hrs an police drove by like I wasent their. I was taken to XXXX they tyed too wipe my phone 's clean I recovered them. Police helping these people that are following me please help. XXXX
Merchants and Medical Credit began reporting on a debt they had acquired on XXXX XXXX 2014 and never sent written notice despite it being required under section 806 of the FDCPA. For 3 years they have been holding my financial life hostage and only recently came to my attention. Despite many disputes with the big three credit reporting agencies section 806 has been ignored and they have continued to break and ignore the proper procedures set forth by the FDCPA.
"Since I opened the "" BankAmeriCard '' account # XXXX XXXX XXXX XXXX in XX/XX/2017 I have not received a paper monthly credit card statement by MAIL as I initially requested when I opened the account. 
I have visited my local Post Office on 3-separate occasions and they have informed me that they DO NOT receive any return items from Bank of America. 
Every month I carefully monitor my account to be certain that charges are valid and there is no suspicious activity. There has been no suspicious activity. 
But each and every month since XX/XX/2017, I have NOT received a paper statement from Bank of America as was initially requested both online and by telphone to Bank of America representatives. 
As a customer/consumer, it is impossible to understand how such a minor request can not be provided and it is especially disheartening when each and every month I DO receive all advertisements offering me loans and checking accounts and other BOA products, yet I can not get a paper copy of my monthly credit card statement causing me to have to print it on line."
"I have several issues. When I first took out the loans in college I was not informed at all, now due to the high interest rate ( My interest rates are 8 %, 11.5 %, 11.5 %, 11.5 %, and 11.5 % ) I owe over {$100000.00}. Every time I have asked about ways to lower the payment because I can not pay over {$1000.00} a month I was always told there is nothing they could do. Navient ( Sallie Mae ) are making threatening and harassing calls to me, my co-signer and other family members which they should not even have numbers for. They have somehow gotten my Vet XXXX aunt 's number, my mothers number, my husbands number. My co-signer is my XXXX something year old grandmother and they threaten to put her in jail, take her house drain her retirement. I have five separate loans to Navient and just now have gotten 3 of them in a hardship repayment ( still paying almost {$200.00} a month ) yet to add the other two this is still over {$500.00} a month and I can not afford that. They are still sending threatening letters and making harassing calls to my grandmother tell her they are going to sue her if she does not make the payments."
"Yet again US Bank has fraudulently posted a charge of XXXX from XXXX on my account despite having information A. That amount was never authorized in the first place and B. The item was promptly returned with documentation provided via XXXX tracking XXXX. 
US Bank lied and denied they received this information. 
I am tired of the lies, deception, false statements, and bad faith being exhibited by this vicious bank. Am trying to close this account out and they continue to try to attach false charges to it. I want the XXXX plus interest refunded to this closed account immediately. 
The bank is prolonging the process of settling the closing of all monies owed fraudulently and want this to stop. I will stop making payments until they stop this behavior and will file suit in small claims court."
"XXXX XXXX, 2015To whom it may concern : I would like to file a formal complaint against XXXX XXXX, XXXX XXXX XXXX, and XXXX XXXX XXXX, XXXX, their appraiser. 

In XXXX of 2015, I made application for an FHA loan with XXXX to purchase the home I was renting. I then paid them {$480.00} for an appraisal. The appraisal was done and I received a black and white copy. Unfortunately, XXXX began asking for strange documentation, implying that I was likely laundering money, which I was not. In XXXX XXXX, I decided we were at an impasse and made application with another company. The new company, Pacific Union Fianancial, asked for the FHA case number to be assigned to them, which it was, and for a color copy of the appraisal. It took several weeks, but eventually a color copy was provided to them. 
Pacific noted thast the appraisal called for certain repairs that needed to be done. It also failed to note that the seller was paying {$4500.00} torward my closing cost. Pacific Union, my mortgage broker, and I all requested that the appraisal be corrected and a final inspection would be needed. We spoke to XXXX, XXXX, and the appraiser. Each refused to cooperate despite FHA regulations that require them to do so. Eventually, we had to pay {$450.00} for a new appraisal. 

The time lost in attempting to get what should have been provided required several rate extensionswhich caused us not to get a lender credit of {$660.00} which we would have received had XXXX and it 's appraiser followed FHA rules. In addition, we had to pay {$450.00} for a new appraisal. We believe we are entitled to damages of {$1100.00}. 

Sincerely, XXXX and XXXX XXXX"
My credit report shows that my payments were delinquent in the past and some of my twin sister 's student loans are reporting on my credit report. I have contacted my student loan servicing company several times to report this and I have requested signed copies of the promissory notes to validate the loans. This information has not been updated and/or provided. It has an adverse effect on my ability to repay my loans and to be approved for a home.
I have a hard inquiry report on my XXXX on XX/XX/2017 from Clarity services Inc. This was unauthorized by me. The company illegally obtained my credit report without my authorization. I do n't even know what this company is or does. I do n't know how they were able to obtain social security number.
Platinum MasterCard Account Ending in XXXX On XX/XX/XXXX I 've noticed for the first time unauthorized transactions on my account. Transactions from XX/XX/XXXX til XX/XX/XXXX from the merchant of XXXX were placed without my knowledge or consent. And from XX/XX/XXXX til today claim is still been investigated without any final decision. It has passed the 90th day of investigation process and also 2 statements after reported. I 've received only credit for unauthorized charges from months XX/XX/XXXX til XX/XX/XXXX. And i 've called 3 times to fraud department to check status. The information ive received over the phone is fraud department still investigating claim.And ill be hearing a resolution soon. And continue to received documents in the mail with also informing me working on claim .. This missing transactions that i have not received any credit is from all XXXX transactions from XX/XX/XXXX til XXXX .Also My account was at credit balance for a total of 2 billing statements after results of the transactions being reversed of the unauthorized transactions .Then Capital one sent me a check for the credit available in my account without any request.. then the fallowing statement capital one charges me for 1 transaction merchant had credit me already for and capital one had credit me for.
"I did not a request for verification or proof of my mailing address, but a request for VALIDATION made pursuant to pursuant to the Fair Debt Collection Practices Act, 15 USC 1692g Sec. 809 ( 8 ), stating your claim is disputed and validation is requested XXXX XXXX XXXX failed to provide me with competent evidence that I have any legal obligation to pay you for over two years ( first reported XX/XX/XXXX ), and have failed to do so. XXXX and Transunion continue to report invalidated information on my credit report. which might constitute fraud under both Federal and State Laws. Which they both return notices the  debt is VERIFIED, not validated. I have asked to submit proof since XX/XX/XXXX of last year XX/XX/XXXX, and the debt collection agency has not. Proof I needed The agreement with your client that grants XXXX XXXX XXXX XXXX XXXX the authority to collect this alleged debt. Any signed agreement debtor has made with debt collector, or other verifiable proof debtor has a contractual obligation to pay debt collector. Copy of any agreement that bears the signature of debtor, wherein he/she agreed to pay creditor. Copies of all statements while this account was open. FDCPA entitles you as a consumer to validate a debt when a collection agency demands money from you. If a collection agency cant validate the debt, the credit bureau can not list it as a negative mark on your credit report. The notices i recvied dated XX/XX/XXXX, was a notice of my dispute of inaccuracy of the debt, but if fact it was not, but for validation of the debt. The company has never provided this information, has had over two years to provide this information, well over the 30 days"
"XXXX XXXX XXXX has reported on two occasions within the last two months a collection account to all credit bureaus in my name in error. This reporting problem /error was cleared up in XX/XX/XXXX and was deleted by Stellar but was again reported as a collection account XX/XX/XXXX. This has caused my credit score to dropped, undue stress, countless hours of time spent on trying to get this resolved. Additionally, I was not notified that a collection item was reported. Only because I pay credit bureaus to monitor my account that I was alerted of the collection account. This is not fair to me and I am hopeful that XXXX procedures are reviewed so consumers like me are n't subject to this unfair, illegal and embarrassing practice. this has to stop -- -so damaging."
"On XX/XX/2017 I presented XXXX items totalling XXXX USD to the TD Bank, N.A ( the "" Bank '' ) branch located at XXXX, XXXX, MA XXXX. The amount credited for the deposit was XXXX USD, XXXX USD less than the amount of the items deposited. 

On XX/XX/2017, after the deposit posted to my account, I noticed the discrepancy and notified the Bank of the error. During this call, the representative was able to confirm the missing amount based on the check images collected by the Bank at the time of deposit. The representative informed me that they would escalate to an appropriate organization within the Bank and that the error would be corrected within 2-3 business days. 

On XX/XX/2017, I noticed that the error remained unresolved. I contacted the Bank again regarding the error and was told that the error would be corrected within one week of the original notice ( by XX/XX/2017 ). 

On XX/XX/2017, the error continued to remain unresolved and I contacted TD Bank , N.A . again regarding the error. The representative, XXXX, noted that there was no record of any request made during the previous calls. The representative contacted their supervisor, XXXX, to escalate a request within the Bank and have it expedited such that it would be resolved within 2 business days. 

On XX/XX/2017, I am filing this complaint with the CFPB. It has been over a month since the issue was first raised with TD Bank , N.A . and, after multiple good faith attempts to resolve the issue, the TD Bank , N.A . continues to fail at delivering on its promises to correct the issue."
"I was seeking to refinance my current home mortgage. I looked at several companies and received Good Faith Estimates from a handful of lenders. One of those lenders that was under consideration was Royal United Mortgage. The loan officer is named XXXX XXXX. On XX/XX/2016, I was contacted by XXXX XXXX after visiting XXXX and requesting information on possible lenders. After reviewing the estimate he provided and comparing it to other offers I had, I chose to go with a different lending company. There had not been a closing. I notified XXXX XXXX of my decision via email on XXXX XXXX, 2016. I then received a letter in the mail on XX/XX/2016, from my XXXX homeowner 's insurance stating that on XX/XX/XXXX, Royal United Mortgage had amended my insurance to delete my current mortgage company ( XXXX ) and added themselves as my mortgage lender. This was completed without my knowledge and without a formal closing on the loan. I do not know what other changes to my other accounts they may have made. I do not feel that this was ethical or professional for them to make these changes prior to closing on this loan. I have notified XXXX XXXX in writing that I am livid over this matter ; that I will not be using his company 's services and that they must undo whatever changes to my accounts that they have made."
I am sorry but I have already made a claim with your office but I have new documentation so I was told to redo my claim. On  XXXX   XXXX    XXXX   I disput ed 1 BK and 6 Tax Liens  on my Equifax. They remo ved 1 BK 5 Tax liens ( with c fpb 's help ) on  XXXX   XXXX . Equifax but back on the BK a few days later. Equifax also sent  me a letter ( att ached ) stating that I do not have a BK on  XXXX   XXXX . Then sent me another letter on the same d ate ( attac hed ) saying I do have a BK  and 1 tax lien. I have attached a letter from the County Clerk 's   office stating they do not report to credit bureaus yet my report states  XXXX   XXXX   XXXX  reported to them. This seems to be incorrect report p er the Federal Laws. I hav e attached proof of the information stated.
ON XXXX XXXX MY HUSBAND AND I WERE VICTOMS OF A SCAM DONE BY XXXX XXXX XXXX ( XXXX ) MY CHASE CARD WAS CHARGED XXXX BY XXXX. AFTER RELEIZING THAT THIS COMPANY WAS A COMPLETE SCAM I TRIED TO CANCEL BUT ALL THERE NUMBERS WERE DISSCONNECTED I THEN CONTACTED MY CHASE CARD ON XXXX XXXX I DISPUTED THE CHARGE AND A XXXX XXXX CONTACTED THE APPROPIATE PEOPLE AND THEY TOLD HER I WOULD RECIEVE A REFUND IN 4-6 MONTHS. I HAVE ATTEMPTED TO GET HELP FROM MY CARD COMPANY WITH NO LUCK I AM AN ELDERLY WOMAN WHO HAD TO BORROW MONEY TO PAY THIS DUE TO THE HIGH INTEREST RATE. I DONT UNDERSTAND WHY MY CARD COMPANY WILL NOT HELP ME I AM SUPPOSED TO BE PROTECTED AGAINST THINGS LIKE THIS. I FEEL AS THOUGH NO ONE IS WILLING TO HELP ME AND THESE PEOPLE JUST GET TO RUN OFF WITH MY HARD EARNED MONEY. I DONT UNDERSTAND WHY NO ONE IS WILLING TO GET MY MONEY BACK. I HAVE DISPUTED THIS CHARGE MORE TIMES THAN I CAN COUNT OVER THE YEARS AND I WILL NOT STOP TILL I GET MY MONEY BACK
I recently pulled my credit report and discovered that you have reported that I owe a debt. To my knowledge I have never done business with your company and nor have you provided me any services or goods
"Someone calling him/herself "" XXXX XXXX '' has contacted me multiple times attempting to collect an alleged debt. I asked "" XXXX '' several times to provide the account number, the name and address of the alleged creditor, and verification that "" XXXX '' is authorized to act in loco creditore. In addition, the website for "" XXXX '' does not function. XXXX has refused to provide all of the information I requested."
"Bank of America is where I have banked for twenty years. They changed to XXXX XXXX. I banked on line for years with Bank of America and decided to do the same with XXXX since all of my online banking information was transferred as well. I paid all of my bills on line for a few months and had no problems. I paid my XXXX 2015 mortgage payment in XX/XX/XXXX to Bank of America along with all of my other accounts. When I went to pay XX/XX/XXXX 's payment in XX/XX/XXXX, I realized XX/XX/XXXX was not paid. When I called Bank of America they said they only received a dollar in XX/XX/XXXX. I asked Bank of America why they had not called me. I had paid them faithfully for nine years why not call when they did not receive a payment. I could have contacted XXXX XXXX right then. They stated that they had called me at work and left a message on my machine. They did not call my cell, nor did they call me at work. I do not have an answering machine at work. I work XXXX plus hours a week, I 'm the XXXX XXXX and would have known if they had called. I called Bank of America several times this week trying to get my account corrected and the last time I called and asked the very same question to the customer service gentleman, he told me that no numbers were called. They just sent my information to a debt consolidation firm. So I never received a past due letter or phone call. I was very concerned that this would show on my credit report but more importantly my mothers as she has co signed on my house. I paid two payments immediately on line to get my account straight and one by phone. One of my payments on line did not get posted, when I called Home trust they stated that they notified businesses that account numbers would change. He stated that his day is spent answering compliants such as this. My mortgage was kicked back on one of the payments but not both of them done on the same day with the same bill pay account number. Every time I called Home trust they confirmed that the payment was taken from the account they did not understand why Bank of America did not receive it. I paid three times and only two payments were posted one from on line and one by phone. I am trying to build my credit. XXXX XXXX and Bank of America have now destroyed it. This knocked my score down XXXX points and my mother is a cosigner. This is not fair to her. Since XXXX XXXX took over my account, my debit card has not worked at the grocery store. The "" available '' balances are not correct. I deposited a check for XXXX XXXX it showed this amount in my available balance but then kicked a payment to a credit card back. I have since changed banks and will not ever have this issue with XXXX XXXX. I do not feel that this should be on my credit report. I was not thirty plus days late on my mortgage payment and do not feel that any of the credit bureaus should reflect this. Please help me resolve this."
I am currently disputing negative items on my Equifax credit report upon every dispute I am penalized Equifax drops my score by major points. Is this fair? I am trying to pre-qualify for a home loan. The way Equifax is dropping my score for every dispute I will never get a fair chance to be able to own a home. Can someone help me understand why I am getting penalized for fighting the negative information on my credit file.
I noticed a debt from XXXX mobile company that is not from my doing. I wish to dispute this debt since it is not from me.
I opened up an account at pnc bank. I made it crystal clear at the time. Do Not gouge me with fees. The whole purpose of opening the account was to get away from another bank that was stealing from me. I sent after they stated gouging me to close my account and send me the balance. They close the account and kept the money. them a letter stating this and to close my account. They kept the money.
"I recently viewed my credit with XXXX XXXX ; XXXX and XXXX on line and I am appalled to see accounts as far back as 2010 reporting on my files that I do not own and did not give my authorization for activation. I currently have an open case with the XXXX XXXX, Florida XXXX which involves a situation of XXXX and Identity Theft. Please forward the application document and all other documentation validated and used to open this account so that it may be added to this investigation."
"CHASE BANK USA, N. A XXXX, 2017 XXXX 

I recently received a copy of my XXXX credit report. The credit report showed a credit inquiry that I did not authorize. I have previously disputed this item and it was removed from my credit. I understand that you should n't be allowed to put an inquiry on my file unless I have authorized it. Please have this inquiry removed from my credit file because it is making it very difficult for me to acquire credit. 
I have sent a letter certified mail because I need a prompt response to this issue. Please be so kind as to forward me documentation that you have had the unauthorized inquiry removed. 
If you find that I am remiss, and you did have my authorization to inquire into my credit report, then please send me proof of this. 
Thanking you in advance"
"TD Bank Keeps Selectively Deciding what transactions to pay, and what transactions to reject causing numerous fees to be incurred .... TD should have just rejected sale when presented to be paid resulting in a declined transaction"
"Citi/XXXX cards is 6 months past due and according to company the debt has been charged off. The last statement received had a due date of XX/X/17. I called the company before the due date to request a payment solution as stated on the statement. The company representative stated during the call that there was nothing they can do with the account since it was under review. Apparently, during a review Citibank will not discuss payment solutions or even take a payoff over the phone or web. My only option was to send a check to a company address and hope for the best. I escalated to a manager to speak with internal contacts. They refused to provide contacts to assist with a payoff plan in order to have the issue settled before the due date. I can provide the statement as backup to this complaint. I do not think an account should be locked out and possibly sent to an collection agency if the customer is seeking to resolve the issue at hand."
"I recently disputed outdated credit profile items with Experian through CFPB and some items were not removed. According to the credit bureau procedures if a delinquent debt is over 7 years old with no payment then it show be removed from the credit profile. 

Its seems as if Experian chose to validate that the debt was indeed due opposed to removing it from credit profile due to the length of time its has been delinquent on my credit profile. Therefore, I am requesting again to have these items removed from my profile. If Experian believes that these items don't qualify to be removed, then I request to have proof of payment, including but not limited to bank account and routing number of transaction, date of transaction, amount of transaction, ach authorization code of transaction and/or copy of personal check submitted for payment submitted to my attention. 

If this information can not be provided, then I wish to have this information removed immediately."
"I have been getting aggressive phone calls at my work and on my cell phone from a company named Performant who took over a loan I have no idea what it 's for ( I 'm pretty sure it is student loansI have repeatedly asked them to send info on what it is but they give me the runaround. If I know what it is I would be more than happy to pay it. But they are short, rude and will not work with me."
"I have paid my bills my whole life and never missed a payment. I had a misunderstanding with XXXX, which was not my fault, and there is no documentary evidence to support my contention of the following facts. XXXX records all phone calls, so XXXX is in control of all of the documentation necessary to remove this item from my credit report. 

I moved out of California, where I had been a XXXX customer, on XXXX XXXX, 2014. On that date, I was told by the XXXX representative who disconnected me that I was paid in full. I received a bill from XXXX a month later for about {$150.00}. I called and the representative told me that I needed to return my router, which I did. I mailed the router and called to confirm. I received another bill and called and was told again that it was a mistake. Only upon receipt of a collection notice did I finally receive the correct information regarding my bill and I paid it immediately, pleading with the representative who promised me that if I paid it would not impact my credit. I submitted a dispute to XXXX XXXX the dispute confirmation number is pasted above ) after discovering to my horror that I had been misled and lied to. XXXX asked for documentary proof, of which I have none. All I have is my unblemished history of payments of all debts. I applied to refinance my student loans and was denied a week ago because of this. 

This information will obviously be on all credit reports with the largest credit reporting agencies, so if the CFPB could help me dispute across all agencies, it would mean so much to me. I worked so hard and to have a misunderstanding affect me like this is really heartbreaking. 

Please help me. I really hope that you can help me resolve this issue"
"To Whom It May Concern : I received a copy of my credit report and found the following items to be errors. 
XXXX XXXX XXXX PLEASE REMOVE THIS NEGATIVE PAYMENT HISTORY FROM MY CREDIT REPORT. 

XXXX XXXX XXXX PLEASE REMOVE THIS NEGATIVE PAYMENT HISTORY FROM MY CREDIT REPORT. 

XXXX XXXX XXXX PLEASE REMOVE THIS NEGATIVE PAYMENT HISTORY FROM MY CREDIT REPORT. 

XXXX XXXX XXXX PLEASE REMOVE THIS NEGATIVE PAYMENT HISTORY FROM MY CREDIT REPORT. 

XXXX XXXX XXXX PLEASE REMOVE THIS NEGATIVE PAYMENT HISTORY FROM MY CREDIT REPORT. 

XXXX XXXX XXXX PLEASE REMOVE THIS NEGATIVE PAYMENT HISTORY FROM MY CREDIT REPORT. 

XXXX XXXX XXXX PLEASE REMOVE THIS NEGATIVE PAYMENT HISTORY FROM MY CREDIT REPORT. 

I demand that these items be investigated and removed from my report. It is my understanding that you will recheck these items with the creditor who has posted them. Please remove any information that the creditor can not verify. 
Please send an updated copy of my credit report to the above address. 

Thank you for your time and help in this matter."
"on XX/XX/XXXX i called XXXX XXXX to resolve an old debt. The representative there transferred me to a collection department to make a payment. after making the payment, my credit report was suppose to be updated to a paid status, which they did for a few days before switching it back to unpaid. every time i call XXXX XXXX there is always an issue with my information in there system and half of them ca n't get past authentication because personal info is not correct either. I gave them my dob, ssn and address but because my telephone number does n't match i would need to be transferred which would start a transferring nightmare one after the next. Its been four months since XXXX took the payment and they have n't been able to update the credit reporting agencies or the account in their office properly or in a reasonable time frame."
"I am a resident of the state of Alabama. When the hurricane hit my state, I along with my husband experienced severe losses that will take time to recapture from insurance and hurricane relief. We can not make mortgage payments on one of our properties until it is 100 % repaired and livable. Therefore, we with to make our bank aware of this situation, and for them to send to our home by mail, as well as to our email address a complete modification package. Me and my husband should have our affairs in order no later than XX/XX/2019. There may be additional relief from the Government, that will take time."
"Ocwen, initially approved a short sale for {$280000.00} if I 'm handling for a probate listing. We were waiting for the court appointed appraisal to come back which took some time, and it was {$280000.00} as well. In the meantime the buyer backed out and we got a replacement buyer for the same dollar amount and I was told it was a trustee sale at the end of the month no one told they wo n't postpone the trustee sale to even consider the offer because it needs to be 100 % of the market value in order to stop the trustee sale. Wish I have an initial short sale approval for {$280000.00}. The other issue is this is dual tracking which is illegal in California. Attached you will find the short sale approval that was initially given to us for XXXX along with our offer that is consistent with their approval."
"On XX/XX/XXXX, I initiated a wire transfer of the amount of {$2000.00} from my bank ( XXXX XXXX XXXX ) to the following recipient : Coinbase, Inc XXXX XXXX XXXX, XXXX XXXX, XXXX XXXX, CA XXXX Routing/ABA Number : XXXX Account Number : XXXX Recipient Instructions/Message : XXXX ' On XX/XX/XXXX, the wire transfer of the amount of {$2000.00} was reversed which is reflected in my bank statement. 

On XX/XX/XXXX, {$2000.00} was sent from my bank account to Coinbase however this amount was not transferred to my Coinbase or GDAX account and the balance does not reflect the transfer was completed successfully. 

I 've sent 2 emails to the Coinbase/GDAX support team on XX/XX/XXXX and XX/XX/XXXX and have not received a response from them. 

I would like to cancel my wire transfer."
Hi my name is XXXX XXXX I am reaching out to you do to my Experian credit report. Couple months back I obtained a copy of my Experian credit report and on my credit report there was a duplicate account that was posting twice. One with no data and one with correct data So I contacted Experian and had it disputed. The consumers name that I was disputing for posting duplicate was XXXX XXXX  But unfortunately Experian member deleted an active account from a different company the name for that company was XXXX XXXX XXXX  due to the wrong deletion my credit score took an impact of dropping my score lower. I have tried contacting Experian multiple times but every time I do contact them I am greeted with the foreigner that does not understand what Im trying to explain every time I tell him they deleted the wrong one he tells me yes sir we deleted XXXX XXXX  and I tell him know yous deleted the wrong one then then they put someone else that still dont get that they deleted the wrong credit card posting. I had contacted XXXX XXXX and let them know they were going to post another months worth on my credit report but my concern is my past good credit report history is now missing due to experience deleting the wrong file.
"On XXXX/XXXX/XX/XX/2015, at XXXX XXXX PST, I received a voice mail from XXXX XXXX with XXXX XXXX at my place of employment. The message stated the the call is regarding "" case file, XXXX, concerning a bad payment passed through XXXX XXXX Bank, in an breach of contract, that looked to have been done maliciously ''. 

When I called XXXX back, I was not provided the mini-miranda. He told that the account was pre-legal and that their attorney would be looking to sue me in small claims court in XXXX XXXX because the balance was less than {$5000.00}. When asked, he advised me that they are located in New York. It would appear that there was no real intent to sue at the time I was told this. 

Additionally, the voice mail and collector uses term "" case fie '' to describe my account number with them in an attempt to misrepresent the legal status of the account."
"XXXX XXXX, 2016 Re : CFPB case # : XXXX Dear XXXX XXXX ; Thank you for your recent correspondence. As you suggested, I have followed up with XXXX XXXX again and they said "" they negotiated the check correctly '' Citibank cleared the check. It was the responsibility of Citibank to insure the check had the XXXX required signatures before clearing the check. Therefore, Citibank is responsible to replace the check. Please advise me on when I will receive this check to resolve this issue. 
Sincerely,"
ERC started to report on my credit file without send me a 30 day right to dispute .... I had already paid the XXXX debt prior to them reporting and by law they have to notify me with the 30 day right to dispute.
"I had fraud committed on my XXXX credit card account by my ex-wife. Charged over {$2000.00} by my ex-wife unbeknownst to me. I found out about these charges when I was refinancing on my house and the mortgage company went through my credit history. XXXX Company 's excuse was that my ex-wife opened the card when we were still married and decided to use the card after the divorce and I have the deeper pocket so I am responsible for the charges. There is no voice authorization said I accepted my ex-wife into my account let alone no written authorization. XXXX kept saying that because I was once married to her that I am responsible, and if I wanted to cancel her account or even my account so I do not do any more business with the XXXX ; I have to sign admitting that it 's my fault which is not! The company knows I am trying to keep my credit rating up so they are going after me even though it 's my ex-wife who charged all the money! I am the victim of fraud, and I advise everybody to not have this happened to them especially when you go through a divorce. Do not let this happened to you! Especially with XXXX Co. they are the worse customer service to deal with in fraud especially when you are the ACTUAL victim!"
I asked them to show me prove and they hung up on the phone. it is on my credit report and it is damaging it. they just sent me a letter.
"I have applied for a auto loan with State Farm Bank.

I currently have a auto loan with State Farm and the company denied the loan application because they are saying there is possible fraud in the past that is connected with XXXX XXXX. Then the agent agent asked me do I know XXXX XXXX. The agent said any car loans that I apply with through State Farm bank they will turn it down because my name, social security number is in the fraud department. I do not think this is right. My credit is credit worthiness and it is not legal for them to deny any loan that I apply for. I really feel bad that I am going through this situation currently. The company told me that they will never approve me for a loan, everything that I apply for will get denied, and I will not be able to get any banking loan approved no matter how well my credit is or how good my employment is."
Kia Motors Finance is purposely ruining my credit. They keep reporting me as 30 days late on my loan when I 've never been 30 days late. I 've even sent a written letter requesting they correct this and they only made it worse.
"Kohl 's repeatedly calls my phone number looking for someone who has not lived here for 5-10 years. I have told them that and asked them to stop calling me, but the calls persist. 

For example, Kohl 's admits that they called me on XX/XX/XXXX about XXXX XXXX. They admitted that I requested at that time that they no longer call me looking for someone else. Yet, on XXXX/XXXX/XXXX, at XXXX XXXX, Kohl 's agent named XXXX ( # XXXX ) called me looking for someone else. 

I am tired of the repeated harassing calls. I have never had a charge account with Kohl 's. This has been going on for years. I want it stopped. 

Note : I have never had a Kohl 's credit card."
"XXXX XXXX XXXX XXXX XXXX XXXX, NJ XXXX To whom it may concern- I am writing to file a complaint against Chase bank for NSF fees that should not have been assessed. For several months, Chase bank has paid items coming through my account based on "" their "" discretion. In paying the initial item of my mortgage in which My account was short in excess of {$1900.00}, this caused me to get several hundred dollars of fees per week in addition to cause my account to be in a cycle of being overdrawn for several months. Three months of fees totaling {$3000.00}. The bigger concern is when my XXXX XXXX bill came thru my account to get paid which was a {$5000.00} payment and I was short {$330.00} this item got returned!! This has now had an impact on our relationship with XXXX XXXX. How can Chase continue to pay items overdrawing my account for approximately {$2000.00} per week but did n't pay an item that was short {$330.00}? I have been told when I call it is because "" Items are paid at Chase discretion ''. The answer is simple, by paying all the other items coming thru my account overdrawing it by {$2000.00} they were able to charge me extensive overdraft fees because I had pending transactions at the time.!!! This is NOT acceptable. We do NOT have overdraft Coverage NOR debit card coverage therefore they had NO right to pay things overdrawing my account in excess of {$2000.00} allowing them to charge me over a {$3000.00} in fees during a 3 month period. If they chose to do this why did n't they pay my XXXX XXXX bill? How can a bank pick and choose? Would n't it make sense if they were going to choose they would choose to cover {$330.00} NOT {$2000.00}!! Please see the attached statement showing their '' choice '' to pay items coming through my account and the hundreds of dollars paid in fees. I would like to prevent this from happening to other customers and would like ALL my fees from this nightmare for the past several months reversed. We have banked with XXXX XXXX and there are no other banks that would cover a item that would overdraw your account by {$2000.00} unless you had overdraft protection. Chase stated this was done because of our great relationship with them??? Clearly this was done to make money off of us. If it was truly done for our relationship with them they would have paid our {$330.00} shortage for our XXXX item which was a {$5000.00} payment. Thank you for your assistance with this matter. See attached documents. 
Best Regards, XXXX XXXX"
"I sent this company my dispute letter on XX/XX/XXXX with detail explanation on what accounts were derogatory and needed removal. I even attached all the documents they requested as proof to assist them run a smooth investigation on this matter : But to my surprise this company still kept reporting these erroneous accounts. This letter is a written proof of my intent to resolve this matter and have these inaccurate accounts expunged from my report before pursuing legal action. 
For yet one last time, the following accounts are derogatory : XXXX XXXX, Opened Date XX/XX/XXXX, Highest Balance {$3300.00} XXXX   XXXX XXXX, Opened Date XX/XX/XXXX, Highest Balance {$2800.00} XXXX, Opened Date XX/XX/XXXX, Highest Balance {$4400.00} XXXX  XXXX XXXX XXXX XXXX, Date Opened XX/XX/XXXX, Balance {$2900.00} XXXX  XXXX XXXX XXXX XXXX, Date Opened XX/XX/XXXX, Balance {$1000.00} XXXX XXXX XXXX XXXX XXXX, Date Opened XX/XX/XXXX, Balance {$3500.00} XXXX XXXX XXXX, Opened Date XX/XX/XXXX, Balance {$1900.00} XXXX XXXX XXXX XXXX/XXXX XXXX XXXX, Date Opened XX/XX/XXXX, Original Balance {$610.00} XXXX, Opened Date XX/XX/XXXX, Balance {$3600.00} I have attached herewith the letter I sent to this company as proof of their failures to investigate and fix the errors I pointed out for reference."
"I correct name XXXX XXXX XXXX on Equifax fraud alert report. 
My correct name is XXXX XXXX."
"Equiafax- dispute- X/XX/17 : I have observed that since my disputes to Equifax starting X/2017, this company has placed a FRAUD ALERT on my file even though I sent in a certified letter requesting it be removed from my credit profile. After this time, I was unable to view my credit report weekly through XXXX XXXX. Also, I was unable to find view my Equifax credit report on XXXX website that I subscribe monthly. Both XXXX XXXX and XXXX have told me that the Equifax report is not available and it is through no wrong doing on their part. Through XXXX XXXX I have not been able to access a current Equifax report since X/2017. I have not been able to access the EQUIFAX report through my XXXX subscription since X/XX/2017. I have since tried to go online to equifax.com and check the status of disputes that were done in XX/XX/XXXX- the website tells me that the website is down. I am unable to access my dispute results- which have not been mailed. I am also unable to file any more disputes because it states, the website is temporarily unavailable. This is what I have been told for the past 2 months. Out of curiosity- I had my husband to access his report through the same EQUIFAX website after I was told it was down and he was allowed to view his report and access dispute results from past disputes. it is clear that EQUIFAX has put some kind of freeze or block on my credit profile which has prohibited me from accessing and disputing errors on my report. I have been told that they are doing this type of unethical act to alot of consumers who have been trying to correct inaccurate information on their reports. I have kept careful records of their behavior and will not tolerate or accept this type of harassment from them. Please govern yourselves accordingly because I will not hesitate to contact a consumer attorney due to your willful and wanton negligence."
"The person who identifies herself as XXXX calls every day and tells my boss that I "" do n't pay my bills and that I am paying 390 % interest ''. I got on the phone and said I have asked over and over not to be called at my employer b/c its not allowed and she said "" then pay your bills. Until then I will call you every day. ''"
"This account with XXXX XXXX have absolutely NO MERIT and should not be on my credit report due to the nature that theyre fraudulent. I have spoken to my local Sheriffs department identity theft investigators advised me to contact the federal trade commission to file a identity theft and fraud account report as a extra step of protection The only resolution is to delete the fraudulent accounts in question and no more. In accordance with the FCRA 2009 these accounts MUST be removed due to them being opened without my consent by someone who fraudulently obtained my information. My Police report number with the XXXX XXXX County Sheriffs office is ( XXXX ) and I am receiving my FBI report. 

This creditor in question has neglected my letters and not responded to my calls / emails. 

XXXX XXXX ( XXXX XXXX XXXX ) on my credit report is fraudulent and not mine, although this account is being paid satisfactory THIS IS NOT MINE and I have let the FTC & CFPB know this. 

FCRA 603 ( q ) ( 4 ) The term identity theft report has the meaning given that term by rule of the Bureau, and means, at a minimum, a report ( A ) that alleges an identity theft ; ( B ) that is a copy of an official, valid report filed by a consumer with an appropriate Federal, State, or local law enforcement agency, including the United States Postal Inspection Service, or such other government agency deemed appropriate by the Bureau ; and ( C ) the filing of which subjects the person filing the report to criminal penalties relating to the filing of false information if, in fact, the information in the report is false. """
"On XX/XX/2018 I purchased a XXXX vacuum and financed through XXXX XXXX XXXX XXXX XXXX -parent company Scott Fetzer Financial Group Our agreement was that my first payment would be XX/XX/2018 with a 10 calendar days late payment Im made my first payment on XX/XX/2018 using my 10 day grace period On XX/XX/2018 I hard a hard inquire on my credit report because we are correctly financing with a bank and it came back that I had a LATE PAYMENT on XX/XX/2018 the day I signed Parker work for the vacuum, when I called the company ( XXXX ) they said that this was false and that they they did not run my credit-the report said otherwise-and that my account was in good standing with them"
"3rd Party collection company is attempting to collect a debt, that was not mine nor authorized by me, additionally, this debt they are attempting to collect is beyond 6years the statute of limitation in Pa where I reside, the holder of this debt is also a collection agency, XXXX the original debtor removed the debt"
Was contacted by this company about another persons debt. I let them know they had the wrong number and asked who was calling. MG Credit was rude and hung up. Called back to complain. let MG Credit know the number they are calling is wrong and to remove it from they call list. MG Credit continued to ignore my request and gather more information about me and the phone. This happened on XX/XX/18 around XXXX eastern time.
"In XXXX of 2014, my family relocated from XXXX to XXXX. In the process of switching bank accounts and payment information, I switched the automatic payment account information with Wells Fargo Dealer Services. Because of a time lag in processing, I missed a month 's payment. Unbeknownst to me, this has been following me ever since. I have autopayments setup and e-statements sent. At no point did I receive correspondence from Wells Fargo that the delay happened, that I was accruing late fees, and that they were reporting to the credit bureaus that I was always a month behind in my payments. It has had a severely negative affect on my score. The only reason why I found about this was because I called them about starting a new loan and the agent caught it. I am now three weeks without resolution from them and I am being charged over {$600.00} in late charges. One agent said that they had been trying to get in touch with me with the old phone number on the account and not the current one that I submitted when I updated my account information. I have followed up with phone calls only to be told that a "" manager '' will get back to me. I submitted paperwork to their XXXX but heard nothing. My payment history supports my on-time payment history and how quickly I would have responded in fixing this. Their poor communication and systems management results in the consumer suffering. When I went to get a new auto loan, my score prohibited me from getting a better auto loan rate and I know it was affected by this loan."
"I contacted transunion and XXXX  about an account listed by XXXX XXXX XXXX. 
XXXX XXXX XXXX Potentially Negative XXXX XXXX XXXX XXXX Debt Buyer Responsibility Individual Balance {$1200.00} Account Name Account Number Account Type Balance Updated Recent Payment Monthly Payment Original Balance Highest Balance Terms On Record Until XX/XX/XXXX XX/XX/XXXX {$0.00} {$0.00} {$1200.00} {$0.00} 1 Months Date Opened XX/XX/XXXX Status Collection account Payment History {$1200.00} past due as of XX/XX/XXXX. XX/XX/XXXX XXXX XXXX XXXX This account has been reaged. I have disputed this reports 3 times. Each time they allow the collection agency to falsely report their accuracy. The account they claim to be collecting is so old it does not appear on my credit report. This is a fair indicator of an issue. The opening date of this account is listed as XX/XX/XXXX. If that were so the XXXX  would show on my credit report. I asked Transunion for the original date of delinquency and they told me that is did not matter. If the original account is so old it is no longer on my report than the collection account has to have been reaged. 

The same situation exists with The Bureuas THE BUREAUS # XXXX XXXX XXXX XXXX XXXX XXXX , IL XXXX ( XXXX ) XXXX XXXX Placed for collection : Responsibility : Account Type : Loan Type : XX/XX/XXXX Individual Account Open Account COLLECTION AGENCY/ATTORNEY Balance : Date Updated : Original Amount : Original Creditor : XXXX XXXX Past Due : >In Collection< Remarks : >PLACED FOR COLLECTION< Estimated month and year that this item will be removed : XX/XX/XXXX"
"On XXXX/XXXX/16 I spoke with this debt collector in regard to a debt they have in my name from XXXX XXXX. They gathered my phone number, address, name, and reference number at the beginning of the call. I spoke with them about my desire to dispute the debt and its validity at which time they advised that I mail them a letter in writing in regard to my desire to dispute my debt. I mailed the letter and a check for the original bill, before the addition of late fees ( {$18.00} ) that day. I heard nothing back from the debt collector and I mailed another letter asking what the status was of my account on XXXX/XXXX/16. On XXXX/XXXX/16 i received a letter in the mail from the original debtor, XXXX stating that since I had not paid the bill in question they would be assessing late fees to my account. I called XXXX and was told that they had no record of a payment for {$18.00} on my account. I was able to resolve the debt with XXXX and they advised that I request to have my check for {$18.00} returned to me. I called the debt collector and spoke with XXXX to ask that they return my check, at which point he claimed that the check was mailed to me on XXXX/XXXX/16. To date I have not received my check in the mail. I asked to speak with a supervisor at which point I was told that his supervisor was on another call. He stated that he looked into this issue further and found that the check was mailed to "" the address they had on file '' which is an old address, hence why I did not receive my address in the mail. I told him that it was impossible for them to not have my current address as they ask for it at the beginning of each phone call, the letter I mailed had my address as the return address, and my checks have my address clearly printed on the top corner. He stated I should call my bank to have a stop payment placed on this check ( this would cost me an additional {$35.00} through my bank ). I am disappointed that this company was so lazy in their attempt to mail back my check. Instead of using the information I gave them multiple times to mail the check back to me they mailed it to a complete stranger who now has access to my banks account number, routing number, and a signed check. I am completely open to countless scenarios of fraud involving my personal finances due to the laziness of a debt collector. I do not have disposable income to throw around money to place stop payments on checks that were haphazardly handled by a law firm specializing in debt collection. This definitely qualifies as improper contact, as they mailed a complete stranger my personal check as well as mail from themselves, the debt collectors. They knew this was an incorrect/old address for me based on how many times they were given updated information. 

I am still in the process of confirming whether or not this check was illegally cashed."
"RE : CARE CREDIT CARD, XXXX 2014 I had to have XXXX. dental work and the dentist office signed me up for a Care Credit Card for the {$8600.00}. bill. They said I would have no interest for a year promotion. To date I have paid $ XXXX balance and when I went to check statement, I found out that they accrued 12 months of interest for the entire year XXXXXXXXXXXX at 26.9 %! Putting my balance back up to {$8300.00}.!! I am shocked at this deception and of the {$3000.00}. I pd means nothing now. I read that there was a class action lawsuit about this, I called Care Credit and they were no help. I feel I have been unfairly taken advantage of and have no way to keep paying this dental debt as my pmts have increased as the entire balance back to near original amt! Please advise on how to get reimbursed via class action lawsuit. This was never explained to me, the dental girl said no interest for a year as a promotion special. I need advice quickly please."
Correspondence is from Credit Collection Services re : XXXX XXXX. The amount due appears to be XXXX but this is not entirely clear. The correspondence includes a STATUS UPDATE that essentially claims that my account is unpaid and seriously past due. It also states that I should call their office and that otherwise they will call me. There is no indication regarding the name of the creditor or the services provided that I am expected to pay for.
"I see that there is XXXX credit # XXXX appearing in my credit report which I do n't own. I contacted XXXX today ( @ XXXX XXXX XXXX ) and they say since the account is already closed they cant help .Since XXXX 2016 ( when I first checked my credit report ) I have been contacting XXXX and they never responded properly. In XXXX I contacted them and they asked me to mail the dispute to address XXXX, XXXX XXXX, SD - XXXX and it may take some time to respond .I did so. But in reality till now I never got any response from them. I contacted Transunion twice ( recent dispute raised on XXXX/XXXX/2016 ) and their investigation is still reporting the same details. Since I do n't own this card, I want the details about this card not to appear in my credit report and restore my credit score to a good score. Please help me with justice. My credit score is getting hit with this fraud."
"On XXXX XXXX, my debit card and pin was compromised and I had {$300.00} withdrawn from my account without my knowledge and I was also charged {$170.00} in overdraft fees ( {$35.00} x 5 over the course of 24 hours ). I have reason to believe that it was compromised at a TD Bank ATM. On XXXX XXXX, money was taken out from a TD Bank location in XXXX less than an hour after I made a withdraw in XXXX. TD had flagged the account for fraud activity but never contacted me in any way. The card used also did not have a security chip while the XXXX issues to me did. After a 2 week investigation, TD Bank refunded the {$300.00} that was withdrawn and {$70.00} in overdraft fees. But because they had posted the overdraft fees before the fraud transactions, they are giving me a hard time returning the other {$100.00} that they charged me for this fraud transaction. They have promised me to return the money the following day twice but I have yet to receive any kind of credit for it. They are holding my money hostage, but still charging me monthly fees all because of their practice of placing some transactions before others rather than in the order in which they occurred in order to charge overdraft fees and collect money. This has been a nightmare and I am forced to be on hold for XXXX60 min anytime I call customer service. I even went to the branch manager and he brushed me off and told me I would have it tomorrow but nothing ever came. TD Bank should be barred from pursuing this practice against consumers! Transactions should be placed in the correct order that they were made, not how TD feels whats best for them. As of now, I was charged {$100.00} in overdraft fees on an account that had over {$100.00}."
"On XXXX XXXX, XXXX, borrower contacted debt collector and acknowledged settlement offer from loan originator, Navient. Debt collector verbally denied borrower the right to settle referencing no knowledge of the agreement with loan originator. Furthermore, debt collector advised borrower that balance of {$8000.00} was different than balance of {$13000.00} loan originator was reporting to borrower 's credit reports. Debt collector also advised borrower that per the agreement reached in XXXX, there was no interest on the account. 

On the same day, borrower reached out to loan originator, and inquired about difference in balances, and debt collectors refusal to draft settlement agreement. Loan originator sent inquiry to Loan originator 's office of consumer advocate for review and response. Per loan originator, the debt collector had not communicated that they had committed to a repayment agreement with borrower, and therefore, Navient was reporting information incorrectly to credit bureau for a number of years. 

During the period of XXXX XXXX to XXXX XXXX, XXXX, borrower has contacted loan Navient, and XXXX, XXXX XXXX XXXX on a daily basis. Both parties seem to disagree on responsibilities of fair debt collection reporting, balances, settlement drafting, etc. XXXX, XXXX XXXX XXXX has informed borrower that account is not in collections proceedings due to the numerous errors, and they are in a holding pattern waiting for confirmation before collection action resumes. Borrower has, on numerous occasions, often daily, offered to make payment and or settlement in exchange for fair credit reporting from both parties. Both parties have remained in holding pattern, and improper balances, account status, and payment information has been reported to borrower 's credit account, thus harming credit standing, and civil liberties in regards to financing a home, available credit, consolidation, etc."
"I have been a victim of fraud on my account XXXX times in one year from Captital One 360. Each time, I am required to wait up to XXXX hours for pending payments to post so that I can then dispute them. I am left without funds in my account for the same amount of time. I have repeatedly ask Capital One 360 to change my primary contact number to my mobile number so that I am immediately notified of any fraudulent activities. I also receive no compensation for any loss of time or inconvenience being caused by the repeated fraud this bank allows to happen on my bank account."
The company ( XXXX XXXX ) keeps repeatedly calling my place of employment. I myself called from my cell phone and asked that they not call my job. He then threatened to take me to court. They continued to call my job up to 3 times per day for the past week. Today she ( XXXX XXXX ) told my manager that she was a liar and she knew I was working here. I am close to losing my job because of this.
Not liable for debt
"X/X/2017    my mortgage payment was increased by  XXXX   . I  contacted "" loan care '' in regards to this situation. They informed me my escrow account was some how negative, with no explaination of how why or where the escrow money went, but that i am responsible for correcting the issue. Ive had this mortgage for going on 4 years, have all escrow statements and have never once had an issue until this company took over my loan. The most unknowledgeable people ive ever spoken to the lady tried telling me my account has been in the red since closing ....? I explained to the lady i have no control over the payment after it leaves my account that they need to figure it out on their end.. I contacted an attorney in the matter of this case and he knew who i was dealing with before even telling him. Im going to start a re finance this coming friday and also looking to pursue a lawsuit against the company. Ive read several similar reviews identical to mine and have attempted to reach out in contact with these people in similar situations in attempt to gather lengthy and worthy testimony should it make it to court. As far as im concerned this company is a fraud/scam and should no longer be able to operate as a business. Unbelievable!"
"To whom it may concern, On my last visit to this office ( XXXX XXXX & XXXX XXXX, XXXX XXXX office ), the doctor made some confirmation and told me that everything would be covered by my insurance and I only have to pay the copay, and that was why I agreed to have the procedure done. I came to front desk and made the copay payment and even asked them if I owed anything else. They confirmed that I dont owe anything else. But I just checked my credit report, I have a collection from them of $ XXXX.This is affecting my credit score I request this tobe resolved since it 's the wrong amount posted on my account. My balance should be {$0.00} and I should not owe them anything I called their billing office to try to resolve this but they were mean, used profane or other abusive language and said I still owe the amount. She sounded like it was okay for them to lie and misinform their patients including me ( that I didnt have to pay for the procedure ) so that I will agree to do the procedure I called my insurance and they told me to call the doctor billing office and tell them to call my insurance but they refused to do it"
I have repeatedly contacted XXXX  as well as transunion about a collection company. ( XXXX XXXX XXXX ). In XX/XX/XXXX I filed for bankruptcy. In XX/XX/XXXX I received a discharge. XXXX is a debt that was successfully discharged. However XXXX changed the effective date of debt to reflect as if the debt accumulated post bankruptcy. The collection account appeared on my credit 8 months after bankruptcy dates XX/XX/XXXX. I have submitted at least two investigations with transunion and was told to forward a copy of the discharge to insure that the original debt was discharged. I have submitted those documents and still it's on my report. I've submitted the same paper work to XXXX on three different occasions both mail and fax and each time they've claimed to not receive them. Please help.
"Received 2 voicemails this week from XXXX XXXX XXXX  to speak with me regarding a loan taken out by a relative they named in the voicemail message, and to discussed resolving this 'voluntarily. ' I have never co-signed for this relative for a loan. I never received anything in writing from this company, or any company they might be representing indicating what is supposedly owed. My spouse tried to call them several times today, but they did not answer. They are listed with the BBB, but with numerous complaints. I suspect this to be a scam which should be reported to law enforcement."
"XXXX, XXXX XXXX SOC SEC # XXXX DOB XX/XX/XXXX ADDRESS XXXX XXXX XXXX XXXX XXXX XXXX, XXXX XXXX, FL XXXX This serves to notify you on the inaccurate information on my credit report as per your file. I have sent this letter via registered mail for purposes of formal escalation in the appropriate courts of law should the need arise. Recently, I 've been denied in my application for ( mortgage, car loan, credit card, health insurance, employment ) in Florida XXXX closer look, this was due to inaccurate information on credit report ; mine. My Florida id and social security card was stolen. I have been disputing this charge and have proved that it was a fraudulent account I have also included a copy of the police report. I 've been unnecessarily embarrassed by this oversight on your part or maybe your credit reporter 's part. The erroneous information below is not only degrading or defamatory. It has also damaged my good credit standing, prevented me from having something that I badly needed, and most of all it has caused too much stress which has affected my health. In short, the quality of my life has been negatively affected by this inaccurate information on the credit report which is detailed as follows ; XXXX XXXX XXXX XXXX XXXX XXXX, XXXX XXXX SOC SEC # XXXX DOB XX/XX/XXXX ADDRESS XXXX XXXX XXXX XXXX XXXX XXXX, XXXX XXXX, FL XXXX"
"I would like to dismiss this student loan I been paying for this loan since XX/XX/XXXX, College closed end of XX/XX/XXXX, was not able to successfully obtain a job in my career field, due to the high cost of these loan 's not able to purchase a home. continue on income sensitive for years, now that is closed they did not credited me to go back to school tuition free."
"this company advertises it specializes in va home loans and helps vets get into a home. this false advertising because they don't. they are using a company that issues fraudulent scores and claims making it impossible to finance a house, they state in a letter of denial that my scores was XXXX from XXXX  which is a direct lie, the score issued from equifax is presently at XXXX  and has been for over 3 months now. The name of the company issuing the data is XXXX XXXX, their name should be XXXX XXXX. After doing some research on this company i find they are doing this to a lot of folks, numerous complaints and charges have been made against this company. They do unauthorized credit checks and list incorrect information continuously"
"We were refinancing a Loan with Reliance First Capital , LLC XXXX, New York, XXXX. It has been 1 year and 6 months to try to refinance!!!! 
They are incompetent, they cover up mistakes their employees make on mis-information on the forms you fill out just to extend the length of the processing.. They double talk you and repeatedly ask for information that you send to them over and over again just to drag their feet on the loan process. We paid them {$650.00} in fees for appraisals only to be denied the loan. 
How long does it take to get a home refinanced? Please, BEWARE OF RELIANCE FINANCIAL. I would not wish this experience that we went through to my worse enemy."
"On XX/XX/XXXX I filed a complaint because of XXXX XXXX was charging me interest. I received notification from XXXX XXXX of a courtesy credit refunding the interest that I had been erroneously charged. Since then I have made on time payments, totaling over {$790.00} in credits to my account. In XX/XX/XXXX My Credit Limit was decreased from {$3500.00} to {$2000.00}. On XX/XX/XXXX my payment of {$400.00} was posted to my account, bringing my balance {$990.00}, with a credit limit of {$2000.00}. I had finally received less than 50 % of Credit Limit. I am making payments to decrease the balance, and when I finally get ahead they keep decreasing my Credit Limit to keep my balance high. I have Interest Deferred Promotions, but the multiple Credit Limit Decreases are ruining my credit rating. On the XXXX XXXX statement dated XX/XX/XXXX, my limit has been decreased to {$1500.00} by XXXX XXXX again, twice during the period from XX/XX/XXXX-XX/XX/XXXX. 
The credit limit decrease now reports me has charging 66 % of the Credit Limit. Despite my account activity, and aggressively paying more than the minimum amount due. I feel as if this is reprisal due to the complaint I filed previously against XXXX XXXX-XXXX. This change on my Credit Limit has adversely effected my credit. Im paying on this account but the Credit Limit decreasing inaccurately capture that I have a high balance. I have had multiple Credit Reporting Disputes that have been corrected and updated. XXXX XXXX has lowered my Credit Limit based on fraudulent and inaccurate information, but I am the one who is being effected the most."
"Hyundai Finance reported to the Major Credit Bureaus that my XX/XX/XXXX payment was made 30 days late, however, the account was paid off in XX/XX/XXXX. Hyundai acknowledged their mistake but has not notified the major bureaus and consequently my FICO score dropped 36 points. <P/>I 've spoken to Hyundai Finance 6-7 times between XX/XX/XXXX and XX/XX/XXXX"
"On XX/XX/XXXX, I got an auto loan from USAA Federal Savings Bank ( "" USAA '' for the rest of the complaint ). 

In XX/XX/XXXX, I paid this loan off IN FULL. I have a confirmation letter from USAA dated XX/XX/XXXX, and a "" Lien Satisfied '' letter from USAA dated XX/XX/XXXX. 

In XX/XX/XXXX, I noticed a "" charge off '' in the amount of {$180.00} dated XX/XX/XXXX from USAA Federal Savings Bank on my credit report. 

On XX/XX/XXXX, I called USAA. After 1 hour and 16 min, I was eventually routed to the correct Department : "" Charge Off Recovery Dept '' XXXX XXXX ext XXXX. The representative XXXX was as helpful as she could be. She confirmed that my loan was indeed paid in full and she could not figure out why there was a charge off. She informed me that the USAA credit reporting dept could not be reached by phone, either by consumers or by herself. She stated she was going to initiate an investigation and she advised me to file a "" Credit Report Dispute '' via the USAA website, which I did immediately. She also advised me that it would take approximately 30 days before any information was updated on my credit report and that I should check at that time. 

On XX/XX/XXXX, I called USAA Charge off Recovery Dept and talked to XXXX again. She informed me that on XX/XX/XXXX, the charge off amount of {$180.00} was "" washed out and cleaned. '' She again advised me that it could take up to 30 days before this information was reflected on my credit report. 

On XX/XX/XXXX, I checked my credit report. The charge off by USAA was NOT corrected. I again called USAA Charge off Recovery Dept. This time, I talked to XXXX. XXXX confirmed that my account was "" still in charge off status, '' but he could not provide me with any further explanation. I asked if I needed to make a payment to remove this charge off, but he informed me that I couldn't make a payment "" because there is nothing to pay ''. He stated he was going to initiate another investigation and that if I would like to, I could file another "" Credit Report Dispute '' on the USAA website. I told him what I would like is a resolution to this issue, and that I wanted to speak to someone in the credit reporting office who would actually be able to answer my question as to "" Why was there a charge off when the account was paid off in full and the lien is satisfied ''? Most importantly, I told him that I wanted to talk to someone who could actually tell me what needed to be done to resolve this issue, AND actually resolve the issue, ie remove the charge off from my credit report. He informed me that "" the back office can not be contacted by phone '' and that my only recourse was for him to initiate another investigation. I asked him to initiate the investigation. 

Why there was a "" charge off '' when USAA sent me a letter stating "" Your Loan Has Been Paid in Full '' on XX/XX/XXXX and another letter stating "" LIEN SATISFIED '' on XX/XX/XXXX. How could I possibly have owed them any money?"
My number was provided as a reference and I continuously get calls even after I 've asked the company to not call me looking for the borrower or to relay a message to their borrower who has a working phone number..
"On XX/XX/2015 XXXX XXXX XXXX ( Account ) # XXXX appeared on my equifax credit report with a balance of {$870.00} ( I am disputing this item ) Please be advised this is my SECOND WRITTEN REQUEST. The unverified items listed below remain on my credit report in violation of Federal Law.  You are required under the FCRA to have a copy of the original creditors documentation on file to verify that this information is mine and is correct. In the results of your first investigation, you stated in writing that you verified that these items are being reported correctly? 
Who verified these accounts? 
You have NOT provided me a copy of ANY original documentation required under Section 609 ( a ) ( 1 ) ( A ) & Section 611 ( a ) ( 1 ) ( A ) ( a consumer contract with my signature on it ) and under Section 611 ( 5 ) ( A ) of the FCRA you are required to promptly DELETE all information which can not be verified. The law is very clear as to the Civil liability and the remedy available to me for negligent noncompliance ( Section 617 ) if you fail to comply. I am a litigious consumer and fully intend on pursuing litigation in  this matter to enforce my rights under the FCRA"
"On XX/XX/XXXX I was shocked to discover a collection account on my credit report from Stellar Recovery Inc in the amount of {$100.00}. The original creditor listed is XXXX, an internet service provider I had business with earlier in the year at a prior address. XXXX continued internet service past the date services where to discontinue do to me moving. Furthermore, they continued to bill me for this service without ever sending me a new invoice for the charges. I never received any written communication from either XXXX nor Stellar Recovery Inc. indicating I had this balance due. Today, XX/XX/XXXX, I called and spoke with XXXX XXXX at Stellar Recovery. Despite confirming they have my correct address, he advised that they are unable to provide me with any copies/proof that any dunning letter was ever sent to me informing me of these charges. This is unacceptable. A collection company can not report a collection to the credit reporting bureaus without first sending a dunning letter advising someone their is a claim against them. Furthermore, Stellar is refusing to acknowledge their mistake and remove this bogus collection account ( even when I offered to pay the full amount they claim I owe )."
"At approximately XXXX XXXX on Friday, XXXX XXXX 2015, I placed a call to XXXX ( at telephone number XXXX ) in relation to pending litigation. I was instructed that the people available on that line were not able to help me, but that I should call another department within XXXX at telephone number XXXX ( hereinafter the "" XXXX number '' ). 

At approximately XXXX XXXX on that same day, I followed the recommendation of the XXXX employee, and placed a telephone call to the XXXX number. When an unnamed representative answered this call, she answered the call as "" Phillips & Cohen Associates '' ( hereinafter "" PCA '' ). As I had been led to believe that the XXXX number was another office within XXXX, I was confused, and asked for clarification. Specifically, I asked questions to the effect of "" Is this an office of XXXX?, '' "" Is Phillips & Cohen a subsidiary of XXXX?, '' etc. 

For not less than the first XXXX questions to this effect, the representative told me that yes, I was speaking to someone who was an employee of a subsidiary of XXXX. Based on this information and belief, I then proceeded to divulge personal details - including, but not limited to my name, address, and social security number ( or a portion thereof ). 

After divulging this information, I was informed that the representative was attempting to collect a debt on behalf of "" Portfolio Asset Group, '' and that I was not, in fact, speaking with someone who had any connection to XXXX. I was told that PCA is not in any way affiliated with XXXX, even though this directly contradicted the information provided mere seconds earlier by the same representative. I asked whether or not the representative had properly understood my earlier questions - asking things like "" do you [ the representative ] understand the definition of the work 'subsidiary '? '' Each time, I was told that the representative had understood my queries, and had proceeded to provide incorrect information anyway. 

I believe that in this conversation, an agent or employee of PCA did violate the FAIR DEBT COLLECTION PRACTICES ACT. Specifically, I believe the following provisions were violated:1. 15 U.S.C. 1692 ( e ), Paragraph 10 - "" The use of any false representation or deceptive means to collect or attempt to collect any debt or to obtain information concerning a consumer ; '' and2. 15 U.S.C. 1692 ( e ), Paragraph 14 - "" The use of any business, company, or organization name other than the true name of the debt collector 's business, company, or organization. "" Further, I believe that each utterance of a knowingly false statement by an agent or employee of PCA does constitute a separate violation. I encourage PCA to review their recording of the infringing conversation and tally the infractions themselves. Under no circumstances do I believe there to have been fewer than XXXX ( total ) violations of 15 U.S.C. 1692 ( e ). 

Additionally, I believe that in this conversation, an agent or employee of PCA did violate provisions of 209 CMR 18.00 ( "" CONDUCT OF THE BUSINESS OF DEBT COLLECTORS AND LOAN SERVICERS '' ), specifically:1. 209 CMR 18.16 ( 10 ) - "" The use of any false representation or deceptive means to collect or attempt to collect any debt or to obtain information concerning a consumer. "" 2. 209 CMR 18.16 ( 14 ) - "" The use of any business, company, or organization name other than the true name of the debt collector 's business, company, or organization. "" Again, I believe that each utterance of a knowingly false statement by an agent or employee of PCA does constitute a separate violation. I encourage PCA to review their recording of the infringing conversation and tally the infractions themselves. Under no circumstances do I believe there to have been fewer than XXXX ( total ) violations of 209 CMR 18.16"
"I purchased my new Truck in XXXX 2016. The dealer said I could n't pay cash and I had to finance it for at least 3 payments. When I got my first statement from Chrysler Capital the principal was {$29000.00} and payoff was $ XXXX.I sent a cashiers check on XXXX XXXX, 2016 for the {$30000.00}. They sent me another "" bill '' for {$97.00} for more interest. On XXXX XXXX, 2016 I sent another check for {$97.00}. Now they said they did n't receive it. I sent it certified mail and the tracking mail showed it was delivered XXXX XXXX, 2016 at XXXX and checking with my bank for a copy of the check showed it was deposited XXXX XXXX, 2016. They are still sending me a bill for the {$97.00} plus {$2.00} interest. Meanwhile ( XXXX XXXX I assume / Chrysler Capital sent me a prepaid debit card for {$97.00} for over payment for my loan. I 've called at least 4 times and get a different answer each time and I still have n't received the Pink Slip title. I think from XXXX, 2016 to XXXX, XXXX, 2016 is plenty of time for them to get things settled. 
Thank You"
"INQUIRYS FROM THESE COMPANYS DO NOT BELONG TO ME. I HAVE CALLED AND I HAVE SENT CERTIFIED LETTER AND STILL NOTHING HAS CHANGED.

1.Brclysbankde Inquiry from XX/XX/XXXX 2.Brclysbankde Inquiry from XX/XX/XXXX 3.XXXX/XXXX Inquiry from XX/XX/XXXX 4.XXXX/XXXX Inquiry from XX/XX/XXXX 5.XXXX Inquiry from XX/XX/XXXX 6.XXXX XXXX XXXX Inquiry from XX/XX/XXXX 7.XXXX XXXX   Inquiry from XXXX XXXX, XXXX 8.XXXX/XXXX Inquiry from XX/XX/XXXX XX/XX/XXXX"
i did not request a look for any credit information about me.
"I filed for Chapter XXXX bankruptcy on XX/XX/XXXX. Included in the bankruptcy on, Official Form XXXX XXXX were three student loan amounts held and/or managed by XXXX XXXX/Nelnet : {$10000.00} Nelnet Claims XXXX XXXX XXXX XXXX, NE XXXX  Opened XX/XX/XXXX- Last ActiveXX/XX/XXXX {$310.00} Nelnet Claims XXXX XXXX XXXX XXXX NE XXXX Opened XX/XX/XXXX - Last Active XX/XX/XXXX {$330.00} Nelnet Claims XXXX XXXX XXXX XXXX, NE XXXX Opened XX/XX/XXXX Last ActiveXX/XX/XXXX Total of Nelnet loans {$11000.00} The above were included on the Matrix of Creditors in aformentioned Bankruptcy filing submitted to the court on XX/XX/XXXX
*** According to Official Form XXXX ( For Individuals or Joint Debtors ) Notice of Chapter XXXX Bankruptcy Case No Proof of Claim Deadline : "" Creditors who assert that the debtors are not entitled to a discharge of any debts or who want to have a particular debt excepted from discharge may be required to file a complaint in the bankruptcy clerk 's office within the deadlines '' Dates : Meeting of creditors - XX/XX/XXXX at XXXX XXXX - No representative from Nelnet/XXXX XXXX XXXX  attended the meeting Presumption of Abuse - Deadline to object to discharge or to challenge whether debts are dischargeable : Filing deadline :XX/XX/XXXX Deadline to object to exemptions : Filing deadline : 30 days after the conclusion of the meeting of creditors Deadline to object to intended abandonment : Filing deadline : 75 days after the conclusion of the meeting of creditors *** According to the "" Certificate of Notice '' Form ID : XXXX - Notice by first class mail was sent to Nelnet by the Bankruptcy Noticing Center on XX/XX/XXXX.
A discharge was granted by a United States Bankruptcy Judge *** Nelnet/XXXX reported to all three reporting agencies that the balance on the three Nelnet/XXXX loans was {$0.00}, they were discharged in Chapter XXXX Bankruptcy, and "" Closed - Derogatory ''.
The reports reflected this status for multiple months. During the same months, no statements for any loan are available. I inquired about the statements when I discovered the three student loans had reappeared with a balance on my credit report.
+++ I have had discussions with Nelnet, XXXX XXXX XXXX XXXX, and the three credit bureaus. Nelnet has given me the runaround and says to check my statements. There were, however, no statements for the months that the loans showed up as Closed {$0.00}. I requested from Nelnet that they provide all statements for the year ofXX/XX/XXXX.
The request was denied through an email that literally said "" ... your request has been denied ... 

I was unable to get any explanation as to why they would n't send the statements. 
The same as above is true for XXXX as well. 

One of the other credit reporting agencies, XXXX I believe, did follow up on their investigation and stated the erroneous information had been removed and my report changed to reflect Closed {$0.00} for the most expensive loan. 

I 've tried several times to communicate with all involved parties and have gotten nowhere I have additional information if needed Thank you XXXX"
"I have a XXXX and an XXXX, and I have accumulated about {$150000.00} in federal and private student loans, of which {$45000.00} in private student loans have become a big problem to repay. I am unemployed and have very minimal income. I have exhausted my deferment, and I was refused to get on the income-based repayment plan or MGRS- modified graduated repayment schedule. 

My servicer is XXXX and the holder of my student loans is Access Group. Both refused to provide me with an income-based repayment plan, and here is why- I was on the income-based repayment plan but still had a hard time making payments. XXXX ' representative offered me a deferment for three months ( which would exhaust my deferment ) and then get back on MGRS. My three-month-deferment just ended. To my surprise, following the deferment period, XXXX advised me that the MGRS is not an option for me anymore because I can not go on and off it, and there is no other repayment option. 

Had XXXX associates been properly trained and provided accurate student loan advice to me in the first instance, I certainly would not have canceled the MGRS just for 3 months. I would have stayed on the MGRS. Clearly, my choices have been made based on false information provided to me by their servicing center. 

Now, I am without income and in a worse repayment position than I was prior to deferment. It seems nonsensical to me that I can not use an income-based repayment plan. I do not believe that XXXX and Access Group are providing me with accurate information. 

Please help me get back on the income-based repayment plan. 

Thank you, XXXX"
My husband past away a year ago and I found out the loan we have with PNC is a interest only loan. We have paid XXXX since XX/XX/2006 and the loan was only for XXXX and I have already paif XXXX. I'm wondering what I should do plus I thought this was against the law and the banks had to notify the comsumer when the housing market crashed due to this kind of practice. I really need help to understand what I should do.
"This was account has already been disputed with XXXX XXXX XXXX XXXX once before, and they refuse to correct their records. XXXX XXXX XXXX XXXX is alleging that I had an account with XXXX XXXX & that it became delinquent on XX/XX/2016. That is factually incorrect. XXXX XXXX is "" re-aging '' this account to show that its more recent than it actually is, which allows them to continue to report it. I have asked them to provide proof that this account was indeed delinquent on the dates they claim.. I have asked them to return a copy of the final XXXX XXXX billing statement, and they refuse to do so. The negative mark is showing up on several credit bureau 's reports as well as with XXXX XXXX. I have perfect credit except for this negative mark and I want the CFPB to cite XXXX XXXX XXXX XXXX for their illegal practices and behaviors. This is a clear violation of the Fair Credit Reporting Act & /or Fair Debt Practices Act."
"I have been sending correspondence to XXXX since XX/XX/XXXX to have them validate and verify some of the accounts on my credit report. I sent them 3 different letters, each one month apart giving them the chance to resolve the issues. It is my understanding that in order for them to report accounts on my credit reports, they must be able to verify and validate those accounts. They never sent me anything on how the account was validated or verified even after I asked them on several occasions to do so. It has been over four months and there are items that are still on my credit report that I asked for verification on my first letter on XX/XX/XXXX. I would like all of those items off of my credit report since they have been unable to verify that those accounts actually belong to me. I am aware that they have 30 days, plus an additional 15 days to do so and they have failed that time frame. The accounts are on the letters I will attach. They sent me reports over and over saying the accounts were verified and remain on my account but never gave me proof of verification, like I requested."
"I have been battling with this issue which seems like for months now, and nobody seems to want to assist me. This will however be my last and final attempt before taking a different measure to resolve my issue. The collection agency listed as Augusta Collection Agency are reporting negative debt to my credit report. The account is apparently stemming from an ambulance bill from XX/XX/XXXX from the company listed as XXXX XXXX XXXX XXXX. Which is confusing to me is that there are two different amounts being reported, one account for {$930.00} and another for {$940.00}. It was last reported to the credit bureau on XX/XX/XXXX. I was in a car accident back in XX/XX/XXXX, but I only road in ONE ambulance, where is the other charge coming from? Nonetheless, I contacted Augusta Collection Agency a few months ago ( I have the conversation recorded ) and ask them to explain why the charges were on my account, they stated they have no idea and to contact the original creditor, they were VERY rude and told me it was MY responsibility to ensure I paid my bills, when I referenced that at the time the accident was very tragic, the manager stated people die every day and that was NO excuse. I then contacted the original creditor XXXX XXXX XXXX XXXX  who told me to then contact the insurance company as everything would have been paid by them, they also told me the account NOW belongs to Augusta Collection Agency and they can not request for the account back as the collection agency would have to. I contacted XXXX  ( whom was the insurance company back inXX/XX/XXXX ). XXXX   was VERY helpful, they told me they would pay whatever needed to be paid, XXXX provided me the claim number from the accident inXX/XX/XXXX as well as a fax # and told me to provide the claim number to Augusta Collection Agency and have them fax over the bills in question that were not supposedly paid. I called Augusta Collection Agency ( I have the call recorded ) and they stated they WILL NOT send XXXX ANY information, nor will they send me a copy of any billing statements. Augusta Collection Agency are basically refusing to get paid. However, this negative debt they are reporting monthly is causing an enormous impact to my personal credit and credit worthiness. I had no idea of the debt or even who Augusta Collection Agency was until I personally reach out myself. Augusta Collection Agency and XXXX XXXX are not trying to resolve this matter. It seems like they rather report this negative info to my credit report versus get paid for the services. MONTHS later after speaking with both companies, I have NOT received VALIDATION ( not verification ) of the debt, I have NOT received a document with my signature with showing where I agreed to this debt, nor have I ever received a bill statement with my name showing why or how I owe this debt. Its like they are refusing to give me any information about what is being reported to MY credit report. This situation is very time consuming and disappointing. Lastly, what address was the original billing sent to? What information did XXXX XXXX  get from me prior to sending this info to collections? What mobile number was anyone using to contact me? Why are there two bills with different amounts being reported? Lastly, how can my personal medical information be sold to a different company without my knowledge or validation of the information?"
"For months since XX/XX/2018 I have been disputing and following the law to have these items removed and each company reporting on my report has yet to validate their search upon request in accordance to the federal law as required which is a violation of the FCRA & FDCPA. 

I requested that each company please provide me of an original signature or any proof binding me to any debt with them they claim I owe in accordance with federal guidelines and each company has failed to do so after about 6 challenging attempts. 3 from myself 2 from XXXX XXXX and another from XXXX XXXX The XXXX XXXX XXXX. 

Violation of the Fair Debt Collection Practices Act ( including but not limited to Section 807-8 ) Violation of the Fair Credit Reporting Act ( including but not limited to Section 623-b ) I have requested that each organization reporting derogatory items and negative closed accounts please prove this to me as I do not recognize or claim any accounts to be mine. 
Furthermore I have given them more than 30 days to respond accordingly and they have yet to respond proving or validating the debt within the 30 days required by law. 

The first challenges went out on XXXX XXXX to XXXX XXXX XXXX for {$720.00}, There was a challenge for a XXXX balance as a charge off with them as well. XXXX XXXX also showed a {$720.00} balance along with XXXX XXXX with a balance of {$430.00} and Portfolio Recovery for {$680.00}. 

I disputed each item and requested for proof my original signature as validation per the federal law requires within a 30 day period for I did and still do not recall such accounts. I informed them that failure to do so in accordance with the laws provided to remove any debt bearing my name on my credit report from their credit profile and to remove any negative item from my credit report. 

They responded with letters within the 30 day period saying that the debt was valid and their investigation was verified yet did not provide proof within 30 days of the initial letter as requested such as a signature binding me to the debt as the law requires. 

The second challenges went out on XX/XX/2018 to the same companies listed above for the same amounts and their responses were the same still failing to provide me with any type of proof validating the debt as the law requires. 

The third challenges went out on XX/XX/2018. As a final goodwill attempt along with More challenges sent out later via credit repair services between the months of XXXX 2018. 

Yet again these companies have within the 30 day span upon the initial challenge failed repeatedly to act in accordance with the law and have been in violation of the FCRA & FDCPA. 

I too requested Validation they have yet to prove it. 
Violation of the Fair Debt Collection Practices Act ( including but not limited to Section 807-8 ) Violation of the Fair Credit Reporting Act ( including but not limited to Section 623-b )"
"Upon further investigation, I have retained new copies of my credit reports, and noticed that you did not furnish the credit bureaus with the required disclosure, within the period required by law. You are required by federal law to place a notice of dispute on my account within 30 days of my dispute, which you signed for on XXXX/XXXX/XXXX. I have retained a copy of your signature and date of receipt, as well as a time-stamped copy of my credit reports, showing that you have violated the Fair Credit Reporting Act, Section 623 ( a ) ( 3 ) and/or the Fair Debt Collection Practices Act Section 807 ( 8 ) by not placing the disclosure within the required 30-day period. 
Be aware that I am making a final goodwill attempt to have you clear up this matter. The listed item is entirely inaccurate and incomplete, and represents a very serious error in your reporting. 
I am maintaining a careful record of my communications with you for the purpose of filing a complaint with the Consumer Financial Protection Bureau and the Attorney Generals office, should you continue in your non-compliance of federal laws under the Fair Credit Reporting Act. 
I further remind you that you may be liable for your willful non-compliance, as per FCRA 623 ( a ) ( 3 ) - Responsibilities of furnishers of information to consumer reporting agencies [ 15 U.S.C. 1681s-2 ] ( 3 ) Duty to provide notice of dispute. If the completeness or accuracy of any information furnished by any person to any consumer reporting agency is disputed to such person by a consumer, the person may not furnish the information to any consumer reporting agency without notice that such information is disputed by the consumer.
( B ) Time of Notice ( I ) The notice required under subparagraph ( A ) shall be provided to the customer prior to, or no later than 30 days after, furnishing the negative information to a consumer reporting agency described in section 603 ( p ). 
As you have violated federal law, by not properly providing the credit bureaus with proper notice within the required timeframe, and I have evidence of such, via certified mail receipts, you must now remove the item. Any other action ( or inaction XXXX on your behalf may result in a small claims action against your company. 
I would be seeking a minimum of {$1000.00} in damages per violation for : Defamation Negligent Enablement of Identity Fraud Violation of the Fair Debt Collection Practices Act ( including but not limited to Section 807-8 ) Violation of the Fair Credit Reporting Act ( including but not limited to Section 623-a-3 )"
"All three of the major credit reporting agencies ( Trans Union, XXXX and XXXX   ) are not up to date all the time on or reporting bogus information on me of which creditors look at this information and take it as being totally correct.

It also doesn't make sense that when one credit reporting agency fico score on me increases the others go down and vice versa.

When I apply for credit such as a car loan the creditor looks at several lending institutions with the best interest rates for my loan which gives me a "" ding '' each time an inquiry is made and adds to my Hard Inquiries which in turn lowers my score ( I'm just trying to get the best interest rate ).

This also doesn't make any sense, for example, my fico score reads XXXX when my Positive Negative Credit Card Use is : 5 % Credit Age : 3 Years ( although I have 20+ years ) Payment History is : 100 % Hard Inquiries : 10 ( lowers score just for checking ) Derogatory Remarks are : 0 Total Accounts are : 21 WHAT IS UP WITH ALL OF THIS BAD REPORTING?"
"RPM, Receivables Performance Management LLC, for XXXX, is trying to collect a debt that has NOT been Validated as mine, which has been disputed and requested to do such Validation on XXXX XXXX, 2017. Also, RPM is NOT licensed in the State of Florida to collect a debt. This debt is reporting FALSE information on my credit report, on XXXX, XXXX and XXXX. The collection amount listed on my credit monitoring site for {$120.00} and never made aware of such debt in writing. This is a violation of the FRCA."
on XX/XX/2018 I called Transunion. The customer service would not help and take care of the negative inquiries reporting to my credit report.
"I am filing an additional complaint on behalf of Case number : XXXX. I have heard back from Wells Fargo in regards to the deed in leau, but it is the same response as always. XXXX ( the home preservation specialist ) stated I need to submit the same exact documents that they already have on file and then made up additional documents that they 've never needed before. I requested that they send the ENTIRE list of documents needed in one letter so I do n't have to keep re-sending them, which I 've never received. This was all before XX/XX/XXXX and now I have heard NOTHING back from them since. I also reached out to XXXX XXXX, but she has yet reached back to me to respond."
"I opened a credit Card account with Continental finance a few months back to try and restore my credit rating. Since then they have been charging me {$4.00} for Credit Protection that I didnt want and clearly checked that box during the application process, made calls to remove and they still will not. This last Month I got a phone call from them wondering where my payment was. They asked me if I mailed it to there new address or old address. I told them i mailed it to the address that was on the payment stub ( i have no idea where this is ). She said it was okay but they went ahead and charged me a {$25.00} late fee. Why they would do this to there customers ( in researching this I am not the only on they have done this to ). They have so far refused to take this off my balance even though they sent out there payment invoices with there old address on the stubs. I just felt like you should know they are ripping off customers and do not help you when you call them. I just want to pay this debt off and close this account but they are making it impossible by tacking on late fees and credit protection charges againt there customers who are tring very hard to pay the debt on time and do the right thing. This should and must be Illegal. 
Thank you for your time and consideration. 
XXXX XXXX ( XXXX ) XXXX"
"We had set up a payment automatically through our Debit Card from XXXX with XXXX XXXX Hospital, and because our bank sent us a new Debit Card ( when XXXX and XXXX XXXX were hacked and all banks sent new cards to customers affected ), our payment did not go through with the Old/Cancelled debit card, but we did n't know it at the moment it happened. My husband went ahead and made the payment and brought the account current, but I received a 30 day past due mark of delinquency on my credit. I disputed this through XXXX, but I have not seen any updates and no responses from Progressive Management S Address : XXXX XXXX XXXX XXXX XXXX XXXX, XXXX XXXX, CA XXXX. 
Phone # XXXX. They are the Collections agency for XXXX. 
I would like the 30 day mark deleted from my credit record, since it was an error, not a missed payment. 
thank you,"
"Received letter, dated XX/XX/XXXX, from American Express Legal stating that I owed {$10000.00}, per agreement signed XX/XX/XXXX. I have repeatedly tried to get in contact with their attorney and they say there is a stipulation from XX/XX/XXXX, stating that I would pay {$500.00} a month. I never received this stipulation and never received correspondence from the attorney. I have been making monthly payments on the American Express website and as of the date of the letter, the balance on the account was {$9000.00}. When I spoke to two different representatives at American Express Legal, they both went back and forth on the amount of money that I owed. They both tried to say I owed {$10000.00} at different points in the conversation. That's also the amount listed in the letter. I made a {$550.00} payment today in good faith to try to show that I am working to pay down my debt. The current amount due is {$8500.00}. My understanding is that American Express can not collect a debt larger than what I, as the consumer, owe."
"My husband had a loan with Seterus, and was in the middle of making trial payments to have the loan modified when he passed away XX/XX/XXXX. I wanted to assume the loan, and completed all paperwork to send to Seterus. There was an issue that took several months to resolve, as Seterus wanted me to have the home go through the Probate process before they would review the assumption application. I explained that I already owned the home since I was on the deed, and should n't have to pay the expenses of Probate since I own the home. This took Seterus several months to review, and finally send me a letter that they agree the property does not need to go through Probate - that i must have been "" misinformed '' by someone at Seterus. Once this issue was resolved, i had to resubmit many of the documents since they were considered "" out of date '' by Seterus. I did as they asked, and they sent a letter dated XX/XX/XXXX that they had received all the documents from me they needed and were reviewing for the assumption and I should receive an approval or denial in about 30 days. We are just a few days short of it being 60 days now. I have been calling each week since the 30 day point to see where we stand - and each person I speak to says there are no notes that reflect it 's even being worked on. This situation has been "" escalated '' in Seterus system twice in XX/XX/XXXX - without any forward movement to the "" escalation ''. I received a letter via XXXX on XX/XX/XXXX that Seterus was "" responding to our request '' and had assigned XXXX XXXX with "" Consumer and Government Affairs '' to our case. The letter said to reach him with any questions, and gave his number. I have since called XXXX XXXX on XX/XX/XXXX, XX/XX/XXXX and XX/XX/XXXX - I left voicemails each time, and have not received one return phone call or message. I called the general customer service line on XX/XX/XXXX and spoke w XXXX XXXX who reviewed all notes, and agreed that the review did not appear to be moving forward, and got her supervisor XXXX XXXX involved. I spoke with XXXX and she said she would contact the "" Assumptions Department Manager '' that day, and have them call me that day. I never heard from anyone ( XXXX or Assumptions Manager ) .I asked XXXX for her direct line and called her on it on XX/XX/XXXX, XX/XX/XXXX and XX/XX/XXXX - and left voicemails each time stating I had never heard from the Assumptions Department Manager - and I still have not received one return phone call or message from XXXX . I called the general customer service line today, XX/XX/XXXX and was advised there are still no notes or evidence that the review is moving forward. I want this process completed so that I can move forward with my life, and I 'm concerned that Seterus is taking so long, they 'll tell me my paperwork is out of date again."
XXXX coded my emergency visit under dental so insurance was not covered. The bill was very high and could not pay for it so they sent this over to collections. The company called me several times and said that if I paid them this would not affect my credit in a negative manner. They put negative remarks on my credit even though they were paid
"My Chapter XXXX XXXX filing was discharged 6 years ago. I included XXXX mortgages in the XXXX which have XXXX been paid on time for the past 6 years since the discharge. However, I am not getting credit for either mortgage on my credit bureaus. I have contacted all XXXX agencies as well as XXXX servicers to resolve multiple times. Both agency and servicer are suggesting that the other is at fault. This situation is impacting my credit score and in turn my lending options. Being at a loss I decided to contact the CFPB to see if they could be of assistance in this matter"
"On XX/XX/XXXX I submitted a dispute for the charge on XX/XX/XXXX from the XXXX XXXX in the amount of {$110.00}. Included with the dispute was an email from the XXXX XXXX informing me the hotel canceled my reservation. This should have been more than enough evidence proving I did not receive services and should not have been charged. 
on XX/XX/XXXX way beyond the allowed timeframe allowed to investigate and resolve this dispute, Chase sent me a letter stating they believed the merchant provided the services paid for, even though they were in receipt of a letter from the property stating otherwise. 
Thus not only was Chase in violation of 15 United States Code 1666 Correction of Billing Errors statute, they obviously never even investigated the dispute which the hotel directly admitted was an error."
"I was contacted by this company who is threatening to sue me. So i entered into an agreement to repay the debt. I was sent an email of a letter after i asked that a physical copy be mailed to me. i then noticed small typos and no street address only a po box . However i was unsure of the laws, and felt a little uneasy so I checked my credit report and I did not see the debt they are attempting to collect so I assumed it had been charged off or was too old to be collected. After trying to research the company I am now afraid that they may not be legitimate and maybe be trying to collect money from me for fraudulent purposes."
"Synchrony Bank, with offices in New Jersey, held onto my matured CD for XXXX calendar days past the maturity ( XXXX/XXXX/15 ), even though I had notified them on XXXX/XXXX/15 that I wanted to cash out and have the funds sent by ACH transfer to my local bank, which they had on record. On the maturity date ( XXXX/XXXX/15 ), I again called to make sure that their "" back office '' was paying attention to this order. I was told at that time that the "" back office '' would not even begin to process the cash-out until the NEXT business day which was XXXX/XXXX/15. I called again on XXXX/XXXX/15 and was told that the request was "" in process ''. I called again on XXXX/XXXX/15, as the funds had not been received AND my CD showed as renewed on their website. I asked to speak to a "" supervisor '' on this call. After a few minutes on hold, the "" supervisor '' came on the line and said that she had just spoken with the "" back office '' about my case and that the funds would be ACH 'd out that day and in my bank "" tomorrow '', XXXX/XXXX/15. I questioned her closely about the "" tomorrow '' promise, as I had experience with their ACH process in the past and I would expect NOT "" tomorrow '' but the next business day, XXXX/XXXX/15. The "" supervisor '' doubled down on the "" tomorrow '' promise. When I asked if that was her story, her answer was "" that 's my story. '' Of course, she was WRONG, either lying or ignorant of their ACH process. I 've set up many ACH debits and credits in my business career. The batch date, transmission, date, and effective date are all in play, with the effective date as the date it 's hits the other bank account. This date can be set for the next day or even the next week. This is what these guys do to further delay the funds leaving their account. Also, if their transmission is too late in the day, then the actual effective date can not be the next day, simply because of the late transmission. The funds hit my account on XXXX/XXXX/15, as I had predicted while talking to the "" supervisor ''. My CD still showed as renewed on their website until XXXX/XXXX/15, which was the ACTUAL DATE that they closed out the CD - XXXX days past its maturity. A brick-and-mortar bank must be prepared to cash out a matured CD on its maturity date. These guys do n't even think about it until the NEXT business day and they do n't actually do it for XXXX MORE days. If I had asked to cash-out XXXX days EARLY, they would have levied as substantial penalty on the pre-mature withdrawal. There are opportunity costs incurred by the customer ( me ) due to this bunch holding on to the funds after the maturity date, but they incur no penalty because they already have my money and will release it when they please. I suspect that all that I have described is part of their actual policy, not simply "" bad luck '', since I was told about next business day processing and then repeatedly told that it was "" in process '' when it was NOT. I have actual names given to me on each call to them and they supposedly record each call."
"I am in the process of a refi on my home. It is important that I have my credit score as high as possible. I spoke with Eqiufax regarding a credit inquire that will be 2yrs old on XXXX. I would like it to be removed on XXXX. They say it will take another month. All they wanted to talk about was selling me a security monitoring plan. VERY AGGRESSIVELY!!! PLEASE help me to have this removed on the 2year date. TIME IS OF THE ESSENCE. PLEASE. 
Thank You So Much, XXXX XXXX XXXX XXXX XXXX XXXX XXXX, Az XXXX *********** XXXX"
"Through gross negligence, Equifax has allowed extremely sensitive personally identifiable information to fall into the hands of unauthorized agents. Despite knowing the sensitive nature of the data Equifax held, they failed to set up adequate systems and protections in place to secure my personally identifiable information. Due to these actions, I am at a grave financial risk and can fall victim to act of identity theft, a drop in my credit score, and elevated costs for home, car and other loans."
contacted someone listed as relative advised them to tell me to contact XXXX XXXX at XXXX extension XXXX or XXXX very important XXXX about garnishing wages
"Wells Fargo Home Mortgage XXXX XXXX XXXX XXXX XXXX XXXX XXXX, MN XXXX Subject : Response to letter "" Important information about your renovation loan '' dated XXXX/XXXX/XXXX and received on XXXX/XXXX/XXXX. 
1. ) Statement made in Par. XXXX - "" ... loan was closed on XXXX/XXXX/XXXX ... for an anticipated completion date of XXXX/XXXX/XXXX. '' a. Response : i. Yes, the anticipated completion date of XXXX/XXXX/XXXX is correct. However, anticipation is not conformation. Due the contractor ( NOTE : which was referred to me by XXXX XXXX - Wells Fargo renovation loan mortgage specialist ) not doing their due diligence ( example : permits not obtained in a timely manner ), on vacations ( example : leaving the project with lack of direction ), breaching the contract ( example : doing work that was n't in the "" Scope of Work '' - painting wood trim white - this was expressed by me not be done when painting, etc. ), damage ( example : uneven arches, garage damage, etc. ). I also found out XXXX XXXX XXXX was working on other projects when told they were at my house working. This is unfair and deceptive practice. 

ii. Well Fargo 's failure to promptly and properly inspect work completed by the contractor, delaying my termination letter to XXXX XXXX XXXX ( example : representatives requiring me to do multiple revisions to a letter I compiled to terminate contractor ), prolonging the vetting process of another submitted contractor for validation. Nor did I receive what the contractor actually needed to complete an expedited vetting process. This is unfair and deceptive practice. Note : if this information is proprietary - so be it - however I am not responsible for how a company operates their business. 

For the record, information was never shared or provided to me on how to apply for a proper extension, change order or termination letter. XXXX XXXX XXXX caught an error ( no asphalt or concrete repair or removal ) and wanted to change the "" SOW '' ; however, this was never done. Consequently a "" Change Order '' needed to be done due contractor entering wrong data on original "" Scope of Work ''. Resulting in continuous critiquing and "" Change Order '' never being completed ; whereby making this process unfair and deceptive and possibly fraudulent. 
In regards to communication, Wells Fargo has been extremely unfair, difficult and deceptive. It was discussed early on during loan approval process and throughout this renovation process what my hours of work and availability are and remain to be ( my work hours XXXX - XXXX est ). I constantly tried to place calls, return calls ( sent to vm ), share concerns with processes about being misinformed in which resulted in a lot of deception. I would continuously be routed to voicemails and/or speak with different specialist that provided conflicting information and telling me who I was trying to speak with was n't available, in meetings, was told I could n't speak to managers and representatives became aggressive when asked, etc. I ca n't lose employment due to Wells Fargo lack of promptness, un-ethical and bully ways of doing business. 
iii. Consequently, due to the latter mentioned the anticipated completion date is null and void. More so, Wells Fargo should not arbitrarily do what they want to with my monies ( timely paid in full, every month ) that I was approved for to complete work on my home without consulting me as the consumer and homeowner. 

2. ) Statement made in Par. XXXX - "" ... numerous efforts to contact you about completing the renovation work on your property. '' a. Response : i. Wells Fargo has contacted me during my work hours on numerous occasions knowingly this is being unfair, deceptive and disrespectful. Although, this has been responded to in the latter ; Wells Fargo bullying and forcing me 'straddle the fence ' with my employer because of Well"
"I noted a collection account on my annual credit report and contacted the company by mail on XX/XX/18 inquiring about this transaction. The letter was returned. 

I sent another letter via certified mail on XX/XX/18 and the letter was returned on XX/XX/18."
"We transferred money from our XXXX to our US bank account. Most banks operated with an exchange rate of XXXX the day the transfer was made ( XX/XX/2015 ), the highest exchange rate we have seen that day was XXXX. Bank of America on the other hand gave us an exchange rate of XXXX. This made the transfer about 260 dollars less than expected. After complaining to Bank of America they gave us 130 dollars back, an exchange rate of XXXX. We still mean this is far to high considering the exchange rate XXXX XXXX. 2015. They also informed us that their exchange rate is higher the higher the transferred amount is, and we want to complaint about this arbitrary way of setting the rate."
"XXXX client, XXXX XXXX is a victim of identity theft. She received a collection attempt from Credit Counsel , Inc on  behalf of XXXX XXXX XXXX for {$1400.00} dollars, an amount that she has advised is related to an issue of identity theft. This issue as well as other has been reported to the XXXX Police Dept for investigation. An official dispute of this account was sent to Credit Counsel Inc XX/XX/2018 ; as of this date Credit Counsel Inc has not provided any update as the status of the investigation of this issue which is a violation of the FCRA and FDCPA since this account was reported to my client ; s credit reports."
"I am trying to freeze my credit report with Experian. They claim that they could not verify my identity and are requesting that I mail them a bunch of personal information to confirm. I feel that they are attempting to prevent me from freezing my credit easily. I also do not feel comfortable mailing these documents with my information on them, which defeats of the purpose of trying to prevent identity theft."
"Still at with Lexis Nexis. At last count, 39 Disputes. As of XX/XX/XXXX the fix has been ; We have now no Car ( we own one ) We have now no Home, no Home at all. We bought, own and maintain a Home since XX/XX/XXXX. 

The previous property listed prior to XX/XX/XXXX we walked away from. A Home Listed in A Bankruptcy that was discharged in XX/XX/XXXX. My one of many deliberate reasons I have issues with Lexis Nexis. XXXX Deliberate as I have disputing this among many more created and stubbornly refuse to correct."
"I have send Equifax several letters disputing inquiries that I did not authorize. For the following companies : 1. XXXX-XX/XX/XXXX 2. XXXX XXXXXX/XX/XXXX 3. XXXX XXXX-XX/XX/XXXX 4. XXXX XXXX XXXX-XX/XX/XXXX 5. XXXX XXXX XXXX-XX/XX/XXXX. 
The last letter send certified with tracking number XXXX in which was received XXXX XXXX by Equifax and they have ignored my letter. I did not authorize anyone employed by these companies to make any inquiry and view my credit report. This is a violation of the Fair Credit Reporting Act Section 1681b ( c ) and serious breach of my privacy rights. Equifax has failed to validate this information with these companies and provide me with copies of any documentation associated with these accounts bearing my signature authorizing an inquiry in the absence of any such documentation bearing my signature I requested the fraudulent inquiries be immediately deleted from the credit file that is maintained under my social security number."
"I submitted a letter of dispute requesting validation that I have ( or ever had ) a contractual obligation to SYNCB/CARE CREDIT based on a derogatory account on my credit reports. The certified letter was received and I never got a response from SYNCB/CARE CREDIT or an acknowledgment of the dispute on my credit reports. This was in XX/XX/XXXX. The certified receipt was not signed but was printed with the name "" XXXX XXXX ''. I have recently sent another letter to SYNCB/CARE CREDIT in XX/XX/XXXX ( going on more than two weeks ) to the same following address as listed on my credit reports : SYNCB/CARE CREDIT XXXX XXXX XXXX XXXX FL XXXX This most recent dispute letter ( that was sent to the same address as the first dispute letter ) has not  been signed by by anyone and is taking several weeks to get a conformation that the letter has been received or to respond to my dispute. It appears they are avoiding my attempts to validate or remove this incorrect information off of my credit reports."
"Between XX/XX/XXXX and XX/XX/XXXX there was a hard inquiry on my account that has been open sinceXX/XX/XXXX with XXXX XXXX for XXXX 's XXXX XXXX. The account has not been used since then nor have I had contact with XXXX XXXX or the furniture store sinceXX/XX/XXXX The inquiry was unauthorized and I was never informed that an inquiry would be ran. 
I called into XXXX XXXX 's customer service. They told me they can not access any information to the account because it's the store 's card, so they had to transfer me to that card 's customer service. When I reached the representative on that line, they told me they have no record of the inquiry being pulled and can not tell me why one would have been pulled. They claim to have filed a dispute through Transunion, but I do not feel confident that any actions were properly taken since they can not see their own inquiry they pulled. This is negatively affecting my credit because hard inquiries take points away. 
I do not understand how a company has no record, but had to have sent a report to a creditor requesting my information."
"De ar Sir/Madam, I have been an Amex custo mer since  XXXX , both for my personal and corporate cards.  <P/> On  XXXX   XXXX , my company (  XXXX   XXXX   XXXX  ) posted a flyer from Amex mentioning that since I was  a U.S. Co rporate Card Member I was eligible for a promotion for a personal Premier Rewards Gold Card. According to the promotion I was eligible f or ( quo tation ) : {$200.00} statement credit each of your first  XXXX  years, a {$400.00} value  XXXX  bonus point after you spend {$2000.00} on purchases on the card in your first 3 months On  XXXX   XXXX   XXXX , I therefore followed the link in the flyer and applied for the card. As a matter of fact, as part of the application I was requested to enter the account number of m y Amex Corporate Card ( r eference number of the application :  XXXX  ). On the same day, the application was approved and a card received at the beginning of  XXXX  ( activated on  XXXX   XXXX   XXXX  ).  <P/> Few days after I activated the card ( I think on  XXXX   XXXX   XXXX   ), I  got in contact with Amex customer support representative to confirm the promotion I was entitled to. For this matter, I used the chat available on my account web page. After talking with the first representative, he put me in contact with the supervisor in charge (  XXXX   )  who, after checking the details on my account, confirmed that I was eligible for the promotion ( quotation ) : I checked the bonus details on your card and what was offered was : Solicited non-Card Members who app ly through this offer and are approved for the Premier Rewards Gold Card for American Express c an earn : A {$200.00} statement credit upon approval  XXXX  Membership Reward points after {$2000.00} or more in eligible purchases are made on the Card within 3 months ( 92 days ) of Card Membership A {$200.00} statement credit after first year of Card Membership The first statement credit will be applied withi n 8 weeks of their account opening and the second statement credit will be applied within 8 weeks fo llowing the first.  <P/> As for the record, she gave me the following chat conversation number :  XXXX . To be on the safe side, I even took screenshot of the conversation with the agent ( attached to the following complaint ) who clearly confirmed what I was eligible to.  <P/> On  XXXX   XXXX   XXXX , I called back Amex customer service to inquiry about the promotion not being honored. The customer representative could see record of the chat from early  XXXX , but she had to open a complaint inquiry because she could not reconcile my account with the promotion I was referring to. As a result, I had to wait for 10 business days for the complaint to be resolved.  <P/> On  XXXX   XXXX   XXXX , I called again  Amex c ustomer service to check the status of my complaint. The customer representative stated that the complaint team resolved my inquiry as 'No action required ', meaning that according to them I was not eligible for the benefit anymore. During the last conversation, I spoke with a supervis or (   XXXX   )  and according to her the only action was to re-open the inquiry with the conversation number mentioned above, which would lead to a wait of 10 business days again with the risk on not having a resolution again.  <P/> As a customer in good outst anding credit score and excel lent payment history, I feel unfairly treated not only because the promotion I applied to is not being honored, but also for the inconsistent information being provided and for the time spent on trying to resolve an issue that should have not arisen in the first place.  <P/> Attached to this formal complaint are the flyer of the promotion I applied to and the screenshot I took from the chat with Amex customer rep supervisor.  <P/> Thanks,  XXXX"
"XXXX, XXXX and equifax showing inaccurate inquires now they wont let me check my credit online to fix these issues"
"I leased an XXXX in XXXX for 48 months. I have purchased two vehicles since then. But this old lease information keeps reappearing on my credit report. This is an old paid account. This should not report that I still am in possession of this vehicle since XXXX. Please remove the vehicle fro My report. I have not been responsible for or in possession of this car since XXXX. 
Thank you."
"on XX/XX/XXXX I received a message at my job about something regarding a county petition and to call "" XXXX XXXX ''. I called to realize this was not the county calling me but someone from Oracle Financial Group saying I owed a debt I did not realize I had. This was the first communication about this matter. I have never received any written notice about this debt. I began to write down the who, what, when, and why so I could make sense of what I was being told. I asked "" XXXX XXXX '' for her first name and was immediately placed on hold. After coming back from hold "" XXXX XXXX '' came on to the call and the first thing I was asked was if I was recording the call. I said no, and "" XXXX XXXX '' proceeded to tell me she was attempting to collect a debt and if I did n't set up payments through her department which she said was the litigation department that she would submit a petition through the county I live in and that I would be served at home or my place of business. I calmly and respectfully informed her I am not trying to negate my debt or anything she was saying but that I had to contact the lender ( XXXX XXXX XXXX ) and verify everything she was saying before I agreed to any payments and that I hoped she understood. She hung up on me. I contacted XXXX XXXX XXXX which informed me my debt was half what ORACLE FINANCIAL GROUP stated it was and that my case had been sold to "" XXXX XXXX XXXX '' and to call. I called given the number provided and I was sent through an automated loop which informed my they are a "" XXXX XXXX XXXX '' and that my account was most likley sold to ANOTHER debt management company for collection which they do not do, going through to eventually a call dying. I tried again and same thing. Obviously there isnt a customer service person. I found them online and it said for fastest contact fill out a form for contact 24/7, with a sentence literally following it saying response within 3 business days. I finally found an online form to find my account was indeed forwarded to "" XXXX XXXX ''. who I can call however get hung up on, no answer, no way to contact them other than filling out a form and waiting for a response. All while ORACLE FINANCIAL GROUP is likely filling a petition for this debt which I can not confirm they own because they refuse to provide any documentation unless I pay. I pay or get served."
"CCB Credit Services , Inc. 
XXXX XXXX XXXX XXXX XXXX XXXX XXXX XXXX, IL XXXX Called me at work and identified their self as XXXX XXXX XXXX XXXX and wanted to collect a debt. The debt is for the amount owed after a lease ended on a XXXX XXXX that the dealership said they would pay at the end of the lease and said we owed nothing. Only at that time did they disclose they were CCB Credit Services on behalf of XXXX. They constantly call and harass me at work and will not stop."
"on  XXXX / XXXX /  XXXX  , I was on the phone for hours w ith American Express  ... .all representatives were "" offshore '' as they put it, and when specifically asked they were in  XXXX   in  the  XXXX   . They   refused to transfer the call to the United States or give me a last name of the person asking for personal information from me.     The purpose of the call would have been to use their free transfer service to the bank account from which the card was loaded with {$200.00} as a trial to see how hard it was going to be to use an  American Express c ard places wher e Visa, Master Card,   XXXX , and other general credit cards are accepted. The answer is that   American Express is no longer widely accepted in the United States, and therefore, I wanted to get my cash back to my bank account.
The AMEX website clearly explains a free service to transfer the money to a bank account, how  ever, there is no way on the website to enter a bank account number, and their chosen method of loading money to thei r Serve credi t card is to do it from a  XXXX   XXXX   XXXX   debit card, not the checking account. Copy of page attached.  But AMEX wants 5 business  days to send a sample deposit and then you have to go back and enter the little deposits before you can make a transfer and then another 5 days for the transfer to post.. So in effect it is at least 10 days to move money   back into the bank it came from. Now, if i lived in a city, i could go to one of their ATM.s, but I am 80 miles from the closest one of those. So either I wait 10 days or drive 80 miles.
Had i been able to get to a representative in the USA, I   might have been able to speed things up, but i refuse to give my personal information to someone who is not in the United States"
"a state tax lien was filed against me XXXX/XXXX/XXXX, yet I was never notified of this. Then the tax lien was paid and released on XXXX/XXXX/XXXX. However, I was never notified of this matter and paid it once it showed up on my credit. Yet, it was my belief that I have 3 years to file any tax amendment 's if needed. I have disputed this for several years now with no luck. This is listed on all of my credit reports."
"In XX/XX/XXXX, I received a credit card from Care Credit. Care Credit was then a subsidiary of XXXX XXXX. I was a victim of deceptive credit card enrollment tactics. I was signed up at a veterinary 's office on the representation that the card was interest free.
In XX/XX/XXXX the Consumer Financial Protection Bureau ordered GE Capital Retail Bank and its subsidiary, CareCredit, to refund up to {$34.00} million to potentially more than 1 million consumers who were victims of this deceptive credit card enrollment tactic. The cards actually accrued interest that kicked in if the full balance was not paid at the end of a promotional period. Under this no interest if paid in full plan, consumers make monthly payments while CareCredit assesses 26.99 percent annual interest on a consumers balance throughout a promotional period, which can range from six to 24 months. If any portion of the balance has not been paid when the promotional period ends, the consumer becomes liable for all of the accrued interest.
After CFPB settlement with Care Credit I was sent a notice that I was entitled to a refund. It was printed on a form letter that appeared as an ad which I overlooked and never applied for the refund to which I was entitled.
XXXX XXXX sold Care Credit to Synchrony Bank. After Synchrony Bank acquired Care Credit they sued me for the balance which was mostly the 26.99 % balance on deferred interest. The suit was brought through XXXX XXXX XXXX XXXX XXXX XXXX XXXX, XXXX XXXX XXXX XXXX, CA XXXX and recorded in Superior Court, XXXX County, XXXX, CA.
Without a lawyer I contested the suit. I asked for the following : 1. A credit agreement or any other document showing I had any obligation to pay Synchrony Bank and or Care Credit any sum of money.
2. Admission or denial that my credit card was included in CFPBs list of victims of deceptive credit card enrollment tactics.
3. Admit that the balance claimed as owed consists mostly of non-principal items including interest, credit fees, adjustments, and late fees.
purchases.
4. Admit that I offered to settle the amount owed on a letter dated XX/XX/XXXX which was sent again on XX/XX/XXXX. No reply was ever received despite many telephone calls which were left on the voice mail system.
Instead of responding the law suit was thereafter dismissed by Synchrony Bank. At this time there was no reference to my having any charge off on any credit report.
On XX/XX/XXXXmy automobile needed approximately {$1000.00} in repairs. A representative of XXXX XXXX, XXXX, Oregon advised it could be financed over a year at no interest. I asked my son to call and then advise me what to do. He was also told of the no interest plan and advised me to go ahead. When I went to pick up the car I was told my credit was only approved for {$400.00} and I would have to pay {$600.00}. I had not been told that the credit might be approved for a smaller amount. This was an expense I had not budgeted but I had no choice.
I have received a statement from Synchrony Car Care for a monthly installment of {$25.00} on the {$400.00} balance. Synchrony Car Care is a part of the same organization as Care Credit and Synchrony Bank. I believe the lower credit approval was because I ended up dealing with a Synchrony affiliate.
The statement shows that Synchrony Car has the same old deferred interest program that was employed by Care Credit. Not only am I very troubled by again be tricked into another deferred interest scheme but in addition they have submitted a charge off notice by Care Credit of my contested credit card to appear on my credit reports showing a XXXX point reduction in my credit score.
My wife and I are XXXX and XXXX years old and negotiating to move to a retirement home. This unwarranted notice to our credit score will make it very hard for our credit score to be high enough to do that."
i have a 30yr fixed rate loan with chase home fiance for the longest time i was paying XXXX dollars. then for some reason it became XXXX now i have recevieved my escrow and they have informed me my new payment is XXXX i sighed a 30 year fixed rate why is this happening i can not afford this i am a recent XXXX and on XXXX can someone please help me with this i dont want to lose my home
"I am writing to dispute the following information that your company provided to all XXXX major credit bureaus : XXXX, and XXXX. I have circled the items I dispute on the attached copies of the credit reports I received. 
The item that I am disputing is the second reporting from your company of my XXXX student loans on my credit bureau. According the Fair Credit Reporting Act, you have a responsibility to report accurate information on my credit bureau, currently it appears that I have a total of XXXX loans with your company with the continued reporting of the XXXX accounts that are closed. I was recently made aware of the effects of your company reporting my student loan 4 times, XXXX sets of XXXX accounts, when I was applying for the FAFSA for my daughter and was denied aid. I contacted the U.S. Department of Education in an attempt to rectify the situation when they informed me of how your company is currently reporting my student loans. They advised me to contact your company and request that the additional accounts be removed. 
I did contact your customer service department and when the representative would not acknowledge the error, I requested to speak with a manager. The manager informed me that your company changed computer systems and that all accounts were reporting double on credit bureaus because there was no other way for your company to capture the delinquency and history of the account. While, I am not disputing the accuracy of the reporting of the account, I do not think that because your company could not manage to transfer the history of your customer accounts during the computer system change, your customers, including me, should be impacted by something that was out of our control."
"I did not have the funds in my bank, and the company has been incessantly calling my phone and is sending threatening emails, saying that if I do not pay immediately I will be prosecuted and will owe {$25000.00} from a {$400.00} loan. They are saying that I have to send them a promisory note immediately, or I will be prosecuted."
"In XXXX, 2015 I contacted XXXX ( XXXX ) for assistance with my mortgage. In coordination with this process, I was required to request loan modification from my mortgage provider Bank of America. XXXX requires the exact same documentation as Bank of America. While XXXX received, evaluated and provided me with a denial of my request based on my income, Bank of America has continually asked for additional documentation, although I have provided everything requested within a XXXX hour window, either by fax or document upload to their website. I would get a call from a "" customer relations manager '' requiring XXXX more document. I would immediately provide it ( within XXXX hours ) and then a week would go by and then I would get another e-mail and another call asking for yet another document. Much of the documentation has had to be provided XXXX or XXXX times and still no resolution. Bank of America is now indicating that we wo n't be able to meet a regulatory deadline in order to complete a determination of the loan modification request. As of XXXX XXXX I have had a change in income. I have provided proof of that change, but Bank of America will not accept that documentation until actual receipt of a deposit to my bank account. Actual deposit wo n't occur until outside the XXXX day window Bank of America appears to working under. The fact that a determination has not been made ( up or down ) prior of XXXX XXXX is a tactic to deny me the opportunity to keep my home and have a more manageable mortgage. XXXX made an assessment and provided me with a determination over a XXXX ago. I believe Bank of America to operating in bad faith."
I process credit cards through XXXX 's club merchant services. I notices that my deposits we not matching in my bank account. I called more than 9 times speaking with different people. Merchant services informed me that my tax information did not match. I disagreed with this information. The government does not require you to have a EIN number. You can use your social security number as your EIN number. This is what I did. My business entity is registered under my name and doing business as XXXX They sent me to business checks to verify this information. It was a match and had never change. For thee months they took regular credit card fees and an additional 32 % from my bank deposit with out any notice. No reflection was made on the end of the month statement. So the only way I knew was by calling merchant services. I was told that I would not get my funds back except by income tax. This caused a hardship on my business and I have a copy of the results from the IRSthat my information matched
"Afni Inc is reporting on all XXXX of my credit reports as a paid collection. I paid the outstanding balance of {$460.00} directly on the orginal creditor website which was XXXX XXXX. XXXX is not reporting the debt to the credit bureaus. Since I am current with the orginal creditor and they are not reporting to the credit burreaus ; I do not understand how the collection agency who did not collect the funds from me can report this as a paid collection. 
I have tried to correct this by disputes on my XXXX credit reports. I also filed a better business Bureau compliant. All responses from Afni indicated this will stay on my credit report."
"Dear CFPB, I have now complained about unauthorized hard inquiries through the CFPB and directly with Experian by mail and the entire issue has gone too far and I 'm getting ready to sue both Experian via class action and the companies who made the hard inquiries. As I indicated XXXX times before I only submitted applications this year that guaranteed a soft pull with the exception of a recent inquiry from XXXX XXXX. I have attached and circled in red the inquiries which were "" never '' given any type of permissible purpose and clearly stated soft pull on the applications. According to the FCRA and language written on the front of the Experian report a soft pull is not shared with others. I as the consumer should not be harassed and treated like a ping pong ball with both Experian and the original initiator of the credit inquiry giving evasive answers and leaving me with the damage. They did not have any type of permissible purpose in this universe that allowed them to change a soft pull to a hard inquiry. I have been misled and dislike getting the same answer from Experian who prefers to defend the original inquiry because this means money for the company! I 'm tired of being pulled back and forth from both sides."
"I Called the collections agency at XX/XX/2017 XXXX check the status in my account because was show is my credit report without any information o letter from that company, when I explain I was dispute portion and I request validation of the debt they claim since they do n't have license in Minnesota they cant mail any letter, but they can report it.last month they updated another account in my credit"
"In XXXX 2017 time frame wanted to look into other programs for student loan repayment. Thought I found a reputable agency called United Student Loans Solutions out of XXXX XXXX, FL. They had me fill out an application and contract which I have. Unfortunately, through this process I gave my personal identification information. Also, 2 paystubs from my current employer.
Thus far I have n't had any fraudulent activity, but I 'm hoping to stop something before it happens. At this time they have received {$460.00} from me via my debit card. I have notified my bank, they have cancelled the card, and I 've spoken with Identity Theft. I was advised by my current student loan company XXXX to get in contact with FTC ( done ), CFPB ( doing ) and my States Attorney General her in CT.
What has cautioned me to look into this is the fact they pulled funds from my account 3 days early last month, and I have tried numerous times to get a hold of them and nothing. Now their email is no longer valid, phone number of not in service and website no longer valid. There is one number that is assigned to a XXXX XXXX that rings and you can leave a message.
I would like to provide the contract, but nervous to have my information out ( again ). Please advise.
United Student Loan Solutions information : phone # XXXX Ph : XXXX Fx : XXXX XXXX XXXX XXXX, XXXX XXXX XXXX, FL XXXX  www.unitedsls.org email : XXXX Names : XXXX XXXX XXXX XXXX"
"My credit report is stating that I have four ( 4 ) past due payments of more than 30 days. I made an agreement at my own will with your hardship department to pay {$36.00} a month for 60 months ( 5 years ) to satisfy my obligations to your company. My payment was to be deducted automatically from my chase checking account monthly. Please see the attached statement showing the automatic drafts. I was informed my account would be closed and this was the amount due until the end of the agreed upon term. 
Attached you will find sparatic payments of {$36.00} deducted from my checking account. These payments of {$36.00} from XX/XX/XXXX to XX/XX/XXXX which seemed to fall in line with our agreement until I checked my credit report and contacted your company. You will find that the automatic payments are not deducted on a schedule for the same day each month as agreed. Not only are they inconsistent I am being charged interest on the closed account which will accrue, and simple math will not allow {$36.00} to pay the account with increasing interest and late fees. I had contacted your company once prior regarding the statement I received and called to verify our arrangement and was told you are in good standing and the {$36.00} was all that was required. I have attached the documentation requested along with my email message through your website questioning the same issues. 
In reviewing the dates reported 30 days late XX/XX/XXXX was in good standing reporting a payment of {$72.00} which was never paid in a full payment of {$72.00}. I can only assume that there were 2 payments of {$36.00} taken in XX/XX/XXXX and XX/XX/XXXX which totaled {$72.00} which was then applied to the account to satisfy the payment. All other months are reporting late when accordring to my bank statement attached and your companys automatic drafts they were paid as agreed.

I am requesting a thorough review of my account and reconciliation of this agreement. I am also requesting you justify this with the three credit bureaus as an error on your behalf and the removal of false information as stated by the federal Fair Credit Reporting Agency.

After speaking with 5 people for over 1 and a half hours I was told that this arrangement was not properly explained and that my account was in fact not current. But now it is? what is the truth? Completely misleading and FALSE. The agreement was made and their accounting department never applied my automatic payments that they drafted from my account. After disputing the information they stated that they were reporting accurate information but in fact admitted nobody reviewed the account for accuracy as stated in the letter I received."
"After 17 years with other mortgage with no problem or dispute. note all do have office in NJ if by change any problem need to be resolve. Nationstar Mortgage enter the picture in XX/XX/XXXX, problems starts, unfair escrow practice, no office in NJ to talk in person. By pass XXXX to make calls to me XXXX times a day for months. Problems not resolve, block my payment to house insurance [ the insurance send me a refund check ], start to returns personal checks for principal & interest only. IRS form show two month short of principal & interest. House loan not going down. compound interest, charging late fee, charging property tax, Making mistake in last year escrow [ XXXX ]. Hard to talk over phone, refuse to talk to me, want only talk to my wife just because her name is on it. Credit rate went down, had to pay higher interest rate for a auto loan. Nationstar Mortgage is not a XXXX Accredited. Credit rate for XXXX/XXXX/XXXX/ done by XXXX which also pay the property tax for Nationstar Mortgage , possible house Insurance."
The student loan company is reporting inaccurate information. I 've sent them emails on XXXX different occasions and asked that they correct the reporting. My student loans have been in deferment during the periods they say payments were late. The student loan company provided me with documentation of the my student loans deferment history which shows the loans were deferred the times they reported it to be late. This is becoming redundant. This is an easy fix and I would like them to remove the negative reporting from my bureau
"ARA Inc employees have called me several times, cursed at me, yelled at me, threatened to ruin my credit, threatened to contact my employer, and threatened to sue me over a disputed credit card debt the collection of which is barred by the statute of limitations. ARA Inc employees have been very abusive, and when confronted with the fact that the debt is disputed and not collectible they become even more abusive, and more threatening including calling me several more times. What prompted this complaint was a letter I received yesterday threatening collections action, again."
Theres wrong information on my credit reports from way back almost 2014. Wrong telephone numbers and wrong address included. This info has been targeted in more than 2 ocassions and stills appears.
"Debt for Capital One was cancelled and reported to the IRS as income in XX/XX/XXXX. Capital One still reporting full amount delinquent. If debt has been cancelled and account closed they should not still be reporting full balance amount. I contacted Capital one on XX/XX/XXXX and XX/XX/XXXX to inquire of this reporting and were advised they do n't have to stop reporting if the debt is cancelled but the amount they are reporting is incorrect for a cancelled debt. 

XXXX XXXX is reporting a balance of XXXX on my credit report and the XXXX was paid in full but they are refusing to remove the XXXX because I have another balance in their office of a lesser amount. I contacted XXXX XXXX on XX/XX/XXXX to ask to remove the XXXX from credit report as it is what is reporting and was denied that request."
"I purchased a XXXX XXXX in XX/XX/XXXX ; due to several financial hardships, I was unable to maintain consistent payments on the vehicle. The GM representatives called me constantly throughout the workday and on the XXXX. When I was able to answer the phone, I advised them that I worked for the Government and I was not supposed to answer or make personal phone calls at work. Each time I spoke with a GM rep I told them I had every intention to honor my contract because I needed the car. Each time I was told they understood and that they would work with me. My first payment was due on XX/XX/XXXX. I was unable to make that or the XXXX payment. I was able to pay those payments on XX/XX/XXXX, and the last payment I was able to make on the loan was XX/XX/XXXX in the amount of {$600.00}. Over the XXXX months that I had the car, I made 3 payments overall. I contacted GM financial on XX/XX/XXXX at XXXX am and left a voicemail letting them know that I was about to go into work and that I would be there well after midnight because the XXXX is the last day of our fiscal year and I would contact them when I woke up on XX/XX/XXXX to discuss the delayed payments, the fact that the car had been involved in a flood incident on XX/XX/XXXX, that XXXX issued a claim and that I would provide all of that information when I spoke with them. I thought I was ok. Unfortunately, my car was repossessed sometime after XXXX am ( when I got home from work ) and XXXX am ( when my daughter woke me up in a panic because the car was gone ). I started making phone calls to GM Financial at 8 am on XX/XX/XXXX and was told that the car was in fact repossessed and was provided the name of the recovery company. I told the GM Financial Rep the car was totaled and that I 'm not sure how the car was taken from my driveway because the car could not be driven because the car had been involved in a flood incident, that XXXX had the claim inspector coming on XX/XX/XXXX and provided the claim number. I was told during that phone call that I needed to speak with the GM Insurance Department to resolve the matter and that they would not be opened until XXXX am. I called XXXX to explain the situation. I attempted to speak with the GM Financial XXXX Department 3 times on XXXX - at XXXX am, at XXXX am, & at XXXX - with no answer of each call. On XX/XX/XXXX @ XXXX, I contacted GM Financial and was told that I needed to speak with the Total Loss Department. I was then transferred and was told that GM will contact XXXX to finalize the issue. I immediately contacted XXXX at XXXX to let them know that GM would contact them. I received a letter from GM Financial dated XX/XX/XXXX stating their intent to sell the car. On XX/XX/XXXX, I called GM and was told GM would work with the insurance department because when repossession is involved I have to work with the GM Asset Insurance Department. I called XXXX back to on XXXX to give XXXX the status. On XX/XX/XXXX, I called GM Financial back and after additional transfers it was explained to me that the vehicle had been transferred to the XXXX company in North Carolina. I immediately called the auction company and left several voicemails and sent an email. I then called XXXX again to let them know the status. On XX/XX/XXXX, I received a letter from GM Financial dated XXXX stating that the car was sold for {$7000.00} and that I still owed them {$23000.00}. When I contacted GM Financial to find out why the insurance inspection was never done, I was told that it was up to XXXX to contact GM Financial. I understand why legally GM Financial were within their rights to repossess the car. My complaint is GM financial representatives did nothing to contact XXXX to complete the insurance claim. From XX/XX/XXXX until XX/XX/XXXX, I attempted to work with GM Financial to resolve this as efficiently as possible. Was this situation considered fair business practice and do I owe GM Financial $ XXXX?"
"I scheduled a payment to post by XX/XX/XXXX to my USAA Loan, prior to the due date of XX/XX/XXXX to ensure the loan was paid before it reached 30 days past due. Now I have a letter dated XX/XX/XXXX saying the payment is 30 days past due and it is in default and needs to be paid prior to XX/XX/XXXX to avoid other collection activity. Now obviously the payment has been made and has posted but I do not agree with it being reported 30 days late. I scheduled the payment online to post by the XXXX and it did not. It posted on the XXXX ... the same happened with my auto insurance payment although that payment posting date is not an issue. Please make contact and discuss with my wife as she will be handling this on my behalf."
Hi I am contacting you on behalf of my XXXX so XXXX XXXX XXXX. I keep receiving bills and calls from creditors saying that my sons owes money when I know this isn't true as my son is only XXXXyrs old  and has XXXX. His father was deported for stealing his identity as well as mine and others. Please make these companies remove my sons name from there agencies. My ex husband is taking over my identity as well as my sons I have been reporting him since 2011. My son shouldn't have anything in his name he is a child and he is XXXX.
"Bank of America sold my XXXX mtge, But did not reduce the original amount of the combined mtges, Now I 'm paying the XXXX mtge XXXX. 
Contacted them and they have refuse to correct this error."
I recently went to draw XXXX dollars out of my account and the atm only gave me XXXX dollars but XXXX was still taken off my card along with the XXXX charge for using the atm. I followed all the steps I needed to I sent them a copy of the receipt showing the proof only to get an email back saying they are n't giving me back my XXXX they never gave me but took that they do n't see anything wrong. This is the 2nd time I also had a XXXX taken from me from a hotel I have NEVER even stayed at. I support XXXX people so I ca n't afford to have someone take over XXXX dollars from me in a month. Can you please help me they been giving me the run around for over a month now.
This company keeps on coming after me regarding a XXXX XXXX account which I have never owed XXXX. I did call XXXX XXXX and it was a sewing machine ordered and deliver to an address I never lived at. I am XXXX XXXX XXXX male and do n't even know how to sew. This is not mine I never had an account with either of these companies. I disputed received a letter XXXX/XXXX/2016 stating they are going to remove and then another letter XXXX/XXXX/2016 stating they are collecting. Please help
Equifax XXXX & XXXX have added fraud alerts to my credit report without my requesting it. This is a violation of FCRA regulations. Without my phone number this alert is useless and it was never requested or given ...
"I have called on the below loans for the past 5 years and was told every time all my loans through Navient are consolidated and I could do nothing about lowering the interest rates. In addition, I have 2 direct loans ( one subsidized and one non ) I was told are able to be consolidated. My only option given was to keep the interest as is and get on a graduated payment plan thus paying way move over the past 5 years than I should have due to incorrect information. Navient reps have always been unequipped to efficiently handle my financial need and this has prove to cost my thousands of dollars in interest. Just look at how long I have been paying on the below loans. 



XXXX XXXX XXXX XXXX XXXX UNIVERSITY Loan Status Repayment Estimated Payoff Date XX/XX/XXXX {$4800.00} 8.125 % XX/XX/XXXX XXXX XXXX XXXX XXXX XXXX UNIVERSITY Loan Status Repayment Estimated Payoff Date XX/XX/XXXX {$7000.00} 9.125 % XX/XX/XXXX"
"This complaint is against XXXX XXXX XXXX , XXXX. I was discharged from a five year bankruptcy sometime in late XX/XX/XXXX - XX/XX/XXXX. I began calling PHH Mortgage in XX/XX/XXXX to begin paying my mortgage through electronic transfer. I was told by PHH customer service representatives not to send any money until they sent me an invoice. I was also told by PHH that there would be no accumulation of payments. That when I received my billing statement, my monthly payment would begin at that time. I called PHH Mortgage several times per month and they kept switching me from one caseworker to another. Finally on XX/XX/XXXX, I spoke with a PHH service rep named XXXX. I explained to her that I had been trying to pay my mortgage to them for months and in addition to her, I was told if I send in a payment, that the payment would be returned. Her only advice was to call my caseworker and I told her that I had been calling this and that caseworker but they will not return my call. I explained to her that after six months of trying to pay my mortgage, that I was getting frustrated because I could not get any straight answers from anyone concerning paying my mortgage. I explained to her that I was recently discharged from a five year bankruptcy and that I was also told that these passing months would not be accumulative and that my payments would begin the month that I receive an invoice for a one month payment and moving forward from that point. I continued to call PHH Mortgage and finally on XX/XX/XXXX, I spoke with a PHH representative named XXXX who told me that I had not been paying my mortgage and I was being referred to collections. I explained my situation to XXXX and my conversations with other PHH representatives over a 7 month period and finally I told her that I was going to report their behavior to the Attorney General and Consumer Protection. Later that same day, I received a call from a lady named XXXX and I explained everything all over again to her. She told me to send my complaint and court order as a "" Notice of Error '' to PHH Mortgage XXXX. XXXX XXXX XXXX, Maryland XXXX. She also told me that I should call HUD for counseling. I again explained to her how beyond frustrated I was after going back and forth with PHH Mortgage for seven months. Sometime around XX/XX/XXXX, I received four collection - threat letters all on the same day stating that I owed a lot of money in back payments and that I should contact my new and third or fourth PHH caseworker XXXX XXXX. I finally got a chance to speak with XXXX on XX/XX/XXXX after several calls and leaving messages. XXXX told me that if I could pay {$3600.00} by XX/XX/XXXX, I would be caught up and could resume my monthly payments. I explained to XXXX that a PHH Supervisor told me that when I received my bill it would be for one month and move forward from then. That there would not be an accumulation of back months. She explained to me that she did n't know anything about that and I asked her to read the narrations by the other reps I had been speaking to for eight months. Nonetheless, I agreed to pay the {$3600.00} but told her that I got paid on XX/XX/XXXX and could pay the amount then. She agreed and told me that there would be a {$17.00} processing fee so the total that I would have to pay was {$3700.00}. On XX/XX/XXXX, I called XXXX several times to make the payment and she never returned my calls. I ended up speaking to four PHH reps that day named XXXX, XXXX, XXXX and XXXX. XXXX told me that PHH would not accept my payment of {$3700.00} and that I needed to pay {$4400.00}. I explained again the agreement with XXXX but it did n't matter. I told them that I was going to get an attorney because this behavior is not fair and I believe unethical. I asked them were they trying to push me back into bankruptcy after I had worked hard for five years to get out. I was told basically to pay this money or I could lose my house. They would n't even agree to give me extra time to get the rest of the money. On XX/XX/XXXX, I spoke with a person named XXXX in the PHH Loss and Mitigation Department, which is what he told me. He was not nice and when I asked him what I owed, he told me to contact the law firm representing PHH Mortgage ( XXXX XXXX XXXX XXXX XXXX out of XXXX, Pennsylvania. The PHH lawyers had sent me a threat - foreclosure letter on XX/XX/XXXX or XX/XX/XXXX. On XX/XX/XXXX, I  contacted my newest caseworker named XXXX XXXX. I called XXXX XXXX many times and always receive the same voice-message that she is in training and to leave a message. The only problem is that you can not leave a message because the voice recorder says that her message box is full and will not take a message. On XX/XX/XXXX, I contacted the Neighborhood Housing Program, Action Housing, Consumer Financial Protection Bureau, Neighborhood Legal Services for support and advice. On XX/XX/XXXX, I met with a lawyer to discuss the legalities of my situation."
"This debt is a result of identity theft. I need it removed from my XXXX report immediately. It has been eight years since this debt and it has to be removed. The company is Unifund CCR LLC. They have put a lein on my property located at XXXX XXXX XXXX XXXX. I need it removed because I am selling the house. I will settle with them at a low price, too."
I have had an account with bank of america since XXXX they have closed all of the local branches in my area and the closest bank is half hour away from me which has been difficult as a customer but I just dealt with the inconvenience. I worked very hard to pay off my credit card with Bank of america with a {$5000.00} credit limit. XXXX day I go into my online banking to check my accounts and my credit card was not showing. I called the bank and they said they had closed my account no notice just closed. I had never been late and never had an issue with this card had the card since XXXX they had just sent me checks in the mail where I was going to use XXXX at XXXX for 0 % interset until XXXX. I am so glad i did not having no idea they closed my account I would of been mortified. It has sbeen nothing but difficult to keep a relationship with bank of america they do not care about there customers or having a long relationship with them. After years of having a perfect relationship with them they close my account with a zero balance because they say my utilzation is high on my cards. I am done with them closing branches everywhere and not having relationships with there customers there is so many other banks that do n't treat good customers like this
"For the second time in a year Bank of American has notified me that they are canceling my current XXXX debit card tied to my checking account with them and will issue a new card due to "" possible compromise '' of the account number with an "" undisclosed merchant ''. After the first incident, I contacted the bank wishing to know the identity of the "" undisclosed merchant '' so I could modify my purchase behavior as deemed necessary and was refused the information, Bank of American saying they did not have it and was advised by XXXX. There is no one to contact at "" XXXX '', of course. I find this both unacceptable and improbable. Why is this information denied the consumer when major security breaches are reported on the evening news?"
"Equifax mishandled my personal information including Name, Social Security #, Address, Birthdate, etc. resulting in a data breach in XX/XX/XXXX/XX/XX/XXXX2017 that they confirmed I was affected by per their "" Potential Impact '' site www.equifaxsecurity2017.com.
They have put myself and millions of others at risk of identity theft/fraud due to negligent security protocols in handling consumer information. They are further attempting to capitalize on the situation by signing injured parties THEY are responsible for up for "" trial periods '' of their ID protection services.
They are simultaneously defrauding these injured parties with hidden terms of service that waive their right to sue the company in what is clearly a situation of criminal negligence/fraudulent behavior as indicated by the three Equifax executives that dumped stock immediately prior to the data breach announcement."
"XXXX has been non-compliant with removing the unverified account XXXX/CARE CREDIT XXXX which has been deleted by XXXX XXXX XXXX. XXXX and XXXX have both completed their research and determined that XXXX/CARE CREDIT was not established by myself but XXXX keeps verifying this accounts. Also, when I called the company they responded that XXXX did not send them all of the verifying evidence to confirm each account is unverified."
"I just received a call today, XXXX, from someone claiming to be from XXXX, when spefically asked if with government XXXX, the gentleman said yes. The agent proceeded to tell me as part of XXXX his job was to let people know they are entitled to savings due to the type of loan that I had.I was told I did n't need to agree to anything at the moment and just to hear the cost savings. The agent proceeded to connect me to a 'Specialist ' while he remained on the line. I heard a recording say Loan Depot before the 'specialist ' got on the line and asked the agent who was Loan Depot as he said XXXX XXXX The line was abruptly disconnected at this point. Please make consumers aware loan companies are claiming to be federal agencies."
"Bank of America had incorrectly reported to all XXXX credit bureaus that I had missed payments in my credit history. I contacted Bank of America to dispute this information and they advised me that I had to dispute this information with each individual credit burea, which I did. 
XXXX XXXX and XXXX both deleted the missed payment information, after their investigations but XXXX, after their investigation, advised me that the missed payment information will remain. Bank of America is still reporting to XXXX that I have missed payments. I have been late in the past, several times but I have NEVER missed an entire payment. Bank of America should correct the information they are providing to XXXX. 
I have filed several XXXX complaints against Bank of America and they have not resolved any of the complaints. Consumers should be aware that Bank of America is a dishonest company and they need to correct their mistakes but they will not."
"When attempting to dispute Items on my credit report, Equifax asks questions in addition to Items like social security number and address. 

There are a series of multiple-choice questions to be answered. When I answer the questions correctly, Equifax states that I have provided the wrong information, making it impossible to file the dispute."
XX/XX/XXXX my letter was sent certified to XXXX XXXX to verify and validate three debts reporting on my credit report. I sent the letter to the address that is shown on my credit report XXXX XXXX XXXX XXXX XXXX XXXX XXXX Tennessee. The letter was returned back to me which leads me to believe the address reporting for the company is incorrect. It is not acceptable to have a company reporting multiple insulting debts and I do not have the ability to make sure the debt is validated.
"I am writing in an effort to get my mortgage servicer, and by extention, my PMI provider, to automatically cancel my monthly mortgage insurance premiums. I have been in touch with AFR-American Financial Resources on many occasions over the past several months. Initially to request that my PMI be cancelled once my LTV reached 80 % and then, because they were making my life so difficult, I decided to wait until it would be automatically terminated. Or so I thought. My understanding is that, as long as my account is current, and my payment history has been clean, and my Loan to Value ( LTV ) breaches 78 %, the PMI is required to be terminated immediately. I called at the point that it reached 78 % and was told many reasons why it was not applicable. One representative told me that I had not reached the chronological midpoint of my amortization schedule, and that until that happened I would not have the PMI automatically cancelled. Another told me that they received some indication that the value of my home had decreased in value from the point I had taken the mortgage, and for that reason I would not be able to cancel or terminate the PMI. My understanding of the Federal Law is that once I breach 78 % LTV ( it is now 75 % ) they are obligated to terminate immediately. I do not believe either of those reasons are relevant in this case. Those are items that come into play if I am requesting that my PMI be cancelled ( at LTV 80 % ) My fear is that this is not an isolated incident, and that many other folks are having the same experience, perhaps less able to pay this unfair and added charge, Even if it turns out to be 1, 2, or 3 additional payments past the 78 % LTV mark, if you consider the number of potentially affected mortgages, we could be talking about tens of millions of dollars in unwarranted payments. Thus the size of this potential windfall might be a motivating factor in delaying the required termination process, which of course sets up the possibility of a class action offense. There is much more detail that I could provide, and several unkept promises from the service desk during this unending process, but the information mentioned above are the key facts."
Creditor is XXXX. it is listed as a collections account on my XXXX report. The subaccount name is the Midland fund. This debt is not mine. It belongs to my father XXXX XXXX XXXX who lives at the same address. Please remove it from my credit report.
"I mailed several dispute letters pertaining to unauthorized inquiries on my credit report to Equifax by certified mail. The dispute dates and dispute complete dates are as follows : Disputed XXXX/XXXX/17, dispute completed XXXX/XXXX/17 Disputed XXXX/XXXX/17, dispute completed XXXX/XXXX/17 Disputed XXXX/XXXX/17, dispute completed XXXX/XXXX/17 The request that I submitted included XXXX hard inquiries that were not factual and I received the same response for all inquiries each time disputed which was 'inquiries are factual record of file access. I you believe this was unauthorized, please contact the creditor. ' According to the FCRA Rules, FCRA 623 ( b ) ( 2 ) and 611 ( a ) ( 1 ), it states that any information can be disputed and MUST be investigated and if you do not investigate AND respond, the CRA must delete the disputed information from it 's files. The fact that I received a response in 8, 1, and 4 days respectively, after the receipt of my certified letter, one can assume that there was no investigation conducted pertaining to the matter. I am planning on purchasing a home this year, and with fraudulent information on my credit report such as these inquiries shows financial desperation. I 'm submitting this complaint due to the lack of investigation into my original dispute for inquiries that were not authorized, nor did I sign for."
Immediate Recovery refused to give me correct information on how to get help with defaulted loan status. Instead they made.threats and eventually called the police to the home.
"I graduated from XXXX XXXX XXXX XXXX in XXXX, MA. My issue with Navient continues. Today I discovered that Navient XXXX charged me on my monthly payment leaving me -900.00 in my bank account and costing me {$50.00} in overdraft and cancelation fees. When I called to inquire about this I spoke with a very rude representative who offered nothing but blame and accused me of erroneously paying XXXX. 

What in fact happened was the automatic payment plan I am in was charging my account on the scheduled date every month. When XXXX XXXX 2015 came, no payment was taken out. When I noticed no payment had been applied to my account I went online to make a payment manually on XXXX XXXX. I did this and thought everything was taken care of. I checked back in a few days to discover that still, no payment had been applied to my account. I called Navient to get to the solve the issue and I was told that the account information I used when I paid manually was from an old account, which explains why my manual payment did n't go through. I was assured I could pay over the phone with the correct account information and it would be instantaneously applied to my account. I gave her my debit card information and the woman I was speaking with charged my account right away. However what the woman at Navient failed to mention to me was that they were still going to charge me using the automatic, reoccurring payment system. Today I woke up to find my bank account severely overdrawn. 

I called Navient and they refused to do anything for me other than recommend that I call my bank and put a stop payment. This cost me 30.00 on top of the 25.00 over draft fee. Navient seems to continuously keep unorganized records and has a severely scattered work flow and lack of communication with their customers. None of the departments talk to each other and they make it very difficult for me and my cosigners to set up an affordable payment system. This company needs regulations as I constantly question their operation. I ca n't have trust issues with a company whom I give over half my income to. Had I known that my reoccurring payment would go through automatically when the account information was updated, I would not have taken her up on the offer of charging me instantaneously on the phone. I feel as though I was tricked into giving them more money than I had to. I have attached a few screen shots of what my transaction history looks like in my account. Only XXXX payment was applied on XXXX XXXX, not XXXX like they are claiming."
On XX/XX/XXXX i sent a certified letter to NCC Business Services requested that they validate an account that they put on my credit to the credit bureaus. The letter was delivered and NCC have yet to respond. Per the fair credit ACT they have 30 days to respond or remove the account if they can't validate. This is very damaging to my reputation as a business woman and has hurt me financially.
"a ) Block. Except as otherwise provided in this section, a consumer reporting agency shall block the reporting of any information in the file of a consumer that the consumer identifies as information that resulted from an alleged identity theft, not later than 4 business days after the date of receipt by such agency of ( 1 ) appropriate proof of the identity of the consumer ; ( 2 ) a copy of an identity theft report ; ( 3 ) the identification of such information by the consumer ; and ( 4 ) a statement by the consumer that the information is not information relating to any transaction by the consumer. ( b ) Notification. A consumer reporting agency shall promptly notify the furnisher of information identified by the consumer under subsection ( a ) of this section ( 1 ) that the information may be a result of identity theft ; ( 2 ) that an identity theft report has been filed ; ( 3 ) that a block has been requested under this section ; and ( 4 ) of the effective dates of the block. ( c ) Authority to decline or rescind. ( 1 ) In general. A consumer reporting agency may decline to block, or may rescind any block, of information relating to a consumer under this section, if the consumer reporting agency reasonably determines that ( A ) the information was blocked in error or a block was requested by the consumer in error ; ( B ) the information was blocked, or a block was requested by the consumer, on the basis of a material misrepresentation of fact by the  consumer relevant to the request to block ; or ( C ) the consumer obtained possession of goods, services, or money as a result of the blocked transaction or transactions. ( 2 ) Notification to consumer. If a block of information is declined or rescinded under this subsection, the affected consumer shall be notified promptly, in the same manner as consumers are notified of the reinsertion of information under section 1681i ( a ) ( 5 ) ( B ) of this title. ( 3 ) Significance of block. For purposes of this subsection, if a consumer reporting agency rescinds a block, the presence of information in the file of a consumer prior to the blocking of such information is not evidence of whether the consumer knew or should have known that the consumer obtained possession of any goods, services, or money as a result of the block. ( d ) Exception for resellers. ( 1 ) No reseller file. This section shall not apply to a consumer reporting agency, if the consumer reporting agency ( A ) is a reseller ; ( B ) is not, at the time of the request of the consumer under subsection ( a ) of this section, otherwise furnishing or reselling a consumer report concerning the information identified by the consumer ; and ( C ) informs the consumer, by any means, that the consumer may report the identity theft to the Bureau to obtain consumer information regarding identity theft. ( 2 ) Reseller with file. The sole obligation of the consumer reporting agency under this section, with regard to any request of a consumer under this section, shall be to block the consumer report maintained by the consumer reporting agency from any subsequent use, if ( A ) the consumer, in accordance with the provisions of subsection ( a ) of this section, identifies, to a consumer reporting agency, information in the file of the consumer that resulted from identity theft ; and ( B ) the consumer reporting agency is a reseller of the identified information. ( 3 ) Notice. In carrying out its obligation under paragraph ( 2 ), the reseller shall promptly provide a notice to the consumer of the decision to block the file. Such notice shall contain the name, address, and telephone number of each consumer reporting agency from which the consumer information was obtained for resale. ( e ) Exception for verification companies. The provisions of this section do not apply to a check services company, acting as such, which issues authorizations for the purpose of approving or processing negotiable instruments, electronic fund transfers, or similar methods of payments, except that, beginning 4 business days after receipt of information described in paragraphs ( 1 ) through ( 3 ) of subsection ( a ) of this section, a check services company shall not report to a national consumer reporting agency described in section 1681a ( p ) of this title, any information identified in the subject identity theft report as resulting from identity theft. ( f ) Access to blocked information by law enforcement agencies. No provision of this section shall be construed as requiring a consumer reporting agency to prevent a Federal, State, or local law enforcement agency from accessing blocked information in a consumer file to which the agency could otherwise obtain access under this subchapter"
"We live in XXXX TX and were one of many families whose house flooded due to Hurricane XXXX. We have flood insurance and met with our adjuster XX/XX/XXXX. During the time were were waiting to see our adjuster we ripped up our floors, drywall and cabinets and started the drying process at the request of the adjuster. We have located a contractor and submitted all documents necessary to the mortgage company Penny Mac. We were issued a XXXX immediate release of contents money and XXXX of Dwelling. It was an enormous struggle to get the "" Immediate Release '' of funds returned to us. Our Adjuster wrote a letter to the Penny Mac Loss Drafts department ordering them to release the money so we could continue to move on plus reimburse ourselves for the expenses already incurred. On XX/XX/XXXX the XXXX dollar check finally arrived. We contacted the adjuster and explained how long Penny Mac held our check. and asked if she would release another XXXX so we could proceed. She agreed and XXXX cut another check. On XX/XX/XXXX we 2 day Priority Mailed the check to Penny Mac. They have been holding the check ever since. I have called so many times I have lost count. I am given a different excuse as to why I can not collect the funds every time I call. Please check the websites XXXX XXXX XXXX and XXXX XXXX. We are unable to live in our home and are currently using our auto insurance proceeds to help pay contractors."
"Consumer filled out the opt-out form for overdraft protection with Wells Fargo Bank of all debit card transactions ; however, Wells Fargo has cleared a debit payment that should have been declined. I am in the process of moving, every thing is hectic, and I forgot to change the due date for this auto pay. Under normal circumstances, this transaction would have been declined and not cleared. This has caused an overdraft fee and overdraft of my account which would have a balance if this illegal transaction had not gone through. Wells Fargo refuses to reverse the transaction, stating that Wells Fargo has the option of paying the transaction even though I have filled out an opt-out form. What is the use of this form when Wells Fargo will not honor it."
"I have a checking account through TD bank. Recently my account was overdrawn due to several transactions from a previous week hitting my account. I asked several employees if the "" available balance '' was what I could use without overdrawing my account. I was told yes by all employees I asked, obviously this was false, considering I got charged {$170.00} in overdraft fees. I spoke to someone on the XXXX of XXXX, they credited my account with half of the fees, told me my new balance, and everything was all good. Now on the XXXX of XXXX they charged me another {$70.00} in overdraft fees for two transactions that went through, now there was enough in my account to cover these transactions. So now, my account is overdrawn again, with five pending transactions that will also incur fees, although I had enough to cover these purchases. I also have it set up so my account should not be getting overdrawn, the transactions should be declined. So if there was not enough to cover the charges from the first two transactions ( there was ), the other five should never have been approved. I was told the available balance on the mobile app was up to date and what is available to you without overdrawing. Which has proven to be completely false and misleading."
"This is a counter response to WF 's response to my original claim filed in XXXX WF is distorting the facts about my loan modification process and not owning the responsibility that because of how they handled the loan modification, this has put me in arrears of $ XXXX that they are now demanding I pay in full or I'll be facing foreclosure. They are refusing to work with me since I filed my initial compliant and as retaliation for filing my complaint. WF need to assume their role and responsibility in putting me in the position I'm in and resubmit my applicable for HUD partial claim that had been previously offered to me."
The state of California file a hold order on my account there was only XXXX in there and bank charged me a {$120.00} fee which is crazy that there charging without full disclosure when I opened the account.
account was initiating an automatic payment and they did not process the payment on time then i pay over the phone to put the account on time.
"XXXX XXXX - XXXX to cancel was received and signed for. 

XXXX XXXX - I got called by Wells Fargo about making payments, I told them about the XXXX XXXX interaction. 

XXXX XXXX - I got confirmation again that it was received and the loan was to be cancelled. 

XXXX XXXX - There was no movement, I contacted their call center which claimed they 'd get back to be me on Friday by end of business. I told them I 'd need to file a complaint if it was n't resolved this week since they were insisting I send them payments. 

XXXX XXXX - They did not get back to me. Called again, said someone would call me Monday. I told them I 'd need to file a complaint if it was n't resolved this week since they were insisting I send them payments. 

XXXX XXXX - No one called. Called back, told to call on Tuesday. I told them I 'd need to file a complaint if it was n't resolved on Tuesday since they were insisting I send them payments and it was ~40 days now. The Right to Cancel is 20. 

XXXX XXXX - Called back, told to call back the following Tuesday. I told them I 'd need to file a complaint if it was n't resolved today since they were insisting I send them payments."
"My payment date is due on the XXXX. They are are charging a {$38.00} late fee to my balance if not paid on or before the XXXX. The XXXX is not my due date. I have moved to another state almost XXXX year ago and have had financial slow downs while getting re- established. I did not realize the were charging this outrageous late fee after the XXXX. In my industry ( XXXX XXXX ) the deadlines dates are XXXX that night as this is within the XXXX hour day. My account is has a {$150.00} balance with a {$500.00} limit. No warnings on my paper statement disclose payments should be received on the XXXX. I happened to see it on line when I made my payment this evening. I have been running late due to difficulty but when I pay on the due date, I should not be charged a late fee no matter what time of day it is. The bank can draft out funds from our accounts in real time so our payments should be able to count in real time within the XXXX hour due date time frame. This is robbery and should not be allowed even if posted in all caps and Bold on the statements. It 's even worse as it 's not clarified on the paper statements at all. This means that those who do not have internet access have no way of knowing before they see the charge that this is happening or why if they are paying on their due date. The 26.99 % APR rate and the {$38.00} late fee is thievery and the sneaky way they are getting it is criminal!"
clear violation on my report balance are inaccurate inquires are not mine some are ftc violations clearly states 7 different name which is violations of the fcra i only have one name on my driver licence
"Equifax mishandled my information which has led to a breach that puts myself and millions of others at potential risk. I am extremely disappointed with how Equifax has handled reporting this breach. Very little was done to notify the public for nearly a month after the breach was detected. I received no email, letter, or phone call and instead had to discover it via social media. It is their sole responsibility to properly secure this data."
"My wife and I have had a business checking and credit card account since XXXX. After my wife passed on XX/XX/XXXX, I immediately paid off the card, including charges pending. When I told the joker in Texas of my wifes passing, he set me up with a reference number for submittal of death certificate, mentioning ONLY fraud protection. Instead, B of A cancelled my credit card. They could not have handled this any worse. Ill have nothing more to do with the Bank of America vultures. 
As an aside, XXXX Bank has confirmed that the card we have there is still working, and they issued another card since they were so aghast at B of As actions"
"MY PROBLEM IS THAT SANTANDER CONSUMER IS RECEIVING PAYMENTS FROM ME BY CHECK AND ACCESSING THE FUNDS AS "" XXXX XXXX XXXX '' AS AN ELECTRONIC CHECK WITH NO INFORMATION OF PHONE OR ADDRESS i SPOKE TO OFFICALS THER E AND THEY DID NO GIVE ME A SOLID SOLUTION OR REASON FOR THIS AS THEY ARE LOOKING INTO IT. 

( YOU MAY PUBLISH THIS COMPLAINT AND THE RESULTS )"
The credit reporting agency is still showing a balance of {$140.00}. I have no balance with XXXX XXXX. I owe a XXXX balance with this creditor I have a receipt to prove I own no balance.
"I purchased a {$1100.00} washing machine in XXXX 2015 on my Sears Mastercard with no interest, deferred billing for 12 months. In XXXX, 2015 I did a balance transfer to the same XXXX for {$4300.00} using their Convenience Check sent in the mail. In XXXX 2015, I purchased for my mother a {$1500.00} refrigerator using the same XXXX. Of the XXXX options at the time of purchasing the refrigerator, I opted for a 5 % discount on the price by using my credit card. The other XXXX options were deferred billing or free delivery. I had created a budget to pay off these charges within the time frame and have been making steady payments. Knowing that I was going to pay off the refrigerator in full when the statement came, I noticed that on my other charges Sears has been allocating like 98 % of my monthly payments to the large balance transfer ( which cost me an upfront fee of {$140.00}, and it IS NOT accruing interest like the washing machine is ). Upset by this and more importantly, I was worried that the refrigerator ( as a current charge ) would not be paid in full, even though I was paying it in full, I called Sears. I found out today exactly what I had feared. I had paid {$1800.00} this month of which Sears DID NOT allocate the full {$1500.00} to my refrigerator and now I have an interest charge on it! They paid around $ 1100+ and the rest of my payment went to the balance transfer, not even the washing machine which has {$170.00} of deferred interest. The Manager in North Carolina would not help me. I was given a bunch of rhetoric. I was told that if I had managed my account better this would not be the situation. They love to say "" there is a hierarchy payment structure. '' I was told her hands were tied. So, I told her that I was filling out this complaint as we spoke. She said, "" You got to do what you have to do. '' I told her I am and that you guys would be my muscle. She called me back in about XXXX minutes and left a message that they would pay the refrigerator in full. But, a bigger problem still persists. What started out as a 12-months, same as cash offer to pay off the washing machine has now been squeezed into a 5-month same as cash to pay the remaining balance of {$1100.00}. It 's been 7 months since I have been making payments and that balance has gone down by only {$15.00}! This is criminal. I now have 5 months to pay off {$1100.00}. I am so upset and feel so abused by the banking system. Please help me. I do n't know how I 'm going to get that {$1100.00} paid in full by XXXX to prevent the {$170.00} in interest. I still have a balance due on the balance transfer. No matter what I pay, they refuse to allocate any money toward the washing machine. My reality is that I have to pay around {$3200.00} by XXXX to avoid paying {$170.00} in interest. You have done a tremendous job in credit-card reform with how statements read concerning revolving debt and payments. This is the next major assault that you have to blow the lid off. I am desperate."
"I signed up for a promotional sales with Synchrony Financial through home design store with a credit limit of {$3000.00}. I went ahead and bought some furniture in the store in the amount of XXXX, I was asked if am going to do the two years promotional purchases they have i said yes, so they charged me additional {$300.00} which brought my total expense to XXXX with no interest if paid within two years. All of a sudden am being charged interest fee and additional late fee whereas I was informed neither of this will take place if the debt is paid within two years and if not I will be charged accrued interest from the time of purchase."
"I have an unverified account from originally XXXX XXXX XXXX # XXXX. I had previously disputed this account with XXXX XXXX XXXX they NEVER provided ANY form of Verification or Documentation and this account was deleted from my Credit report as a result.Somehow it was sold to AFNI # XXXX, ALTHOUGH IT WAS NEVER VERIFIED!!! I have never done business with AFNI Pursuant to the Fair Debt Collection Practices Act ( FDCPA ) 15 U.S.C.1692g, I  dispute the validity of the debt purport I owe. I request that AFNI # XXXX. Provide verification of the following : 1. ) The original Application or contract ; 2. ) Any and all statements allegedly related to this debt ; 3. ) Any and all signed receipts ; 4. ) Any and all canceled checks ; 5. ) Original date of default and collection activity begin 6. ). Whether you purchased the debt, and if so, the amount paid for the debt 7. ) The date ( s ) the debt allegedly accrued ; 8. ) An itemization of the costs, including an accounting, for any additional interest, charges, or other fees placed on this account. I want to request that AFNI Cease and Desist all further communications and collection actives and provide the verification of the purported debt. This debt has been bought and sold at lease 3 to 4 times already and I plan on suing AFNI if they sell this unverified debt to another collections agency!!!!"
"On XXXX/XXXX/2016 at approximately XXXX ; I went to the remote kiosk Bank of America ATM XXXX XXXX ) in XXXX XXXX to deposit cash, as I frequently do at this ATM. I entered my card and pin #, deposited my {$250.00} cash ... then the screen went back to the home screen as if nothing had been done.The machine did not return my card nor provide me with a receipt. I immediately called the ATM hotline number XXXX XXXX ) listed on the bottom of kiosk to report the problem. The representative ( XXXX TX ) I spoke with acknowledged that there was problem and cited an error message. He then attempted to "" refresh '' the machine remotely, with no success. He said he was dispatching a technician immediately, but it could take up to 4 hours. He did state he would note the issues and our conversation on my account.He said this type of this type of thing "" happens all the time '' and not to worry. He did close the card lost in the ATM and ordered a new XXXX.However I was not comfortable with his cavalier attitude toward the problem at the ATM ; after all he was n't the XXXX loosing the {$250.00}, so I called back. I was placed on hold for 45min when I was finally connected with another customer service rep ( XXXX AK ) in the fraud department. She said there were no notes placed on my account of any issues nor was there a record of my deposit.It did not seam as if she understood the nature of my phone call ; I know this because she continually asked me for the card number of the card that was stuck in the ATM and kept making refence to a {$250.00} deposit I made on XXXX/XXXX/2016. However she did say she would take my statement and apply a credit while it was being researched. Again my confidence was low with her ability to notate the problem correctly, and rectify the situation. I was correct ... .I called the following morning and according to the customer service rep XXXX XXXX XXXX ) there was not claim started. Again I went through the entire scenario and I believe it was corrected at that point. Now three weeks later Bank of America is debiting my account {$250.00}, stating there was no problem with the ATM. Which is untrue ; my original contact at BoA ( XXXX ) said he could see the ATM was malfunctioning due to the error message signal he got after keying in XXXX, which corresponded to the ATM I used. 
The customer service at Bank of America has caused me many problems and money, and this is just the latest issue! 
XXXX XXXX XXXX"
"I have medical insurance and should not owe a medical bill, requesting proper validation again"
"I had ( XXXX ) XXXX Capital One Credit Cards. XXXX was for business, and the other personal. I had always tried to be timely on payments. I worked late a lot, and at the time their web page stated that payments could be made until XXXX. There were times there I would get home late from work and not submit my payment until close to XXXX. They would then charge me a late fee. I complained several times. They told me payments made after XXXX were late, but still accepted until XXXX. The web page did not say that at all. Then the real problem began. I would get on to make payments and I would get several errors like "" you request did n't go through '' or "" the site is down. '' This would happen frequently. This would then cause the payment to be late. I did not know what to do. I have tried several times to remedy this with them but they continue to claim that I never contacted them. I will attach several letters. Upon request, I have several letters from the Attorney General of Indiana also. I feel that they purposely mislead people on the payment acceptance. This caused me to go into default and now stuck in collections. I went into default because they would charge late fees, cause the limit to go up and then charge over limit fees. There must be a remedy to this before I am forced to obtain a lawyer. This has resulted in MASSIVE interest rates when trying to obtain credit from reputable sources, including countless hours spent researching and fighting this matter."
My kohls charge card was apparently 60 days late it was reported to all 3 credit reporting agency 's as delinquient which in turn caused my credi score to go down significafantly. I contacted kohls department store and made payment arrangements to bring the account current. I explained that kohls would ask for a payment for 2 months in advance. I usually just pay all my credit cards once every month. I explained to the rep that I do not like to make 2 months payment in advance as this is causing me confusion being I am under the impression I am paid for the next 2 months. However I was told on sunday XXXX/XXXX/2017 that I was given wrong information. I made 3 payment arrangements to bring the account current. I was concerned about my credit reports showing this account as delinquent. The rep put me on hold and spoke to a supervisor and was told to dispute the delinquent charges being I made the arrangements and kohls will respond to remove the delinquient remarks and put my account as showing as paid as agreed. I disputed this account online just now with XXXX but was not able to dispute it online with XXXX and XXXX as they say there system is down. I am submitting this complaint because I was given wrong information which in turn caused me to have my account go late when I was under the impression I was current. I am writing in hopes kohls will hold to there word and remove the negative comments from all 3 credit reporting agency 's because it caused my score to drop by XXXX points.
"They are Imposing on me a force-placed insurance on me when Ocwen knew or should have known that they already had adequate home-insurance coverage ... .I send them two faxes tell them this and no response back to me, I asked state farm my house insurance to fax over the declaration statement and other statements to them on the 2nd notice.they didnt respond to me either on that. and on the first notice i told them by fax that state farm had my insurance i will call them on monday for the 3rd time i dont know if this will be sucessfull or not. so i wish to submit my complaint in fear of possible foreclosure or extra fees that i dont have to pay. please email me at XXXXXXXXXXXX."
"Enhanced Recovery placed an account from XXXX on my credit report on XX/XX/XXXX. I called this company and spoke with an agent to find out what this item is, and I was informed it was an XXXX account from XX/XX/XXXX. I told the guy I do not have an account with XXXX. I called XXXX on XX/XX/XXXX and I was told I do not have an account and do not owe XXXX any money. I want this account removed from my credit report immedialety because it does not belong to me"
"I currently have XXXX {$300.00} payday loans from XXXX different storefronts in my neighborhood : PLS, XXXX XXXX, XXXX XXXX XXXX and XXXX XXXX. I also borrowed an installment loan in the amount of {$2600.00} from XXXX XXXX in XX/XX/XXXX. I am drowning in debt and I ca n't handle it anymore. I need some relief. This is very stressful and expensive. 

I first started using payday loans about 6 or 7 years ago. My current situation of using multiple payday loans every two weeks started XX/XX/XXXX. My roommate moved out and I had to figure out how to cover all of my housing expenses on my own. At this point, I 've been churning XXXX payday loans every two weeks for over two years, and I 've paid an estimated {$10000.00} in fees, at least. To make matters worse, I 've been paying {$140.00} every two weeks on a XXXX XXXX installment loan, and I 've already paid {$2200.00} between XX/XX/XXXX and XX/XX/XXXX. But my total balance as of XXXX XXXX is still {$2600.00}! How is this even possible? 

On top of my outstanding payday and installment loans, I have a car note from my credit union that I pay {$320.00} a month on, plus {$180.00} in insurance. Plus, my rent is {$1100.00} every month. After taxes, I only bring home about {$1800.00} a month. So this is really hurting me and I 've reached my breaking point. I 'm really struggling to figure out a way to get out of all this expensive, cyclical debt. I do n't want to default on the loans, but at this point I 'm not seeing another alternative. I recently received XXXX utility disconnection notices from my gas, water and light companies. To make matters worse, I 'm also facing being laid off from work in the next few months. 

I need help. I do not have the ability to repay all these loans. I recently found out that it 's against the law for lenders to extend multiple loans to a borrower with an outstanding loan. So legally I should n't have even been able to get XXXX payday loans plus an installment loan at once. Can the CFPB help me in any way?"
"In XXXX I filed bankruptcy after my husband and I separated. PHEAA claimed they were awarded a judgment against me while I was in bankruptcy however I never received notification and neither did my lawyer. In XXXX XXXX, I started contacting my student loan servers as advised by my lawyer once my bankruptcy was discharged. I was advised by PHEAA that I was I default and would have to go through a 9 month program. I advised the individual that I was recently discharged at which it had not been 30 days yet so how could I be in default already. I requested information about notification of this default in which he gave an address that was a year old. My lawyers updated my phone and address information once my bankruptcy began. The notification of default was sent a month after my bankruptcy was filed. I agreed to sign up for the program, faxed over my paperwork and then told it could take up to 6 weeks for approval. On XXXX XXXX a month later I was approved. I was told to go ahead and make my first payment and my direct debit would be in place for the payments going forward. Since then I have talked to XXXX other representatives because my direct debit was never set up. Today I received a report of default on my credit from PHEAA. They are closed of course and I am sure this is because no direct debit from them has processed through my account. This is tremendously disheartening I feel like they are intentionally doing this to ruin my credit and garnish my paycheck. I wish there was another way to make my payments through anyone but PHEAA and XXXX they are the worse with customer service. XXXX is even more difficult because everytime I talk to someone there I 'm told something totally different. I wish the retail market never crashed back in XXXX. I would enough income by now to pay them off"
"The account XXXX Date of First Delinquency has been re-aged on my XXXX credit report as XX/XX/XXXX. This account has been delinquent since XX/XX/XXXX. The account has never been brought current. 
Line Item : XXXX XXXX XXXX XXXX, acct number XXXX XXXX XXXX XXXX XXXX XXXX, XXXX SC XXXX Line Item : XXXX XXXX XXXX, XXXX LLC. Attn : Research Dept., XXXX XXXX XXXX XXXX XXXX FL XXXX I have disputed this information several times with the disputes department at XXXX and XXXX XXXX XXXX. The information will be corrected and then re-aged again. I am working hard to correct my credit mistakes and this matter is causing me great distress. I am respectfully asking for your help. 
I have enclosed a copy of my original loan payment history from Bank of American ( original loan holder ) with the clear first date of Date of First Delinquency as XX/XX/XXXX ( no more regular payments made after that point, escrow is in the negative ) as well as a copy of my Chapter XXXX bankruptcy from XX/XX/XXXX ( XXXX behind in payments ), making it currently 8 years old. This account has continuously been sold and resold. Country Wide Home loan XXXX BOA XXXX XXXX XXXX ; XXXX XXXX XXXX then re-added to my credit report and now re-aged. This is a fraudulent practice."
"I have never lived anywhere except XXXX, Louisiana my entire life. There areally XXXX addresses listed that are n't mine."
"Equifax might have divulged my name, SSN, DOB and address ( as well as other informations ) to unknown hackers."
"In XX/XX/XXXX I tried to use my XXXX XXXX it was denied. Did not think anything about it, because I just paid my balance. Today XX/XX/XXXX I looked up My account and it said it was closed with a {$0.00} balance. Call Customer Service was told it was because of lack of activity. I could not understand that so I finally spoke to a credit specialist and she claims the no activity and they checked my credit again and then because I did not owe any money and my credit score had gone down they decided to close my account. How can this happen? Why did they not send me a letter, which they are now sending me within 20 days? I am shocked that a company would close an account with no balance and then check my credit to close it. 
XXXX XXXX XXXX XXXX XXXX XXXX CA XXXX XXXX cc # XXXX XXXX limit {$110.00}"
XXXX client XXXX XXXX is a victim of identity theft. She was notified by Capital One of a fraudulent Capital One account established using her information without her consent on or around XX/XX/XXXX. An official dispute of this account was sent to Capital One XX/XX/XXXX ; Capital One then made contact with my client via letter XX/XX/XXXX asking for additional information along with an affidavit for my client to complete ; which my client did comply. As of this date Capital One has not provided any updates as to the status of the investigation which is a violation of FCRA.
"2nd attempt to drop PMI on my mortgage loan with Wells Fargo. First attempt a few years ago I missed the appraisal mark by XXXX when a duplicate house with less renovations as mine on a smaller lot sold for XXXX more than my appraisal. Now attempting since XX/XX/XXXX to do the same thing but Wells Fargo will only accept an appraisal by core logic that they are in partnership with, owning companies together, as late as XX/XX/XXXX and wanting to charge me {$550.00}, {$200.00} more than the national average, for said appraisal. Now I'm finding out that XXXX, who holds the mortgage insurance policy, has strong ties to Wells Fargo so there is strong incentive to bias the appraisal that they control to keep me paying premiums on mortgage insurance. 
1 : Why can't I use any licensed appraiser? and 2 : Why is their fee {$200.00} above the national average? 

Seems to be extremely unfair towards the borrower."
I have sent several certified letters to Transunion ( XXXX and XXXX ) regarding incorrect information being reported on my credit report and have submitted supporting documentation for my claims but Transunion still claims they were able to verify the inaccurate information. Regarding file XXXX. Please see letter attached letter that has been sent to creditor.
"I open a secure credit card with my bank, and they tell me that in 11 months if i pay ontime, and user the card o basic, in 11 months i will a credit encrease and my deposit wil refunde to me, with interes, that i will have a unsecure card for the good use of the secure creditcard, so i contact the bank todady to find when i will get the desposit back and whn my creditcard will have a credit limit encrease, and this is what the bank tell me : XXXX XXXX XXXX on the chat with the bank : XX/XX/18 XXXX XXXX   XXXX XXXX. 
Dear XXXX : This is disclosed in the Deposit Agreement. We regret if you were provided with incorrect information. We upgrade secured accounts to unsecured accounts through an automated process. You do not need to do anything on your part. You will be notified by mail if your secured account is upgraded to an unsecured account. If you have any further questions, please do not hesitate to contact us at XXXX or send us an email. Sincerely, XXXX XXXX. Customer Care Senior Specialist XX/XX/18 XXXX XXXX  XXXX XXXX XXXX Your deposit has been placed into a reserve savings account where it will stay until you close the account, or the account is upgraded to an unsecured credit card. "" '' '' I know this, when i open the account the bank tell me, that after 11 months the money will wil be send back to me or i will be unsecured credit card. They never tell me my deposit will been placed into a reserve savings account. 

XX/XX/18 XXXX XXXX XXXX XXXX. 
Dear XXXX : Thank you for contacting XXXX XXXX. Your deposit has been placed into a reserve savings account where it will stay until you close the account, or the account is upgraded to an unsecured credit card. You can request a credit limit increase and add to your deposit online. After you have logged into the account, click on the credit limit increase request link. Please fill out the form, and submit it online. You will need to provide requested credit limit and deposit amount, as well as the funding account information including bank routing number, bank account number and account type. It takes 7-10 days to see the increased limit in approved cases. If you need further assistance, please contact us at XXXX or send us an email.Sincerely, XXXX XXXX. Customer Care Senior Specialist XX/XX/18 XXXX XXXX  XXXX XXXX XXXX When i can ask for refund deposit or credit increase base on terms of the account. Thanks"
"I was surprised by owing a large debt for electricity in a rental I believed I was not supposed to pay for. It went into collection, I realized I am actually responsible for the debt, and started dealing with my electric company regarding it. The power company informed me I can pay them directly, and bypass the debt agency. 

The number they are contacting is my work number. I have no idea how they got my work number, but they call it almost every day. I told them to stop calling it. They also send bills to my work address. I have a personal phone, and home address where my electric service was at, so it is odd they continue to call my work phone. 

I have asked them to stop, but it seems to do nothing. 
XXXX are only the calls I have recorded the dates/times ... there have been more. 
They call from the number : ( XXXX ) XXXX CALLS : XXXX/XXXX/XXXX at XXXX CST XXXX/XXXX/XXXX at XXXX CST XXXX/XXXX/XXXX at XXXX CST"
"On XXXX XXXX, 2008, Countrywide Home Loans , Inc., a subsidiary of Countrywide Financial, sold Countywide Home Loans Servicing, another subsidiary, to NB Holdings, another subsidiary that was wholly owned by Bank of America Corporation. Bank of America Corporation paid Countrywide Home Loans , Inc., for this sale by issuing it a note for XXXX. Countrywide Home Loans Servicing was the actual subsidiary of Countrywide, that serviced almost all of Countrywide 's mortgage loans. 

Bank of America Corporation assigned a mortgage without the note twice to its own foreclosure department by hiring and using XXXX XXXX, XXXX to twice to fabricate XXXX Assignment of Mortgages within six months of one another, which is impossible to FOR VALUE RECIEVED to happen twice, when supposedly the FOR VALUE RECEIVED already transpired. 

Open both attachments!!!"
"On XXXX XXXX, 2015, I contacted XXXX XXXX, who is a Branch Manager ( XXXX # XXXX ) with GATEWAY FUNDING, and learned I can lower my mortgage monthly payment from approximately {$2400.00} to {$2000.00}. I was ecstatic because I would have saved over {$400.00} each month. XXXX XXXX sent me via email the DETAILS OF TRANSACTION detailing I would pay that amount. During the escrow process on XXXX XXXX, I was instructed to wire {$690.00} and thought my application was completed. On XXXX XXXX, XXXX XXXX contacted me and stated it required me to pay an additional {$290.00} because certain expenses were overlooked by XXXX XXXX. I contacted XXXX XXXX about my additional expense to which he stated, GATEWAY FUNDING will refund {$290.00} back to me after I send in the money to complete the escrow process. 

I am complaining about XXXX issues : I learned my mortgage monthly payment was not {$2000.00} as promised by XXXX XXXX, but instead {$2200.00}, and I have not received my refund in the amount of {$290.00}, as promised by XXXX XXXX on XXXX XXXX. When I contacted him via telephone on XXXX XXXX about the monthly payment, he stated he made a mistake. I have contacted XXXX XXXX on XXXX occasions about the refund check. I contacted him via telephone on XXXX XXXX, which he stated he will issue the check on XXXX XXXX, the Friday after the application process was completed. I contacted him on XXXX XXXX, and he stated he would authorize the refund check. When I last contacted him on XXXX XXXX, I was told I should have already received it, then later verified by XXXX XXXX that he check has not been issued or delivered. 

It is my belief XXXX XXXX is taking advantage of my lack of knowledge in the loan application process by informing me of his many years of outstanding services and a promise of lower month mortgage payment only to deceit me to benefit himself."
"My name is XXXX XXXX-XXXX, I am writing to you on behalf of my father, Mr. XXXX XXXX XXXX XXXX. of XXXX, CA. 
Mr. XXXX has been a homeowner in XXXX for over 50 years and lived the past 30 plus years at the above address. In XX/XX/XXXX he was introduced to the Reverse Mortgage program and soon to follow he was signed up for the program. At the time he received the Reverse Mortgage he was not eligible due to the amount of debt payment that was owed on the property. He was already paying {$1400.00} per month and the program that was to alleviate the monthly mortgage payment was never alleviated because the original lean holder, XXXX XXXX XXXX positioned themselves in third position on the property and caused him to still have a mortgage with the Reverse Mortgage in place. 
As a result of this transaction my father who was XXXX years of age at the time, was suffering from XXXX XXXX, XXXX and is a XXXX XXXX XXXX, was taken advantage of by the lean holder XXXX XXXX XXXX. It is yet still unclear how many of the parties involved were actually at fault and played a role in this injustice. 
Currently there are no cases on record that have dealt with this kind of predatory lending on a senior. I have been pursuing this issue on my fathers behalf since XX/XX/XXXX after him being harassed by XXXX XXXX XXXX to surrender the keys to his property and move out. The reason this request was made by them is, after my father was unable to pay any more monthly mortgage payments while he was still in a contract with XXXX XXXX XXXX XXXX which is now currently XXXX XXXX. He has exhausted all of his {$70000.00} savings trying to pay the mortgage after being told that the Reverse Mortgage would solve his mortgage worries by taking advantage of the Reverse Mortgage Program. 
After numerous calls to XXXX XXXX XXXX XXXX to find out why he was still being forced to pay a mortgage to XXXX XXXX XXXX and being told by them that I do not have a mortgage payment because I have a reverse mortgage. I explained to the XXXX XXXX XXXX XXXX that XXXX XXXX XXXX, who was the original lean holder has been sending notices for payment and threatening to foreclose on the property. The response from XXXX XXXX XXXX is, XXXX XXXX XXXX can not foreclose unless they buy the property from them, therefore they can not foreclose on the property at XXXX XXXX XXXX XXXX, XXXX, CA. 
My Father was then harassed on numerous occasions to move out of the house and leave the keys. There were numerous foreclosure notices placed on the front door of his home, people driving by and some even knocking on the door to inquire about the sale of the property. 
All of these actions that were taken has caused great stress on my father who is approaching his XXXX birthday in XXXX of this year. He has suffered a great deal because of the actions of these entities. Not only his health issues and being hospitalized for two weeks because of XXXX and XXXX XXXX XXXX XXXX XXXX XXXX XXXX XXXX XXXX XXXX XXXX XXXXl and having XXXX XXXX XXXX and XXXX XXXX which resulted in a XXXX XXXX. He also had to go through a very heartbreaking divorce from his wife of 34 years because she could not endure the stress of losing their home so she just walked away from their marriage and left him all alone. 
I have been by my fathers side through this ordeal and have yet to see a resolve in his favor which leads me to the reason I am reaching out to you, XXXX XXXX. 
I have gone through the chain of command from my State of California by first going to the XXXX County District Attorneys office and filing a complaint against them for predatory lending and elderly abuse. I then wrote a letter to Congress Woman XXXX XXXX, Secretary of HUD XXXX XXXX, State Attorney XXXX XXXX, and Attorney General XXXX XXXX also to our President Barak Obama. 
I received answers from each person mentioned all with the same basic answer directing us to several different agencies that were designed to help seniors with modifications on the home mortgages. We were strongly directed to the XXXX XXXX XXXX XXXX XXXX located in XXXX. We were referred to speak with the Attorney that was assigned to that office and he was unable to help us because he had never hear of anyone having a Reverse Mortgage in place and then paying a mortgage to another lean holder at the same time. 
My last correspondence was sent to the newly appointed HUD Secretary XXXX XXXX on XX/XX/XXXX, I have not received a response to date. 
I was able to help my father with the Bankruptcy by doing it Pro Per because the first attorney we hired was so bad that he was ordered by the Bankruptcy Judge XXXX XXXX XXXX XXXX XXXX of California to appear before him in person and he ordered him to return all of the funds that my father and I paid to him for services. The next attorney that we hired out of XXXX was constantly extorting money from us so we fired him and decided to do it on our own and by the grace of XXXX XXXX we were granted the bankruptcy. We are so grateful to Judge XXXX for his patience with us during that time, I did all of the filing of forms to the court myself without any law degree back ground. 
We hired an attorney in XX/XX/XXXXand he has been working with us to find a way to file the charge against XXXX XXXX XXXX and all parties involved. The issue that we are faced with is there are not any cases that we can find that have faced this kind of predatory lending. Every law firm that we have contacted regarding this claim, has never heard of anything being done like this. 
At the time of the settlement the equity that was pulled out of the house totaled {$110000.00}. When all of the transactions were made everyone at the table received money except my father. 
Just to give a brief summary ; there was a payoff to XXXX XXXX XXXX which was formerly XXXX XXXX XXXX, in the amount of {$69000.00} ; XXXX XXXX XXXX received a pay down to the amount of {$40000.00} ; Closing costs totaled {$8900.00}, My Father received XXXX. 
Before the signing my father was explained by my broker Mr. XXXX XXXX, that he would receive {$40000.00} and my father would receive monthly payments from XXXX XXXX XXXX XXXX which would come from the equity out of the home. He was then contacted by phone by a counselor that asked him a few questions regarding his finances and next he received by facsimile forms to sign and the deal was enforced. 
After questioning Mr. XXXX XXXX, he explained to me that after the paperwork was signed, XXXX XXXX XXXX decided that they did not want to subordinate the remainder of the loan so they took the {$40000.00} that was designated to me and used it as a pay down according to the broker and positioned themselves in third position on the property with a {$23000.00} balance. The reason this process was allowed was because of a loophole that was allowed by XXXX XXXX XXXX, XXXX XXXX XXXX which Housing Urban and Development Department agreed was okay for my father. 
No one knows what this so called loophole is or how it was implemented in order to have my father in such a unprofitable position which has cause him nothing but heartache on too many levels including mental, physical, personal and most of all financially. 
My Father is now deceased and I am purchasing the property due to the guidelines stated in the Reverse Mortgage Contract and have been unsuccessful because of the title issues. The issue is the Subordination Agreement that stands between XXXX XXXX XXXX XXXX and XXXX XXXX who has positioned themselves in 3rd position on the property and blocks me as the heir from moving forward with the purchase of my dads home. 

We filed a complaint on XX/XX/XXXX the file # is XXXX-XXXX"
"I am a student at XXXX. ( XXXX ) and although I am XXXX XXXX, the school has not provided accommodations. As a result, my condition worsened. I discussed my options with the school and called "" FedLoan Servicing '' about my grace period where I was told that if I drop below half time enrollment the 6 month grace period starts and then resets the moment I return to half time enrollment. 

So I dropped a class XX/XX/XXXX taking me just below half time and returned to full time status in the XXXX. I attended every class, and did all homework. Unfortunately, I still was n't quite well yet, and started having XXXX which I saw a medical professional about XX/XX/XXXX. I was told that if I dropped at that time there would be a full refund and that I would be eligible for student loans in the summer. Based on this, and what I was told about grace periods, I felt safe dropping the semester XX/XX/XXXX intending to continue again in the XXXX. 

FedLoan Servicing instead sent me a letter telling me that my grace period ends XX/XX/XXXX, which would be the case if the grace period never reset in XX/XX/XXXX, but the grace period should end XX/XX/XXXX. This is a big deal, because the XXXX semester starts XX/XX/XXXX, and instead of resting as I am supposed to be, I 'm XXXX over what should be a simple issue. 

On XX/XX/XXXX I sent FedLoan servicing documents from my school showing the date that I fell below half time was last XX/XX/XXXX and I quoted back to them their policy : "" If you go back to a Department of Education approved school at least half-time before your Grace Period ends, you will get another six-month Grace Period the next time you leave school. '' I explained that either my grace period should end later, or they lied to me when presenting this policy. They told me the matter would be reviewed and I would get a letter 7 to 10 days later. I waited 16 days, sent another email asking why I have n't heard back from them, then today - XX/XX/XXXX - they said that on XX/XX/XXXX they checked my current status which said I am not currently enrolled. In other words, they did n't even try to investigate the actual matter. They tell me that the school has to update my status as active for them to do anything, which is simply not true. I am not currently enrolled in classes and that should n't matter. 

All I expect them to do is follow the rules they provided me in advance of making decisions about my loans. Either the grace period is set to end XX/XX/XXXX, or they committed fraud by withholding important information from me. Either way, I will be taking classes again starting XX/XX/XXXX and I want grace period issues to be corrected. 

The only reason why I have not already registered for summer classes is because I am still paying the school back for the XX/XX/XXXX semester, and I have to have it all paid back before I can enroll in classes again. It 's especially strange to owe the school money for the loans that FedLoan Servicing denies exists. I told them they should have a record of this, since the school paid them back for the returned student loans, but they act like they do n't."
"After several attempts to resolve a credit denial based on erroneous information I remain frustrated with the FCPB, XXXX, Citizens Bank, and XXXX XXXX stores so I am attempting yet again to correct this situation. 
1. XXXX XXXX stores employees are not trained in sales of financial products such as the Citizens Loans associated with the XXXX XXXX Upgrade Program. After discussing the situation with the manager of the XXXX XXXX XXXX on XXXX XXXX in XXXX PA he recognized the need for further training for XXXX employees as they were not providing customers with factual information regarding the financing associated with the upgrade program. He also admitted that the way the information was provided for credit checks did not give customers a way to ensure the employee was providing the correct information. All information with the exception of the social security number was input onto a handheld device by the employee so errors could easily occur. Moreover the customer did input the social security number but is unable to verify correct input as the numbers were all starred out to protect the customer. So XXXX is not describing the financial product correctly and input is easily erroneous. 
Denial by Citizens Bank was based on information from XXXX that is nowhere to be found on my XXXX credit report as none of the reasons ( garnishment, attachment, foreclosure, repossession, judgement or collection ) for denial provided have ever happened to me and do not appear on the credit report provided to me. 
Thus either XXXX is not providing me with my correct and valid credit report or Citizens Bank has given them incorrect information to run credit check or just refusing to admit to errors. 
Moreover XXXX does not provide a way to dispute this credit check because I did authorize it. But XXXX will not help with correcting the information provided to Citizens Bank. 
To sum up I am filing complaints against : 1. XXXX XXXX XXXX for failure to train employees is sales of financial products such as personal loans and allowing customers to verify the information provided as correct. 
2. Citizens Bank for refusing to investigate their errors in processing my application either with XXXX XXXX, Citizens One Employees or XXXX. 
3. XXXX refusal to investigate how Citizens One Bank was provided this erroneous information or provide me with the credit history that has the incorrect information for dispute. 
As of XXXX XXXX my XXXX Credit Score is excellent at XXXX with no public records ( garnishments, foreclosures, attachments, repossessions or attachments ) on the report. 

I have worked very diligently to keep my credit rating as excellent and I do not wish to have this error remain on my history. 
Thank You for your help with this matter. 
XXXX XXXX XXXX"
"In XX/XX/2018 some one applied for a cash loan using my personal information, Which is now on my credit report as a hard inquire. The institution is Check into Cash located in XXXX, XXXX"
"I believe the 30 day late payment marker on my credit report by Roundpoint should be removed. XXXX made an error where they stopped my auto pay, never notified me that auto pay had stopped, allowed a missed payment to happen, did not send out my statement on time, and never contacted me regarding the missed payment. 

I have had auto pay set up with my roundpoint mortgage from the XXXX time I started payment. Sometime between XXXX XXXX and XXXX XXXX the auto payment stopped. I did not realized it had ended and thus missed a payment. There was never any communication from roundpoint that my autopay had stopped and a payment was not made. No phone call, email, or letter. I did not notice the missed payment until I received my follow on bill. In the attached statement you can see where the statement was sent 1 day prior to the payment being due. 

Once I realized the payment had been missed I immediately paid both the missed and current statements. I also reenrolled in auto pay. No reason was ever given as to why auto pay stopped or why the statement was late. 

I find it disingenuous that roundpoint has dinged my credit even though I have never missed a payment and was relying on their auto payment system. Further I was told it was my responsibility to check my statements but even in that case roundpoint did not get my statement out to me on time."
"Reference recently closed complaint XXXX dated XX/XX/XXXX. This company has begun aggressively calling my house again after telling me through the CFPB complaint process that they would stop bothering me. They have began calling daily, XX/XX/XXXX at XXXX XXXX, XX/XX/XXXX at XXXX XXXX, XX/XX/XXXX at XXXX XXXX, and XX/XX/XXXX at XXXX XXXX. As you can read from previous report, the company is looking for XXXX XXXX, the son of my home 's previous owners who sold to us in XXXX. This person has not lived here since XX/XX/XXXX and the company has been told this multiple times."
"I recently placed a fraud alert on my credit report because I was the victim of identity theft. The account does not have my name or third generation attached. How was this account opened? The following account XXXX XXXX XXXX XXXX was opened fraudulently on XXXX/XXXX/2016. I have filed an affidavit with the local police department and sent copies of it to the credit bureaus. I also reported the issue to XXXX XXXX XXXX XXXX. Although, the company has not responded. I expect that it will be resolved quickly."
"I have a car loan with XXXX XXXX since XXXX XXXX. I have never missed a payment and account is current. However, I filed Bankruptcy in XXXX XXXX and made it clear to my lawyer I wanted to keep my vehicle, XXXX XXXX XXXX. During Bankruptcy process, I filed for a Reaffirmation Agreement. I negotiated with their Lawyer 's and received a lower interest rate and lower monthly payment. The Bankruptcy was XXXX XXXX XX/XX/XXXX. I began monitoring my credit reports. It became necessary to initiate disputes to ensure my XXXX XXXX account was reporting as stated in my Reaffirmation Agreement. My initial dispute included every item within the XXXX XXXX account that required updating. Unfortunately, the request to ensure accurate reporting became a on going issue because the information was not updated as I requested, as in my Reaffirmation Agreement. This went on from roughly XXXX XXXX time frame with the last dispute in XXXX XXXX. Since this car loan has been paid, on time, since XXXX XXXX until today, I believed this was my right. Unfortunately, when I went on each credit bureau site to review this account for my car, and spoke to specifically to a Experian representative, he stated it was deleted due to determining it as it being frivolous. When I look at my account on line it is current. I checked with XXXX  and XXXX  and my information was also erased from my credit reports at those credit bureaus. I am wondering if new information in the Reaffirmation Agreement was forwarded to every department within XXXX XXXX needing to know it was not in bankruptcy, all my payment have an excellent history, my monthly payment was reduced to {$390.00} but continually reported at {$490.00} a month. The payment history needed to extend after I filed bankruptcy, the loan balance was also needing to be accurately reported. I need my XXXX XXXX account placed back on my credit reports. Do not believe this account was ever accurately verified or properly investigated. Can someone please assist me with ensuring I can have my account placed back on all my credit reports with the correct information reported all at one time. Maybe only so many disputes are taken before deciding an account should be removed? I don't know. However, I was only asking to place the correct information on my credit reports. Whomever has been questionably "" verifying '' has created a big problem for me since I have a right to have it investigated properly."
Experian and XXXX refuse to remove these fraudulent accounts off my credit report. I am a victim of Identity theft and I filed a Police Report in the area it happened in!!
"Attempted to get an underwater loan on a second home re-financed, including lower interest rate and principal reduction. After 2 yrs. XXXX XXXX has outsourced to Seterus, and we were offered a lower interest rate only. New payment became more than previously, due to fees and interest accrued. ( my spouses business failed & our income declined ) With principal reduction we could afford the mortgage, but they stated this could not happen due to XXXX loan rules. Is this true? We constantly re-filed paperwork that had been "" lost '' throughout the years, with no offer ever being made until now."
"I Submitted a Family Court Order From Support Magistrate ; XXXX XXXX XXXX Dated XXXX XXXX, 2015 ( Docket # : F- XXXX, XXXX # : XXXX ) To Experian Asking Them Too Remove XXXX Account Information From My Credit Report. I was Told In The Dispute Answer They Could Not Use The Court Order. I Submitted The Same Order To XXXX and XXXX Credit Reporting, and The Both Removed The Idem From My Report History!"
"On  XXXX   XXXX , 2017 I had filed dispute compliant with TransUnion about inaccurate amounts on my credit report from   XXXX   XXXX    Dispute claim file :  XXXX  or  XXXX . ( see attachment ) Trans Union refuse to remove inaccurate amounts on my credit report the results I received by letter "" verified as accurate '' with   XXXX   XXXX  .TransUnion did received my supporting documents by priority mail ( see attachments ) I truly believe TransUnion unfair decision, because I had canceled my monthly membership with TransUnion. Whenever, I would call TransUnion inquiring about my dispute. With every phone call I am always asked to purchase their credit alert plan. ( see attachment )   XXXX   XXXX  . purchase accounts though a vendor to collect with consumers with duplicating amounts also adding invalid amounts to a consumers credit reports with the credit bureau ( s ).
TransUnion and   XXXX   XXXX   are aware about the inaccurate amounts both have the illegal agenda to gain monies along with damaging my credit for 7 or more years.
Listed are the amount   XXXX   XXXX   is trying to collect invalid amounts : {$160.00} {$160.00} ( duplicate amount ) {$130.00} {$250.00} {$210.00} Total amount {$940.00}"
I had an account with XXXX XXXX that I paid in full. XXXX XXXX/XXXX is reporting that I had collections on this account. I paid a total of {$5400.00} to this company and they are reporting that my account was written off. I paid this account in full! There were no collections on this account. They need to report accurate information on this account or remove it from my credit report. I would appreciate it they would update this account with positive information. The date opened and the date first reported is incorrect. Also this account was not written off and I was never late on this account.
"Fifth Third Bank fails to provide full disclosure to its customers in regards to "" Overdraft Coverage. '' Additionally it processes debit card transactions as "" Recurring Purchases '' rather than "" Everyday Debit Card Transactions '' so it can ignore the consumer 's preference to decline overdraft coverage on debit card purchases and charge consumers overdraft fees without their authorization. 
On XXXX/XXXX/2016 I changed my preference to decline Fifth Third Bank Overdraft Protection after speaking to an agent and being told the benefits of having it. Specifically I was told that if you make a purchase with your debit card and the funds are there the transaction is approved and no overdraft fee will be charged on that transaction should your account not contain sufficient funds when the transaction post. 
Additionally on the disclosures it states : "" As part of this service, we do authorize Checks and other transactions made by using your checking account number and pay overdrafts for the following types of transactions : Automatic bill payments. However, we do not authorize ATM transactions and pay overdrafts for the following types of transactions unless you instruct us to do so for the following Everyday debit card transactions. '' Further it reads "" Overdraft Coverage for ATM and Debit Card Transactions Fifth Third Bank can no longer authorize and pay overdrafts pertaining to ATM and everyday Debit Card transactions unless you instruct us to do so ... '' Subsequent to receiving a confirmation from Fifth Third that overdraft coverage had been declined on my account I was charged additional overdraft fees for purchases made with my debit card. Upon calling Fifth Third Bank 's customer service I was told that while the purchase was indeed made with my Debit Card the transaction was processed as a "" Reoccurring Payment '' and not as a debit card transaction. Further I was told that this decision was made by the merchant and not Fifth Third. 
The purchase in question was XXXX and is no way a "" reoccurring payment '' as the transaction does not reoccur in a regular interval nor is it a fixed amount. 
Below are my concerns regarding Fifth Third Bank : Fifth Third does not disclose that opting out of overdraft coverage could save consumers overdraft fees on debit card purchases that had sufficient balance at the time of the transaction but did not have sufficient balance at the time of posting. Had Fifth Third explained this in their disclosures on overdraft protection more consumers might opt out. 
Fifth Third Bank has created a new type of transaction to skirt the customer 's opt out of overdraft coverage and charge overdraft fees. 
Fifth Third Bank NEVER mentions "" Reoccurring Payments '' anywhere in its overdraft coverage disclosure and clearly states that transactions related to the debit card will be declined and not be charged overdraft fees. 
Fifth Third Bank fails to education its customer facing employees on types of transactions - specifically reoccurring payments using the debit card. 
Fifth Third Bank encourages merchants to process transactions as reoccurring payments rather than debit card transactions by charging merchants lower fees for processing the former type of transaction. Fifth Third then uses this loophole to charge customers unauthorized fees. 
Finally Fifth Third sets arbitrary limits on how much customer service can credit on overdraft fees. Customer Service representatives have told me that they would refund the fee due to the above disclosure issue however they are unable to because I have had $ XXXX in fee waivers already this year. 
I do have supporting evidence such as PDFs from the Fifth Third website and all disclosures related to overdraft coverage if needed."
"I mailed a check to my bank clearly marked "" for deposit only '' with my signature and account # on the back of the check. It did n't show up on my bank statement. I called the bank and after several phone calls back and forth, the asst bank manager told me that the check had been cashed out. They surmised that it had been stolen and cashed with only initials under my name. But it was cashed at the bank I sent it to. They claim they never received it. And they have a policy of double endorsement -- that a second party could cash the check with proper ID. I asked for them to check and identify the teller. They said they could n't. More phone calls. I finally sent a letter to the bank 's District Manager asking him to verify their banking policy about "" double endorsement. '' I did n't receive a response. He only referred the letter back to the original bank. I spoke to the bank 's manager and she said the check should have never been cashed, that I was a victim of band fraud. She came up with a plan to try to get my money back. After much legwork on my part, I got the bank where the check originated to file an "" Endorsement Forged Affidavit and Agreement '' including a police report. This was sent to the bank 's security office. Months have gone by and I have not received any response. I have checked with other banks about their policies and I have been told that under no circumstance would they cash a check marked for deposit only to a second party, unless the first party was there in person to sign the check over to the second party! My feeling is that the bank who cashed the check made a mistake and they do n't want to deal with it and just want me to go away. I need help! I have copies of my correspondence with the bank, notes of phone calls, names of bank officials, etc. Thank you for your time."
Victim of inquiries issues with Transunion Inquiries were removed but added back to credit report Contacted Transunion to resolve issues and they did not help with the negative negative inquires 1. XXXX XXXX XX/XX/XXXX 2. XXXX XX/XX/XXXX 3. XXXX XXXX XXXX XX/XX/XXXX 4. XXXX XXXX XX/XX/XXXX 5. XXXX XXXX XX/XX/XXXX 6. XXXX XXXX   XX/XX/XXXX 7.XXXX XXXX  XX/XX/XXXX 8. XXXX   XX/XX/XXXX 9. XXXX/XXXX 10. XXXX XX/XX/XXXX 11.XXXX/XXXX   XX/XX/XXXX 12.XXXX XXXX XX/XX/XXXX 13. XXXX XXXX XX/XX/XXXX 14. XXXX XX/XX/XXXX 15. XXXX  XX/XX/XXXX 16. XXXX XX/XX/XXXX 17. XXXX XX/XX/XXXX
"A few years ago I had loss my job and I was unable to pay my loan. Navy Federal allowed me to defer XXXX payments, but did not disclose that by deferring the payment changed the terms of the loan making it a balloon payment at the end. I also did not get any disclosures about the per diem charges on late payments on top of the late fee. This is predatory lending by them failing to disclose the information in a timely matter ( before I decided to get the loan with them or defer the payment )"
"this been going on for some time, MO AG office resolve this, as the debt not mine back 2012"
"My bank found a report on an Equifax credit report where I had an outstanding debt which affected my credit score. It showed that I had not paid a {$420.00}, and had been put on my credit report XXXX/XXXX/2015. It showed XXXX XXXX as the original creditor, collection agency XXXX XXXX XXXX. I contacted comcast who said they had not submitted the claim, and that I was and had always been current with them. I then filed a dispute with XXXX online, then had a conversation with them. They denied any knowledge of this transaction. Tried to contact XXXX XXXX XXXX, could not find any record that they even existed.. I contacted the local XXXX Consumer Service to try to find a way to get in contact with XXXX XXXX XXXX. They could not find any record that XXXX XXXX XXXX existed. They suggested that I file this complaint to try to get to the root of this problem, and get this bogus bad credit report off my credit report.. I do n't know what else to give you. I know that you will need more of my personal information, but not sure if I should include it now. My phone number is XXXX, and my e-mail address is XXXXXXXXXXXX. My full name is XXXX XXXX XXXX, and my mailing address is XXXX XXXX XXXX, XXXX, Fl.XXXX. Please help me get this off my credit report. Thank You."
"I applied for a Chase XXXX credit card account and was approved. I added XXXX additional authorized users and we received our cards in the mail in a timely manner. Upon receiving the cards we began to use them to pay bills. After about 5 days after we started using them the card charges were no longer authorized. When we inquired as to why, they said they had suspected some fraudulent activity on the account and would get back to us after the investigation. Being concerned that someone had gotten our card numbers, I call Chase and asked them to close the account and open a new XXXX for us and send us new cards. We did not hear back from Chase for about 10 days so we call them. After many calls we were finally directed to XXXX XXXX in Fraud operations. He said they were investigating the account for fraudulent activity. I asked him what kind of fraudulent activity and he said is was a report from an independent agency that Chase used to monitor credit card use. I explained that all of the charges on our account were ours and that there was no fraudulent activity from our end. I confirmed my address and SSN for him and he said he would get back to me. After waiting 5 more days, I called him. He did not answer and I left a message. I made XXXX more calls to XXXX XXXX and left a message each time. He never called back. XX/XX/XXXX I got a letter from XXXX XXXX saying that they were investigating possible fraudulent activity on my account and to please call him at my earliest convenience. I called him on and got a recorded message. I left him a message. I did not hear back the next day so I called and left another message. I did not get a call back from XXXX XXXX so I called Chase and asked to speak to his supervisor. After being on the line for 28 minutes I was given the number XXXX and was told that she was waiting for my call. I called her and left a message. I doubt I will hear back from her."
"I have many incorrect accounts on my credit report that I have never been affiliated with. Even some of the names and addresses on my report are wrong. I do not understand how these things are being tied to my name but i have nothing to do with this. 

Name : XXXX XXXX XXXX XXXX XXXX XXXX XXXX XXXX {$1200.00} XXXX XXXX  XXXX XXXX {$810.00} XXXX XXXX XXXX {$430.00} XXXX XXXX XXXX {$540.00} XXXX  XXXX $ {$680.00} XXXX XXXX XXXX {$50.00}"
"A hard inquiry was made into my credit report on XXXX XXXX, XXXX without my approval or knowledge. I communicated with a mortgage consultant at XXXX XXXX XXXX about refinancing my home, but I did not complete an application and I did not approve an inquiry into my credit report. This inquiry apparently dropped my credit score by 5 points. I would like to dispute this inquiry and have it removed from my credit report. 

Date : XXXX/XXXX/XXXX Company that made the inquiry : XXXX XXXX XXXX XXXX XXXX XXXX XXXX XXXX, XXXX XXXX XXXX XXXX, PA XXXX Phone : ( XXXX ) XXXX ; ( XXXX ) XXXX Email : XXXXXXXXXXXX"
"In complaint XXXX my concern is that Equifax will not explain why I can not access my report online. This complaint is because cfpb closed that complaint without requiring that the issue be addressed by Equifax. 

All I am asking for is that Equifax explain why it will not allow me to have online access to my credit report!"
"After checking my credit I realize that I have been victim of identity theft, An identity theft report had been filed with the FTC and a police report will be filed. As require by FCRA any information reported as fraudulent should be removed from the consumer credit file. I'm reporting this as an effort to clear my name."
"The amount just over {$50000.00} was originally owed to Sallie Mae. I paid Sallie Mae faithfully until XX/XX/XXXX when I filed bankruptcy. That bankruptcy was dismissed in XX/XX/XXXX after never being confirmed. I contacted Sallie Mae and resumed repaying Sallie Mae from then on. 
In XXXX Sallie Mae assigned my account to Navient without notifying Navient of ANY previous payments. It's as if I never paid Sallie Mae ANYTHING from XXXX XXXX, and XXXX XXXX when my account was then sent to Navient. Navient says I now owe the same original amount of {$50000.00} plus {$20000.00} additional money DESPITE monthly payments to them of amounts fluctuating from $ XXXX since XXXX. Why hasn't or doesn't that amount change with 6 years of regular monthly payments and why has that total initial amount been raised {$20000.00}? The amount owed does not change and mst often goes Up after payment has been made. I have paid $ 1,000s and $ 1,000s of dollars and have gotten nowhere in the reduction of my current balance."
"Credit reports are showing a Chapter XXXX bankruptcy ... .new law as of XX/XX/XXXX,2017. This information is n't all there and should be immediately deleted"
I have filed several disputes with the all three of the CRA 's and have also disputed directly with XXXX in SD in regards to XXXX credit lines with them. This account has been re-aged and XXXX XXXX reports that the information remains correct and verified. I do not appreciate this practice and it can be viewed as unethical and perhaps this is not the XXXX time this has occurred.. All three credit bureaus report a different age of these accounts.
I applied for a QVC credit account and was approved shorty after placing a order for one of there items without notice my account was closed without any notification to me. When I called the representative stated I owed a passed due balance of {$37.00} and this would need to payed before my account could be reopened. After giving them my debit card number to pay the outstanding balance QVC has not responding on reopening my account that they approved me for in 2015. I would like them to know that closing account can cause damages to my credit and I the customer was not notified of the closing of my account of given a chance to pay the balance before closing my account.
"This complaint is in regards to an XXXX credit report. It involves a credit report inquiry on XXXX XXXX, 2014 in the name of CREDCO/CHASE ACCT RVW. I sent XXXX letters to Credco/CoreLogic asking why my credit was pulled and what XXXX XXXX XXXX Bank represented to them for permissible purpose to pull the credit report. I failed to receive a satisfactory answer and so I emailed Credco/CoreLogic. A representative by the name of XXXX, at XXXX called me. He explained that their relationship with XXXX is automated and they receive nothing in regards to why the report was pulled. I asked what XXXX represented to them that was permissible, and he said nothing, other than he could send me an explanation of what "" represented '' actually means, as there are different areas that would cover. I told him that I sent a letter to the address provided by Credco/CoreLogic, for XXXX XXXX XXXX Bank, with an address in XXXX TX. My letter was returned "" return to sender '' without explanation. He said it appeared there might be a suite # for the address, but that was cutoff based on what he was looking at in the system. He did give me a contact name of XXXX XXXX and phone # of XXXX. I called the phone # and it is no longer in service. I left a message for XXXX to please investigate further for accurate contact information. I have no clue why XXXX XXXX XXXX Bank would be conducting an account review in 2014. The system of pulling a person 's credit report in this situation, without any permissible criteria or accurate contact information is worrisome. Please investigate both Credco/Corelogic and XXXX XXXX XXXX Bank to get to the bottom of why they pulled my credit report. 

Thank youXXXX XXXX"
"I have XXXX reports with my name incorrect and a home address that includes an "" Apartment Number '' although it is a single family home. 
XXXX shows me owning a home and having a mortgage, and other information incorrect in my IDENTIFICATION VERIFICATION."
"XXXX   XXXX  y hired  Williams and Fudge  to collect a student loan. I am not aware of the amount due to the fact all my student loans are in deferment and if this is a student loan from  XXXX , it should also be deferred with my other student loans. I have reached out to  Williams  and Fudge o n  XXXX   XXXX  and  XXXX  of this year. They have failed to respond to my second letter. Please see letters attached. I have also disputed this matter with  XXXX . They claim they do not see a dispute for this account, but have a note on the account stating UNDER INVESTIGATION, which has been that way since  XXXX   XXXX  , 2017. P lease see attached document"
I have been trying for almost 4 weeks to get a Reverse Mortgage thru Security One and the process is being held up because there is a lien release that was never processed by Chase. Security One has asked Chase on XXXX separate occasions. Twice they have claimed to have never gotten the request and the third time they said they can not locate the loan or it 's existence and need another 15 days for research. They have been asked all three time to rush this request.
"This company represents the State of NJ and are collecting a debt on their behalf. To get my NJ driver 's license, I agreed that I owed a debt and made payment arrangements. I have a representative payee that handles my social security XXXX payments. The company demanded that I give them banking information, ( a debit or credit card ) so that they could have payments taken out automatically. I gave them the card number that is in my daughter 's name. For the past 12 months this company has been sending me letters notifying me that they are taking the money out and to make sure it is available. I just received a notice from NJMVC that my driver 's license and registration privileges are suspended and that I needed to contact this company. When I spoke with them they informed me that the card had been declined. I receive no notice at all that there was a problem. I believed the monthly letter from them and had no reason to believe otherwise. They refuse to give me any information. They are rude and nasty and state that I should have known that the money was not being deducted and the only way to get my driving and registration privileges reinstated is to pay them the {$1200.00} for the back months that their request for funds were denied and to give them a card so that they can take the payments out automatically. They claim I owe in excess of {$11000.00} ( a judgment against me resulting from a car accident I had in NJ in 1999 ) NJMVC states that the judgment is for {$7000.00}. I asked for the contact information of the original debtor and they claim they do n't know it. I ask to speak to a supervisor or someone from the legal department. They take my name and phone number and never call me. I asked for a copy of all correspondence to me and they stated that 12 months of letters is to much to mail out. They have never mailed me any other documentation except the letters confirming that they were taking the money out of my custodial bank account in my daughter 's name ( she is my representative payee )"
"XXXX, received a call from Amcol Systems ( caller ID ) asking for my wife to discuss a business manner. I said she was at work and I was her husband. She started to fish for info ( after identifying herself as a collection agency rep ). I said wife was at work and XXXX gave me a number to call ( XXXX ). 

After speaking with my wife, I called the number back and asked for XXXX. She said call was being recorded. 

When asked for written verification of the debt, Amcol Systems rep. XXXX said their protocol did not provide for written verification of debt. I reminded XXXX that this was part of the Fair Debt Collection Practices Act. Instead, she gave me a list of amounts ranging from {$10.00} - {$200.00} and dates filed by XXXX XXXX. No other info was available except for XXXX phone number to call. 

She could not identify what the debts were for, just date and amount. WE were to call XXXX XXXX if we needed any more info. 

Thank You, XXXX"
"My response to a letter dated XX/XX/2018 from XXXX XXXX XXXX XXXX : XX/XX/2018 FAXED TO : XXXX XXXX XXXX XXXX XXXX XXXX XXXX XXXX  XXXX XXXX RI XXXX Re :  Account # XXXX Your letter of XX/XX/2018 indicates my loan is past due. I submitted on or about XXXX  XXXX the appropriate forms to move my monthly debit from my former XXXX checking account to my new XXXX XXXX XXXX account. 

I contacted your office by phone about the time of the referenced letter indicating that neither my old XXXX account nor my new XXXX account had been debited and was told by a not particularly helpful representative that it may take one or two billing cycles to take effect. 

For more than two years I have not missed a payment and have, in fact, paid {$500.00} per month so I am well ahead of the loan payment schedule and can not be past due. 

Please take steps to implement my new XXXX XXXX XXXX account and the monthly debit of {$500.00} against the referenced loan. Also, take steps to remove the negative impact on my credit record as I am effectively NOT in arrears. 

Thank you. Inform me that these actions have been taken so I have a record of the action. 

Regards, XXXX XXXX XXXX, XXXX. 

Cc : Acting Director XXXX XXXX Consumer Financial Protection Bureau"
"XXXX XXXX XXXX, account # XXXX is currently reporting on my credit report stating that I owe # XXXX. 

O XXXX/XXXX/XXXX, I entered into a settlement agreement with XXXX XXXX XXXX for {$520.00}. As of XXXX/XXXX/XXXX, the check has been cashed and through disputes XXXX XXXX XXXX and the credit bureaus fail to properly update that this account has a XXXX balance and was settled."
"This debt is not a federally backed/guaranteed loan. It is be reported to the credit bureaus beyond XXXX years. Also it is beyond NY statute of limitations XXXX XXXX years XXXX to collect a debt. This debt has been written off/ closed by the company. But still being reported to the credit bureaus. I have never made a payment on a this debt in its history. 

XXXX A Summary of Your Rights Under the Fair Credit Reporting Act ) Consumer reporting agencies may not report outdated negative information. In mostcases, a consumer reporting agency may not report negative information that is more XXXX years old, or bankruptcies that are more than XXXX years old."
"Credit Bureau Equifax. 
XXXX hard inquiries affecting my credit report are : XXXX XXXX-XX/XX/XXXX. 
XXXX XXXX XXXX XXXX XXXX XX/XX/XXXX. 
XXXX XXXX XXXX-XX/XX/XXXX. 
XXXX XXXX XX/XX/XXXX. 
XXXX XXXX XXXX XXXX-XX/XX/XXXX Did n't want to remove my inquiries."
"bank of america gold option account has overcharged me for seven years as if I were a month late and tacked on upwards of XXXX dollars worth of fees that were misrepresented and not understandable by the statements I received. I also asked them to mail all statements and they only sent from XXXX instead missing at least XXXX statements so I have no way of telling how much they originally charged me on this loan and what the fees were. Ihave paid on time for over seven years and have bank account statement proof but they have informed me they plan to close the account as soon as is paid and this is going to ruin my credit score. also I believe I have overpaid but they are still billing me over XXXX dollars. I have gotten no help from calling as no one can tell me why the late charges are there as they can see I was never late or what those fees are. They also can not tell me where the first XXXX bills are or what the initial terms or agreement of the loan was or what the initial amount loaned was and what their initial fee was. I have paid XXXX on this loan. Customer service ranges from trying to be helpful, but having no knowledge of the account to being extremely sarcastic rude and unhelpful. This has caused a great deal of harm to me financially and otherwise. I really need help at this point because I need this to stop asap or I am going to go under. current fico score was XXXX but have had to apply for new credit so I know its all about to snowball."
"Hello, I had recently applied for a mortgage with Pentagon Federal Credit Union. This experience I do not with upon anyone. Started my research by looking for a XXXX % down product with Pentagon Federal had.. I called in on XXXX XXXX with XXXX XXXX who had explained the product to me in absolute clarity ... He said it is a XXXX % down with a XXXX ARM first mortgage and a XXXX mortgage a 15 year loan fixed@5.99 %. The credit score requirement is XXXX on the XXXX mortgage. So I was super excited and applied for a loan ( BTW i had a personal loan with penfed which i paif off in full ). Once I applied I received an email from an XXXX XXXX ( loan officer ) and she properly introduced her self and asked for all of the documents needed. I went ahead and submitted all that was required of us ... Then I had to keep bugging XXXX and asking where is the pre approval? She said I am working on the XXXX mortgage but I have the approval for the first. So I kept asking for a time frame and I got nothing back. Then all of a sudden I have a new loan officer XXXX XXXX and she said from here on she will handle my file with an underwriter named XXXX. What happened to XXXX? Well XXXX just does the initial portion of the process. Same thing this whole back and forth ; then I was asked for my XXXX 's and pay stubs and my wife 's XXXX 's as well ... I went ahead and re faxed it, this was the second time. XXXX and XXXX claim they never got it.. Now they keep asking me for information. On top of that XXXX says we can no longer offer you the ARM it now has to be a fixed mortgage because of your DTI. It took them over a month to figure it out and in the mean time nothing re : the XXXX mortgage. I then had an opportunity to speak to XXXX and explain how long ago my short sale has been out there ; I mentioned it has been 4.5 years. I asked her does she need supporting docs for the short sale and she said no. At this point I am still waiting. And all of a sudden XXXX is back now and she is handling the loan process. Again she is requesting the XXXX which I think they lost ( XXXX our info is floating around ) ... Then on XX/XX/XXXX I got an email from XXXX that there was a decision and the letter is attached and she would call me to discuss ... It was a decline letter due to my short sale that occurred on XX/XX/XXXX which she knew about. I emailed her before the long weekend and left her a VM and got nothing back. At this point I sent another email and did tell her I am upset and will be filing a complaint with CFPB. I had also emailed a complaint to PENFED directly and heard nothing back. Either they are n't very good at handling loan files/ or do not know products/ or do not know underwriting or just plain ignorant. I have never seen anything like this and i am in the industry ... I do n't wish this on my worse enemy."
"I deposited a settlement check that I received from my lawyer, I deposited it into my account and it was being held for 12 days. But the lady told me to call customer service to see about moving it faster, to which I was transferred to the fraud department, who advised me that they could not verify my check, they could not call the other bank, they could not call my lawyer, they could not call the settlement company and they could not call the check verification company all because there was not a call in verification number in there system. And now they are threatening to close my account to end ties."
"On XXXX XXXX, I applied for a second mortgage and all was great. On XXXX XXXX, I was informed by my credit union that the credit reporting agency told my bank that I now have XXXX social security numbers associated with my name. I then began the process of having this matter corrected but can not get it done with the countless faxes, copies and emails and phone calls. Equifax seems to be the company causing this, the other XXXX companies seem to have corrected this problem. I and my wife have now been denied credit on XXXX separate accounts. Also, they refuse to give me any case numbers to make matters worse when I try to discuss this matter with them. 
I appreciate any help that you can give me to correct this horrific situation."
"I went to the personal finance section of XXXX for a soft Credit check to see if I could possibly qualify for a loan, but I never ask for credit to be check and now I am receiving letter from different company with refusals. which inturn goes on my credit report. my problem is I did ask for this"
"My ex husband cashed a home owners insurance refund after the sale of our marital residence. The check was made out to my ex husband and to myself. He was allowed to sign and cash the check without my authorization. I have obtained a copy of the cashed check from my homeowners insurance and I want the banking institution to look into why he was allowed to cash this check without my signature. I am attaching a copy of the cashed check and I believe it was cashed at Bank of America ( please see bank # 1XXXX ) This is an alarming situation and a situation where funds were stolen from me, by my ex husband. I have email correspondence with my ex husband where he told me my name wasn't on this check. The financial institution that cash this for him should be looked into and the person responsible should receive disciplinary action up to including termination."
I sent a dispute letter to all the credit agencies wanting to receive proof of ORIGINAL documentation of accounts on my credit report and they have to yet do so.
"There is an account listed which is unknown, I have disputed and it remains. I have never done business with a company called  XXXX   XXXX   XXXX  this is unknown and does n't belong to me remove this"
"Citbank just took over for Brooks Brothers credit. When they switched to this new bank, payments made the same day did not post. Next, I began receiving 3-4 "" robo '' calls a day ( and night ) from Citi asking for payment ( and it was n't even 30 days past payment date- even though I paid and they never posted the check ). The volume of calls was ridiculous and unwarranted."
"I opened my credit account in XXXX with the term that receiving XXXX bonus points after having {$50000.00} in acoount for 60 days. However, I still haven't received the bonus points today. I contacted citi 3 times ( through secured message, phone, and online chat ), and citi told me to wait at the beginning, and at the end refused to honor the term."
REPORTED IN CORRECTLY ITEMS SHOULD BE REMOVED BASED ON FRAUDULENTLY CHARGS OCCURRED I kindly informed all the CREDIT REPORTING AGNCY and the BANKS of my SCAM with ECG Debt SETLMENT that happened in  XXXX  when the company had Possisions of my card and commited Fraudulent charges on some of my cards Those account now are still reported in Collection and Charged OFF and negatively hurting and harming my credit FICO SORE and CAUSING ME Financial and emotional stress in obtaining loans and a getting approved for a line of credit because of the derogatory marks I called in the Banks Numerous time in the MONTH OF  XXXX  and the Month OF  XXXX   XXXX  and explained to them my circumistances they asked me to call the CREDIT Bureaus and request and early removal of the account I Called the CREDIT REPORTING BUREAS and informed them they ASKED ME TO CALL THE BANKS TIME are PASSING BY and i wo n't be ABLE to be QUALIFIED for mortgage based on m y credit Score  The BANKS / CREDITORS and CREDIT BUREAUS they put me on hold and transfer me around i SPEND OV ER 15  HRS A WEEK every Week trying to resolve this
"Alleged debt bought by Second Round Limiter Partnership. Failure to provide validity of debt and proceeded to put said alleged debt on my credit report, which is against the FDCPA. Item must be removed."
Experian is still reporting 2 delinquent accts as active. One was a car loan with XXXX XXXX XXXX that was closed in XXXX and they have been reporting it as not paid for 3 years. Also for the year of XXXX partially paid on time but then other months have no remarks. The car has been out of my possession since XXXX so all the information is inaccurate. This has been reported until XXXX. Again the car has been out of my possession since XXXX. XXXX and XXXX have it totally off my report as it has passed 7 years. They are also showing a power bill from XXXX with XXXX XXXX XXXX as non paid which was paid many years ago and always on time. Neither should be on my report. Again XXXX and XXXX have this information correct. When you try to call them you ca n't get an answer or resolve the problem. I have sent letters and tried to do it online which they say I can not due for some reason. Basically just give you the run around and will do NOTHING to help. This agency is ruining my credit and I would like something done about it. I have read many many many other horrible reviews about Experian and their business practices. Hopefully this reaches someone who can help. Thank you XXXX XXXX
"Dipusted two accounts by Transfinancial on XX/XX/2018. I have no knowledge of these accounts. I disputed the accounts with amounts {$2000.00} & {$61.00} via certified mail. The company sent back ( XX/XX/2018 ) a reply that did not validate, break down the debt, or contain my signature. The FCRA gives the company 30 days to allow me to validate the alleged debt. Transfinancial failed to supply me with rightful information."
"On or about XX/XX/XXXX, XXXX XXXX ( daugter of my associate ) asked if I would co-sign a student loan so she could continue with her education. I told her I would but I wanted to see the loan terms before agreeing. I gave her my personal info. so that she could fill out an application. I never saw the loan application nor the loan terms. I never signed any documents relating to the loan. I never heard anything about the loan again until XX/XX/XXXX. XXXX indicated my credit may be impacted because she was unable to make the loan payment. I never received anything from XXXX XXXX regarding this loan. I asked XXXX to give me the information regarding this loan, the account number, ect. She never provided me the information. I did my own research, and, sure enough, I was listed as the cosigner ons this loan I made the payment as did not want my credit impacted. I asked Sallie Mae to immediately send me the loan doc. They faxed them to me. I had never seen these documents before. I did not place my signature on the loan application nor did I sign these documents. I went to the police, filed a report and then filed a complaint for fraud with Sallie Mae. I requested Sallie Mae to run the IP address as they would find that my computer nor my location where any computer I owned would not be associated with the signing of the loan application or loan. They have refused to take me off as the cosigner. I have made numerous attempts to contact XXXX XXXX. She has blocked my number as well as blocked me from XXXX The amount originally on this loan was {$28000.00}. This loan was done by electronic signature. Interestingly, both signatures ( hers and allegedly mine ) occurred on the same day, same script. The loan was signed on a Sunday. The only computer I have today as well as at the time was a computer located at my office in XXXX XXXX. I have a law firm and do not work on Sundays. The signature on the loan was never placed by me or with my authority. This case is easily resolved by running an IP address, which, it is my belief, Sallie Mae never even bothered to do."
"Navient reported me as 60 days delinquent to the CRAs in XX/XX/XXXX ; however, if you look at my credit report you will see that they reported me as current for XX/XX/XXXX. One can not go from being current in one month to being 60 days past due the following month. Either Navient incorrectly reported me as current in XX/XX/XXXX OR Navient incorrectly reported me as 60 days late in XX/XX/XXXX. It is not possible that the company 's records substantiated both records at the time they were furnished. 

This illogical reporting calls into question the integrity of Navient 's reporting and whether it accurately reflects the terms of liability for the credit account as well as my performance and conduct with respect to the account. 

I question the status of my loan that Navient reported to its Board of Directors in those months where they designated me "" current '' on my credit report but charged me late fees, which I just learned they have done 30 times in the past two years despite me having made payments on time."
"I have mail my driving license, social, bill statement to XXXX, XXXX, Equifax and they still have not correct my address. There should be only one address on my credit report."
"I have been struggling to pay my private student loans, so I contacted my student loan servicer, ACS, to ask them to lower my monthly payments. I was told that I do not have any repayment options available to me, and that there is nothing ACS can do to help me. The ACS representative told me that XXXX XXXX ( the loan owner? ) may work with me regarding repayment once I fell behind. I kept stressing to the ACS representative that I DO NOT want to default on my loans, and that I just need to lower my monthly payments until I can get back on my feet. I was offered nothing. I spoke with another representative a few weeks later, who told me the same thing, that I have no options. I requested my complete payment and service history. Approximately a month later I contacted my state 's Attorney Generals ' ( AG ) office to file a complaint regarding my student loans. The AG 's office contacted ACS, who ( I believe ) referred her to a XXXX XXXX XXXX, XXXX, Loan Servicing Oversight, XXXX (? ). The AG representative requested my original signed promissory notes and complete payment and service history. XXXX XXXX assured her that I would receive those documents, but to date, I have not. I have, however, continued to receive regular monthly student loan bills. I contacted my state Congressman and Senator, but was told they only have jurisdiction over federal agencies, and therefore can not help me in any way. I am not able to continue paying my monthly private student loan bills, and I really some help - fast! Thank you."
"On XX/XX/XXXX I noticed that erroneous data was placed on my account that did not belong to me. I called the creditor ( XXXX XXXX XXXX XXXX XXXX XXXX ). XXXX XXXX admitted that the data was entered in error. He suggested that I talk to the Collection Agency ( XXXX ) ( file # XXXX XXXX and XXXX. XXXX. She indicated that she was not able to remove the erroneous data from my record. I then contacted TransUnion and XXXX and disputed the erroneous data. XXXX sent me a copy of my credit account and indicate that the account is scheduled to continue on record until XX/XX/XXXX. They have not, as of this date, removed the erroneous data. Each individual I talked with I begged that they remove the erroneous data as I am a XXXX student and I have been offered a XXXX position XXXX. However, this erroneous information has the potential to cause my employer to withdraw the offer. I stressed that this information may ruin my career XXXX before I even get started. I know that the credit reporting agencies ( transunion, XXXX, XXXX ) did not check the complete name, date of birth, and social security number before they entered this erroneous data on my record. I have never been treated in an emergency room in the United States in my life. I beg you to advocate and file this complaint on my behalf against all of the aforementioned credit reporting agencies as I am convinced that they do not care that they have entered erroneous data on my record. In addition, I feel that the aforementioned agencies do not care how this erroneous data will affect my life, including future employment. 
I graduate in XX/XX/XXXX and I do n't have money for an attorney, but I will be forced to ask my XXXX surviving parent to hire an attorney if this agency can not help me. You are my last hope to resolve this injustice."
"On  XXXX   XXXX  , 2017, some one cashed a forged check in the amount of {$1500.00}. On  XXXX   XXXX ,  2017    when the check posted on our account, we first contacted Chase and informed them of the fraudulent activity, then immediately filed a police report with  XXXX  Police Department case #  XXXX  with   XXXX    XXXX . Chase informed us it would take up to 30 days to investigate and return the funds. On the  XXXX , we contacted Chase to get an update on the claim and they informed us the claim was denied. They would not refund our money because we were negligent with our checks. That we "" didnt keep our checks in a safe at all times. '' My husband went to the local branch to discuss this matter further and the banker herself said she has never kept her checks in a safe ever."
I have had the SallieMae credit card for one year and I made my payments on time. The card company suddenly closed my account and cleared my reward points without any explanation.
"My mother lost her home to wildfires and shortly there after was diagnosed with XXXX, leaving myself to have to take over her affairs. I discovered that the property was in the process of foreclosure. I brought it out of foreclosure and was making the payments for my mother. In XXXX of 2014 she had to be placed in a XXXX which takes all of her retirement and social security income. I wrote a letter of explanation and requested the loan be written off as uncollectable, but was denied. There is no home, but the mortgage company is foreclosing on the land which was deeded over to me while my mother could still sign documents for herself. 
What can I do to resolve this matter and get the land released?"
After reviewing my credit report from all XXXX credit bureaus there is an item that is inaccurate i was a victom of identity theft back in XXXX. it claims i had got an apt or home under my name. which is not true nor have i ever heard of them. a balance of {$5500.00} has been reported from collector. i have attached all of my DL for where i have lived going all the way back to XXXX
"I have received 16 calls in 3 weeks attempting to collect a debt for someone who does not live at my home. I have told the caller to stop calling but they continue. The calls come from XXXX XXXX, XXXX XXXX, and XXXX XXXX. They are very rude. I can not help them but they persist."
"Reported medical bills on all XXXX credit bureaus XXXX XXXX XXXX, and XXXX saying I owe them but I did not sign anything stating I owe them for the bills and the hospital where services rendered wrote the bills off."
"I asked American Educational Services and US Department of Education for a sworn affidavit testifying to the validity of the purported "" loan ''. The verification of an account requires "" Confirmation of correctness, truth or authenticity by affidavit, oath or deposition. Affidavit of truth of matters stated and object of verification is to assure good faith in averments or statements of party. '' ( XXXX XXXX XXXX, XXXX XXXX ). Both AES and US Dept of Education have failed to provide the affidavit to verify the alleged debt."
Chase Bank XXXX XX/XX/8 unknown inquiring on credit report.
After reviewing my credit report dated  X/XX/2017    and   XXXX     I noticed that  Capital One w as reporting information incorrectly. On   XXXX   XXXX    Capital o  ne  reported that my pass due amount was {$160.00} as of   XXXX   XXXX     and on   XXXX   XXXX   they reported as passed due {$190.00} as of   XXXX   XXXX    . This is less than  XXXX  hours. They also stated on both reports that there was no recent payment which was incorrect. This shows th at Cap  ital One ha s falsely reported information to the bureaus concerning my account. Since this is falsely reported I request that this account be removed from all credit reporting agency in violation of the FCRA by misrepresenting the amount owed or due. This also violates SC Law section  37-20-110. I have attached copies of recent payments made to Capital One and the reports that were received.
I have a case pending # XXXX that seems to be going nowhere. It appears that Chase can do whatever they will to me with no help from my government agency. I have been complaining since XX/XX/XXXX about the predatory rate and the fact that the loan was made to me by an unlicensed lender and sold to Chase. They have had BPO 's done that inflate my property value so I can not qualify for the HAMP or HARP programs to save my home.I have given them evidence of major repairs so they can work with me but they ignore any info I send to them. I work with homeowners everyday as a real estate broker and I know I can qualify for these programs and I know my market area. The investor XXXX XXXX XXXX will not allow me to take advantage if any these beneficial programs. It appears CFPB is more interested in protecting Chase instead of me.I am attaching the most recent comps in sales in my neighborhood for your review. My home in its present condition will sell for about {$200000.00}. The most recent BPO has it at {$320000.00}. The one before that was {$450000.00}. They have no evidence of any sale in my neighborhood for no where near that price. I am having a home inspection done today and I will forward it to you. I have disputed the decision for them to deny me a fair principal balance reduction and rate reduction. They claim to be reviewing and will let me know by XXXX/XXXX/15. I do not believe they have any intentions of doing anything different than asking for current up to date payments and or deed in lieu or shortsale. This is the way they handled the last request. It would be nice if I can see something you all are doing for me except sending me reply after reply saying absolutely nothing. Thanks in advance for your assistance.
All 3 credit reporting are showing an involuntary repossession of a XXXX XXXX on my credit reports. What they do n't show is why. I had serious XXXX issues and could no longer drive or work to make the payments on the car.I lost the ability to XXXX. Had to go to a XXXX XXXX for almost two years and through XXXX XXXX for 14 months before i lost two XXXX in my XXXX XXXX. They just XXXX. I now have XXXX and XXXX and XXXX and XXXX holding me together. This can all be verified. I had to have XXXX XXXX in XXXX 2015 of which I am still recuperating. I would like to have this information added to my credit reports so future creditors would know the whole story
Bull City Financial Solutions ( a third party collection agency ) has obtained information that may be mine through XXXX without my consent or knowledge and it is negatively affecting my credit.
"My Wife and I filed chapter XXXX bankruptcy on XX/XX/XXXX. 
We included our property XXXX XXXX XXXX XXXX XXXX XXXX XXXX Nv XXXX in the chapter XXXX. 
The bankruptcy discharged on XX/XX/XXXX Approximately XX/XX/XXXX I finalized surrendering the property to XXXX XXXX XXXX, because they wouldn't take it out of my name. 
I requested my credit reports on XX/XX/XXXX. I found that XXXX XXXX  XXXX and XXXX XXXX XXXX were both reporting adverse and derogatory late payments to all 3 of my Credit reporting agencies. 2 Died in Lieu 's for the same loan. 
I disputed the both to lines of negative lines to all 3 Credit Agencies on XX/XX/XXXX & XX/XX/XXXX via phone, electronic & written mail with supporting document. 
They will not remove either line off my credit report. 
I can send the full bankruptcy filing upon request ( 72 pgs ). Pertinent docs include on attachment 1."
"GC Services - Partnership from XXXX, Texas XXXX has been calling my family members and friends in an attempt to collect a debt. They call daily and leave a message asking to have XXXX ( me ) call them back. They told a family member that they have the number listed as an alternate number ( I have NEVER listed my family as alternate contacts ). They have called a minimum of XXXX different family members about this and wo n't stop."
"I applied for and received a Wells Fargo credit card earlier this year. The credit card and statements have been coming to my correct address. 

Today I wanted to cash in the XXXX bonus and about 21.00 in cash back so I called the number on the back of the card. I was hung up on 4 times at various times after being on hold, while speaking with a rep. I finally got somebody who didn't hang up, and the rep confirmed my identity by asking several questions including my address. 

The rep transferred me to the rewards department. The rep in the rewards department asked me questions to verify my identity, including my address. But, she said she had a different out-of-state address, so she transferred me to 'banking ' which again had me on hold for a while before a rep answered. 

The banking rep also asked me for my address, and she had my correct address. She said she didn't know why the rewards dept had another address, but assured me that she had fixed the problem, and transferred me back to rewards again- so I was on hold for a while yet again. 

The new rewards rep asked me to confirm my address - but he still had the same wrong address."
"Though I filed a Chapter XXXX in 2011, I 've paid my bills on time, I only have XXXX credit card with a XXXX XXXX dollar limit. though my monthly bills total, {$1400.00}, including mortgage and car payment, XXXX loan ( $ XXXX ) and XXXX credit card ( $ XXXX ) all with good standing and on time payment history These are the only open accounts on my report and my monthly income is $ XXXX .Despite these facts, my score remains in the fair to poor range and I 'm continually declined due to credit reports and scores. I saw XXXX disputed bill on my report that was n't mine and it was forgiven when I filed chapter XXXX, and as I stated, it was n't mine in the beginning."
Equifax has failed to properly investigate the following issues on my credit report in accordance with the FCRA. Their claim to have investigated the issues is false since the creditors have attempted no contact with me resulting from said investigations. Please see items below ACCOUNTS XXXX XXXX not mine INQUIRIES XXXX XXXX XX/XX/XXXX unauthorized XXXX XXXX XX/XX/XXXX unauthorized XXXX XX/XX/XXXX unauthorized
"This complaint is for Carrington Mortgage Services. I recently refinanced my loan with them and provided all proper documentation including my home insurance. They did not make proper updates to their records and began sending me letters requesting insurance. After I called more than a half dozen times to correct this, they still increased my mortgage payment to reflect an escrow shortage, even though they escrowed home insurance payments that are already covered by the condo association and owe ME money! I asked for this issue to be escalated for a quick resolution but they continue to send bills reflecting the higher payment. This is the second time this has happened with this mortgage and the last time it took 2 years to get a refund back! Where is MY interest payments on those two years?"
"I had an account in collection in XX/XX/XXXX. It was for a little over {$300.00}. I paid it off in XX/XX/XXXX. On my credit report it shows as paid in full, but I want it completely taken off my report. I called NCC Business Services but they refuse to take it off. What can I do?"
"American Express is in violation of 15 U.S.C 1693 ( f ) as well as FDIC 6000 - Consumer Protection ; TITLE VI - ELECTRONIC FUND TRANSFER 908 Error Resolution based on the facts of American Express 's failure to ; conduct a good faith investigation of alleged error and mail the results of said investigation within ten business days of XX/XX/XXXX, American Express did not provide a provisional recredit of my account in lieu of those requirements within ten business days of XX/XX/XXXX, American Express failed to mail any explanation of findings within 3 business days of the good faith investigation that should 've taken place within the first 10 business days of XX/XX/XXXX ( this did not take place ), American Express failed to mail any of the documents that were used to conclude that an error did not occur on my account, American Express concluded that my account was not in error when no such conclusion could not reasonably been drawn from the evidence available to your company at the time of its investigation, American Express failed to provide the verified, certified and complete transaction history that was requested, American Express did not have a reasonable basis for believing that my account was not in error. These are all direct violations of 15 U.S.C 1693 ( f ) as well as FDIC 6000 - Consumer Protection ; TITLE VI - ELECTRONIC FUND TRANSFER 908 Error Resolution. How this all took place is I submitted two payments to them in the amount of {$3200.00} one on XX/XX/XXXX and XX/XX/XXXX, American Express stated they did n't receive the funds. I requested an audit of transaction history and investigation as to where my funds went. They have failed to even attempt to reach me or comply with the stated statute. I stated in the request for the investigation and audit that failure to comply treble damages would apply. When they failed to make any good faith efforts in complying with the statute I sent a demand letter requesting the damages in the amount of {$19000.00} in which they still have failed to even reach out or try to settle this matter."
"Barclays XXXX  Mastercard Dear Sir or Madam : I am writing to dispute a billing error in the amount of {$150.00} on my account. The amount is inaccurate because I have not shopped or ordered anything from the following merchants. I recently received my current card ( just weeks old ) as a result of fraudulent activity. On XX/XX/2018, I noticed new fraudulent. I am more concerned with lack of protection and risk I have been subjected. 

Transaction Date Description Category Amount XX/XX/2018 XXXX *XXXX DEBIT XXXX XX/XX/2018 XXXX *XXXX DEBIT XXXX XX/XX/2018 XXXX XXXX XXXX XXXX DEBIT XXXX I am requesting that the errors are corrected, that any finance and other charges related to the disputed amount be credited as well, and that I receive an accurate statement. I would also like the evidence and source of charges I've identified as fraudulent and also a statement of all transactions that were denied. 

Sincerely, XXXX XXXX XXXX"
"What happened : In XX/XX/XXXX my Boscov 's account had fraudulent activity that I reported to Cap One and was assured would be taken off my account. It has not been resolved after almost a year of phone calls and sending them documentation. They are now negatively impacting my credit bureau and refuse to remove the fraud charges from the account. 

My last known activity on the card was in XX/XX/XXXX or XX/XX/XXXX as I was preparing to move XXXX for a new job on a 3 year contract. At the time of the transaction at the store, as reminder by my mother who was with me, I told the cashier I was preparing to leave the country. 

I paid the balance in full and thought that I had closed the account, but later was told it was never closed out. After being in the XXXX for a few months, a colleague brought my mail from XXXX to me, where I found several notices from Cap One claiming I had a past due balance. 
I contacted them immediately to advise them that I had paid the balance off and thought I had closed it. They informed me of the fraudulent activity and I requested it be disputed and investigated because I was n't even in the country. I also requested that all correspondence regarding the issue be by email, since I was in the XXXX. They agreed and said they would take care of it and let me know if they needed anything. 
I heard nothing, but again a few months later when my mail came over from the XXXX. I found that they had closed out the dispute and placed the items back on the account and again were reporting me as past due. I had heard nothing from them via email as promised. 
They included copies of a receipt claiming it was my signature. Which of course it is not, since I was n't there and it is clear that whoever signed it started writing another name before forging mine. It is not mine. I reported this again to Cap One and again offered to send anything they wanted to show I live and work in the XXXX. I asked them to pull video from teh store because I think it was the cashier that I had told I was leaving the country, who XXXX have done this. 
They requested that I file a police report. I explained my situation but they insisted. I attempted to file a report on line, but was told I could not do that. I tried speaking to the local and State police who told me I had to be in person to process a police report. 
I contacted Cap One again and explained, they said they would take my contract as proof that I was out of the country, if I would mail or fax it to them this would all be resolved. Which of course is not easy XXXX but I had it done XXXX first by mail, then when they claimed not to have received itXXXX. I have the receipt showing the confirmation and the correct fax number. 
I did n't hear anything and contacted them and they claimed they have n't received my fax and closed the case. Again the balance is months overdue and negatively impacting my FICO all this time. 
I am just completely fed up with trying to work with them. Please help me get this resolved. I am not confident that if I send the doc again that they will actually follow through with getting this matter resolved. What happened to Fraud Protection? They get lots of customers claiming they have this, but when someone perpetrates a fraud against you, they will not work with you. To help them locate me, my DOB is XX/XX/XXXX. There is an existing case and the amount of the activity was around {$300.00} but I beleive they have it up to closer to {$700.00} with fees. I am happy to provide more details if needed. this is either the account numberr or case number XXXX, I also found a note from them indicating the last four of the account is XXXX, so maybe they have shut down the old number."
"You have received all of the theft reports but you continue to fail to follow the law and permanently block my information. For some apparent reason, there have been new accounts added to my report. The Fraudulent account on my report is coming from XXXX XXXX XXXX. These accounts do not belong to me but yet they have been added it to my account. I am to the point where I need to contact an attorney because you all continue to allow these fraudulent transactions to keep occurring against me. My life has been a nightmare since someone stole my identity. I just want to go back to living peacefully and not continue to have this haunt me. a ) Block. Except as  otherwise provided in this section, a consumer reporting agency shall block the reporting of any information in the file of a consumer that the consumer identifies as information that resulted from an alleged identity theft, not later than 4 business days after the date of receipt by such agency of ( 1 ) appropriate proof of the identity of the consumer ; ( 2 ) a copy of an identity theft report ; ( 3 ) the identification of such information by the consumer ; and ( 4 ) a statement by the consumer that the information is not information relating to any transaction by the consumer. ( b ) Notification. A consumer reporting agency shall promptly notify the furnisher of information identified by the consumer under subsection ( a ) of this section ( 1 ) that the information may be a result of identity theft ; ( 2 ) that an identity theft report has been filed ; ( 3 ) that a block has been requested under this section ; and ( 4 ) of the effective dates of the block. ( c ) Authority to decline or rescind. ( 1 ) In general. A consumer reporting agency may decline to block, or may rescind any block, of information relating to a consumer under this section, if the consumer reporting agency reasonably determines that ( A ) the information was blocked in error or a block was requested by the consumer in error ; ( B ) the information was blocked, or a block was requested by the consumer, on the basis of a material misrepresentation of fact by the consumer relevant to the request to block ; or ( C ) the consumer obtained possession of goods, services, or money as a result of the blocked transaction or transactions. ( 2 ) Notification to consumer. If a block of information is declined or rescinded under this subsection, the affected consumer shall be notified promptly, in the same manner as consumers are notified of the reinsertion of information under section 1681i ( a ) ( 5 ) ( B ) of this title. ( 3 ) Significance of block. For purposes of this subsection, if a consumer reporting agency rescinds a block, the presence of information in the file of a consumer prior to the blocking of such information is not evidence of whether the consumer knew or should have known that the consumer obtained possession of any goods, services, or money as a result of the block. ( d ) Exception for resellers. ( 1 ) No reseller file. This section shall not apply to a consumer reporting agency, if the consumer reporting agency ( A ) is a reseller ; ( B ) is not, at the time of the request of the consumer under subsection ( a ) of this section, otherwise furnishing or reselling a consumer report concerning the information identified by the consumer ; and ( C ) informs the consumer, by any means, that the consumer may report the identity theft to the Bureau to obtain consumer information regarding identity theft. ( 2 ) Reseller with file. The sole obligation of the consumer reporting agency under this section, with regard to any request of a consumer under this section, shall be to block the consumer report maintained by the consumer reporting agency from any subsequent use, if ( A ) the consumer, in accordance with the provisions of subsection ( a ) of this section, identifies, to a consumer reporting agency, information in the file of the consumer that resulted from identity theft ; and ( B ) the consumer reporting agency is a reseller of the identified information. ( 3 ) Notice. In carrying out its obligation under paragraph ( 2 ), the reseller shall promptly provide a notice to the consumer of the decision to block the file. Such notice shall contain the name, address, and telephone number of each consumer reporting agency from which the consumer information was obtained for resale. ( e ) Exception for verification companies. The provisions of this section do not apply to a check services company, acting as such, which issues authorizations for the purpose of approving or processing negotiable instruments, electronic fund transfers, or similar methods of payments, except that, beginning 4 business days after receipt of information described in paragraphs ( 1 ) through ( 3 ) of subsection ( a ) of this section, a check services company shall not report to a national consumer reporting agency described in section 1681a ( p ) of this title, any information identified in the subject identity theft report as resulting from identity theft. ( f ) Access to blocked information by law enforcement agencies. No provision of this section shall be construed as requiring a consumer reporting agency to prevent a Federal, State, or local law enforcement agency from accessing blocked information in a consumer file to which the agency could otherwise obtain access under this subchapter."
"XXXX XXXX XXXX continues to call dispite being informed to cease all forms of communication ( oral and written ),  a violation of the FDCPA. This company calls from the numbers of XXXX and XXXX. 

All of my debts are long past the statute of limitations. I retain and can supply a copy of my XXXX Credit Report which proves that all debts are 10 years old or older. Thus, there is an absolute bar for any form of litigation. 

In accordance with the FDCPA, a debt collector MUST stop all forms of communication once they are informed to do so in writing. My past written letters to MCM have been ignored. Thus, I am using this complaint as a formal written cease and desist informing MCM to cease all forms of communications concerning any and all past debts."
"I have sent XXXX XXXX several letters and certified letter.I also have disputing with the credit bureaus and have complaints with cfpb concerning the false, inaccurate, re-aging account. I have ask several time to investigate. Also asking for documentation they provided when the credit bureaus contacted them about my dispute. I still have n't received anything and it still reporting negatively on my credit report. 
XXXX XXXX states in one of the letters that i have a lease entered with them on XXXX/XXXX/XXXX if so where is this lease?? Also i notice on this letter you stated i owe {$5500.00} on the repo date ( XXXX/XXXX/XXXX ). According to the credit reports i was never late or miss a payment from the date i sign the lease XXXX XXXX/XXXX/XXXX XXXX UNTIL first late payment ( XXXX ). So .... from XXXX XXXX XXXX to repo date ( XXXX/XXXX/XXXX ) i did n't make a payment ( 8 months ). If my monthly payments ( {$430.00} XXXX x 8 months = {$3500.00} and i know sum interest and maybe small fees but how did you come to {$5500.00} XXXX amount owe on repo date ). 
XXXX XXXX is reported false, inaccurate info and as a result of these blatantly reckless, wanton, and intentional infliction acts, I have suffered and continue to .suffer general and specific damages."
"I have been paying an interest rate of 22.99 APR for purchases which should be charged at 14.99 APR.  Spoke to XXXX at Ohio Customer service her Supervisor XXXX and then to XXXX of Discover Support Team of which none would understand since there records does not show any cash advance since it only go back seven years. The interest rate of 14.99 is being charge to a balance of XXXX which amounts to a charge of XXXX cents. The Cash Advance subject to the 22.99 APR is XXXX interest charge of XXXX monthly. 
I have never requested a cash advance of XXXX my last statement shows I have a cash advance limit of XXXX of which XXXX is still available it seems like discover is charging interest rates and adding them to cash advance to be charge a even hire rate. they seem to single out elderly, women, and minorities. I need your help urgently. statement balance is from XX/XX/XXXX and I spoke to above mentioned Discover Reps on XX/XX/XXXX"
"four years ago I went into XXXX XXXX and purchased two vehicles and leased one vehicle ( total three in one day ). 

The lease ended XXXX, 2018. I was allowed 15,000 miles per year. 

Last XXXX I went into a dealership and purchased two new vehicles. I then paid the entire balance of the five remaining months lease. 

I've now received a bill for {$430.00}. 

I called Hyundai and explained I had turned the vehicle in when I purchased two new vehicles. I also told them I had only utilized approximately half of my allotted mileage allowance over the four year period. There was no damage ect. to the vehicle. 

I've now received a this bill stating I paid it off early. I explained I turned it in early BUT PAID IT IN FULL THROUGH THE END OF THE LEASE TERM. I also again stated I only used approximately half of the allowed mileage. They continually refuse to delete this "" balance due ''. 

I called Hyundai and reached XXXX XXXX, who is a CSR. He said it was dead wrong that they were trying to charge me this money. He said he was submitting a complaint on my behalf and bc he was doing that the complaint would have to go to Corporate Hyundai to be reviewed. 

So they're basically saying bc I stopped driving the lease 5 months early, BUT PAID IT IN FULL FOR THE COMPLETE LEASE TERM. I'm going to have to pay them. This sounds ridiculous! 

You can reach me at XXXX XXXX XXXX if you have any further questions."
"The Receivable Performance Management, collection agency has reported negative in my credit report original creditor is XXXX. I am still XXXX customer, did not know about this balance. When I received call from collection agency then I try to reach them many times to resolve the problem, talked to XXXX also that why they did not contact me. That was not fair, they apologize on phone. I wanted to pay if I owed, I asked Receivables Performance to send me information about debt. They sent me an email on XXXX/XXXX/XXXX, its attached, they gave me time until XXXX/XXXX/XXXX. I called back and Paid {$300.00} XXXX XXXX XXXX statement is attached ) they took money from my account on XXXX/XXXX/XXXX. The other payment was scheduled on XXXX/XXXX/XXXX for {$290.00} as we agreed to settle that case. On Monady XXXX/XXXX/XXXX I checked my credit report at credit check total website, my credit score was XXXX points lower. Negative report was on my file. XXXX XXXX was Paid on XXXX/XXXX/XXXX and they reported to credit bureau after getting payment and after resolution, they have ruined my credit history. I called Performance and requested them to help me and to call credit Bureau so they can remove, as there was no reason to report. I mentioned them that I need to buy XXXX van for my son is on XXXX, he is student at XXXX university XXXX, he is also accepted at XXXX for internship in summer and need transportation to go to school and for internship. I also Paid them remaining {$290.00} today on XXXX/XXXX/XXXX to complete the payment by my debt card from XXXX ( shows in attachment ). Receivable Performance do n't want to talk to me, do n't want to listen me, I have declined a loan today that I was trying to buy van for my son. They did inhuman act with me and my family, its not only credit score but this means much more to me, my son and my family in this situation. If this will show paid still there will be negative remarks in my report. I request you and beg yo to remove this remarks from my report, I have done nothing wrong, there is no any other non-payment remarks or no any collection on my creit file. Again I request XXXX please read the documents and make decision and ask Performance why they are playing game with us, they got payment and then repoted. 
I called them 10 times, only 2 times XXXX lady spoke to me, she do n't feel the situation I am facing and the loss she did to me by reporting unfair negative report. 
I do n't curse anybody, my son is XXXX XXXX XXXX, and he is blessing of XXXX for me, without XXXX van I been trying my best, still I pick him up and help him to go to college and any place he wants. XXXX van would help us and him he got driving license, he can drive himself to be independent. But I am really sad today, after checking credit report XXXX company declined a loan today in the morning they were agree to give me a loan, I have their email they sent to me that they can not approve. I wish the lady at Receivable Performance Management refused to remove this unfair reporting May face the same situation when she will have some in her family XXXX and then she can feel the pain, she or any other did to me. In last humble request to remove wrong reporting from credit Bureau, if I do n't get your positive response, I will go ahead and get legal help to non-stop continue for justice, you do n't have right harm and descriminate any XXXX you want. 
I received only XXXX call from this company in XXXX, I was told the debt that I did not knew, I am still XXXX customer and they did not inform me. Email they told me sent to me was not my email. They never called me, I been calling them to take care of mistaken transaction. Phone record is attcahedrequested them to email me that I received on XXXX XXXX, XXXX and made payment on XXXX XXXX tThey have mentioned due date XXXX/XXXX/XXXX. Why you Ruined my credit report"
We were contacted by Chase that they suspected credit card fraud on our card for {$5.00}. We verified the other purchases by could n't verify that one that they stated originated from XXXX. Our credit card was immediately stopped and they mailed a new credit card to us.
"I recently requested a refund of my credit balance and I was told that a check will be mailed to me. I had previously used XXXX 's bill pay services and used linked banks to pay the balance. I received a letter today, XX/XX/2018, saying my credit balance of {$2300.00} was sent to "" the financial institution where the most recent payments were withdrawn. '' I call to find out where the money went and I was told most likely XXXX bill pay services since that is where the most recent payments were made. 

I went to check with XXXX. They have never received such refund and I also checked all the linked bank accounts, none has received the refund. 

I request further investigation and documentation on where my refund has been sent and received so I can track it down."
"Went onto the biller 's website last Friday and paid loans off in full. Biller, AES has my bank information saved in their system as they withdrawal my payment monthly. I clicked to use my bank account that was saved. A week later I was notified by AES that the bank rejected request and I would have to start again. I contacted the bank and after hours of investigating it was determined that AES had created an error when entering the ACH. When I contacted AES they accepted no responsibility, gave no options for payment, told me my account is in limbo for awhile and that they could not accept payment and when the system gets resolved I would be charged additional interest. I am left with no resolution and no method to pay this off today once and for all. I believe this is an unscrupulous business practice. No assistance provided whatsoever."
"Dear CFPB, I'm writing for you for URGENT assistance to correct some information on my credit file which is hindering me from gaining employment, getting financed for housing, and life necessities. 
PLEASE VERIFY THEY HAVE MY CORRECT CONTACT/ADDRESS INFORMATION. 

Equifax is reporting negative information from XXXX XXXX XXXX, and XXXX XXXX which is incorrect. These items do not belong to me. They're illegally attempting to collect money from me. 

This information is negatively affecting my credit score, and I would like it removed ASAP. 

Please assist me in getting these items removed from my report so I can no longer be prohibited by the negative information which is impacting my livelihood."
AD Astra Recovery Services sent me a copy of an agreement of a debt they are trying to collect but did not verify it is mine. I have already tried to have them remove the bad debt off of my reports but they wo n't budge and are not verifying the debt is mine.
"I called the Fed Loan Services to find out about Forbearance with parent plus loans. I was told to send in {$600.00} in order for someone to help me. 
This was after I gave all my personal information and received a run around from XXXX from XXXX different people there."
I HAD A COUPLE OVERDRAFT FEES CHARGED TO MY ACCT THEY DID A REVERSAL DO TO A COMPANY ERROR AND I DEPOSITED THE MONEY FOR PENDING TRANSACTIONS AND NOW I GOT ANOTHER  XXXX  OVERDRAFT FEES FOR THOSE SAME TRANSACTIONS.. THEY WILL NOT REVERSE THEM. SO I GOT CHARGED  XXXX  FOR A  XXXX  DOLLAR  XXXX  'S   XXXX   AND A  XXXX  DOLLAR LIFE INSURANCE PAYMENT.
"My issue was well explained in my complaint report along with supporting documents attached that was first addressed to the Federal Trade Commission and later was referred to your office on XX/XX/XXXX which now have an assigned Case Ref. No. XXXX ( XXXX XXXX XXXX ). 
The result ( s ) of that investigation did not seem to fix the problem as relayed by a cfpb representative thru telephone on XX/XX/XXXX because of a reply stating thereon that the derogatory report on my credit record will remain until after 7 years. A hard copy of that result will be mailed for my reference and record but unfortunately, that copy hasn't been received to this date for my official response. 
In this connection, I would like to request the Consumer Financial Protection Bureau to please go over with the attachments, specifically on the matter about payments made for on my behalf by XXXX ( XXXX XXXX XXXX XXXX XXXX ), a Debt Consolidation company that showed XXXX XXXX XXXX or XXXX/XXXX  had been receiving regular payments without let up since from XX/XX/XXXX till XX/XX/XXXX, and therefore, Charge-Off report by the said creditor is off the question. 
A Charge-Off account means a declaration by a creditor ( usually a credit card account ) that an amount of debt is unlikely to be collected. This occurs when a consumer becomes severely delinquent on a debt. Traditionally, creditors will make this declaration at the point of 6 months without payment. Based on this statement, does it apply to my case? 
In this regard, XXXX XXXX XXXX/XXXX/XXXX has committed unfair, deceptive, or abusive acts or practices that have greatly impacted my credibility."
I have been trying to unfreeze my account with Equifax since mid XX/XX/XXXX. It is now XX/XX/XXXX and after 10 phones calls my account is still frozen. I called today and was redirected to call 6 different phone numbers to cancel my account. After 4 hours of calls and waiting to speak to a representative they have told me my account is closed. I have my doubts since for a month they told me my freeze had been lifted. Most frustrating and unorganized company I have ever had to deal with. They have had my finances frozen for over a month and this has been an extreme hardship. They are uncooperative and continue to give the runaround. They do not resolve any issues and give different excuses as to why things were n't completed with each call. Hate them.
"After making a sizable payment ( {$12000.00}. ) in XX/XX/XXXX, my next statement noted that the next payment was n't due until XX/XX/XXXX. Even so, I have continued to make payments. I am trying to find out why the payment due date for moved so far in advance, what my balance was after the XX/XX/XXXX payment, and if they were still adding interest even if the payment was n't due for another 4 years. I would also like to know why I was n't given any choices or explanation for the changes after the XX/XX/XXXX payment."
"I contacted Health Care Financial Services in XXXX regarding an account that did not belong to me. I was told if I paid {$500.00} they would remove the account from my Equifax. I felt like i was being bullied by the agent so she could collect salary and the agency so could make money. The representative was very rude and aggressive. 
I have never received any services at the XXXX Medical Center in XXXX, Mississippi. The hospital has no record of any treatment under my name or social security number. I spoke with XXXX XXXX XXXX and she suggested that I filed a complaint against the agency and file a dispute. The alleged patient had a date of birth of 1966 and i was not even born in 1966. 
I feel that is unfair for these agents to wrongfully collect monies against innocent people who do not know their rights. 
The address was not my address either. 
After I did not pay this ladies salary when she gave me a deadline later they started reporting negative information that affected my credit score. My score dropped by XXXX points on XXXX occasions due to these bully 's. Later they added it to another reporting agency. 
As i started to fight them back I noticed that they started passing my information on to other collection agencies to report negative items as well. 
Consumers should not be bullied or spoken to in very aggressive and nasty ways by such agency representatives."
"I have a loan with DEPTEDNELNET. I have always made my payments on time. For some reason I realized that there was a late payment on my credit report. As you can see, I have always had a stellar payment record with this company. I tried contacting both XXXX and DEPTEDNELNET with no successful resolution. XXXX is the only one reporting me late. There was definitely an error on their part. I was never 30 days late XX/XX/XXXX-XX/XX/XXXX / XX/XX/XXXX-XX/XX/XXXX."
"I called Wells Fargo to see if I could get a loan modification to reduce my monthly student loan payment. They told me that I would not qualify for a modification because my co-signer and I together make too much money. They told me my only other option is to go do forbearance. I do not want forbearance, I would like a more affordable monthly payment."
"I DO NOT KNOW?, I live in XXXX, and after signing up on XXXX, XXXX 8 months later these XXXX ( XXXX ) remarks shows up on my credit history. 
I written to XXXX companies over two ( 2 ) weeks ago and no response, using your cfpb letters. 
I want these wrongful remarks off my credit history."
"I sold XXXX on coinbase.com and the bank transfer ( XXXX ) is still pending, it was on the XXXX of XXXX. 

Multiple people have the same problem, they just email you some generic response and nothing. It 's about XXXX XXXX, which I need to finance my house. 
Please help me."
"My husband and I took out a federal funded consolidated student loan to put our son through college. Our initial loan in XX/XX/XXXX was for {$120000.00}, now on XX/XX/XXXX is {$130000.00}. Also, in total we had a XXXX loan, XXXX loan and XXXX loan. We paid off the XXXX and XXXX loans totaling approximately XXXX. I would like to know how the loan increases and not decreases. We do n't mind paying off the loan for a college education, but paying {$170000.00} in interest is ridiculous. I have written to XXXX XXXX ( Navient ), Senator XXXX XXXX, XXXX XXXX XXXX Department of Education, Senator XXXX XXXX, XXXX XXXX, XXXX XXXX, President Barack Obama and the XXXX with no help, just automated letters received. I went to XXXX to see it I could apply for a loan and an interest adjustment and they told me that because my husband did not have a college education, they could not give me a loan. We are middle class and struggle every month of make the payment of {$1000.00} for this student loan. My son also has his own loan with XXXX XXXX for XXXX. He lives on his own out of state and struggles to pay something every month, and is always being harassed by them."
"I made complaints with PNC Bank about my XXXX account that transactions on my account were not being processed at the point of sale and I was not able to manage my finances properly. I received explanations over the phone that were not the same explanations each time I spoke to a different person. I attempted to close the account this month when XXXX transactions were adjusted in my account, which are evidence of my complaints throughout the past 6 months and I also complained PNC was retaliating against me for bringing up my PNC related issues."
inquiries were removed and added back without proper notification and it 's against FCRA.
"1. I was 'served ' a Summons and Complaint with the statement "" You are being sued. "" ; however, there is not lawsuit filed against me. The person delivering the document said, "" You are being served. "" ; however, in reality I was not being served actual legal documents. I was handed a document that looks like a court document. Their document should have stated they were intending on suing me, especially if I do n't answer their 'summons and complaint. ' Instead they made it look like a court document to use it as a means to intimidate and scare me. There is no court file no listed on the forms nor is it listed as an active case against me on the website for MN Trial Court Public Access XXXX ( Fair debt collection practices act, 807, 2A, and 812 ). 

2. When I was 'served ', the documents with my personal information were not enclosed in an envelope and this a violation of my privacy rights according to FDCPA. 

3. The company that is threatening me is located in Wisconsin and I am requesting from the company that they are in fact licensed to collect debt in Minnesota."
"On my note with Caliber Funding LLC. Under section XXXX. BORROWER 'S FAILURE TO PAY AS REQUIRED section ( A ) of my note it specifies "" If the Note Holder has not received the full amount of any monthly payment by the end of XXXX calendar days after the date it is due, I will pay a late charge to the Note Holder. The amount of the charge will be 4.00 % of my overdue payment of principal and interest. I will pay this late charge promptly but only once on each late payment '' On the statements Caliber Funding LLC. sends out it specifies "" If payment is received after XXXX/XXXX/15, a {$28.00} late fee will be charged. '' I made a payment on XXXX/XXXX/15 and received confirmation of said payment in an email sent by Caliber Funding LLC. on the same day XXXX/XXXX/15 that specifically stated "" XXXX Time Payment Received ''. Despite what my Note says and the statement says Caliber Funding LLC. still charged me a late fee for the month of XXXX 2015. I have noticed that they also charged me late fees for the same scenarios in previous months. I called Caliber Funding LLC on XXXX/XXXX/2015 to explain my issue on and the customer service representative did not understand the issue and referred me to the Note. She explained that Caliber Funding LLC charges late fees based on the payment draft date and i then explained to her that payment draft date is not mentioned in the statement letter sent out only payment received date.She then told me I would receive a phone call within XXXX hours from a senior representative. I did not received a call back until XXXX/XXXX/2015 the customer service agent explain to me he reversed my late charges but i explained to him that this affects all customers and is an unfair and deceptive practice. I also explained that no where in the statements I receive or the Note I signed does it say anything about payment draft date, it only mentions payment received date.He said he would take it under advisement. From talking to the XXXX representatives I do n't think they understood that Caliber Funding LLC. is breaking their own Note terms."
"I had a loan with AES and recently refinanced my student loan with another provider. My new lender sent AES money to pay off my loan with them, however the amount AES received was more than the amount required to pay off my loan. My new lender says they sent AES a check for {$12000.00}, but AES only applied {$12000.00} to my loan to pay it off. The {$160.00} difference between those amounts has disappeared and I 've sent many emails to AES but received no response from them at all other than confirmation emails that show they have received my complaint. I believe that AES was overpaid by my new lender and they are refusing to acknowledge me and return the extra money they received."
"In XXXX of 2018, I made a settlement offer with XXXX for three payments of {$2600.00} each. This should have satisfied my account in full, even though it was settled. Accordingly, I need XXXX XXXX to finalize my credit report to show XXXX balance, settled."
"On  XXXX / XXXX /   17  I sent Equifa x Credit Information services,    XXXX    XXXX  and   XXXX    a letter regarding the bankruptcy being reported on my credit report, this letter informed them of inaccurate reporting and challenged the validity of the report. On  XXXX / XXXX / 17  I received a response that  XXXX   XXXX  had provided verification this information was correct. Prior to me sending a letter to Equifax,  XXXX  and  XXXX , I froze my account with  XXXX   XXXX  and have a letter verifying this was done, so there would not have been a way for Equifax,   XXXX   or  XXXX  to 'verify ' this information. Due to seeking out information and reporting public record as they are not supposed to do, my resolution is to have the bankruptcy removed from my Equifax,  XXXX  and  XXXX  credit file permanently."
"Invoice # XXXX from XXXX XXXX XXXX, Fl XXXX Date of service XX/XX/XXXX All XXXX bureaus are reporting this account as open. 
This account was paid off XX/XX/XXXX by credit card ending XXXX The address this statement was sent to was XXXX XXXX XXXX, Fl XXXX I have since moved, my new address is XXXX XXXX XXXX, FL XXXX Please help me with this so my correct information will be posted to my credit report. Each bureau states this account is being disputed. But none of them are showing the account as being paid. 
Thank You XXXX"
"Would not identify themselves with phone call at first. Threatened to sue me for illegal activities associated with taking out the loan because my bank account was closed, etc. I filed for ch XXXX bankruptcy and it has been discharged in XX/XX/XXXX. This debt is from XX/XX/XXXX I think & is included in ch XXXX. I phoned my attorney & asked them to send information to this collector to stop the harassment. They are calling me everyday."
"This company for which I paid off XX/XX/XXXX is reporting as of XX/XX/XXXX that I owe the amount of XXXX. They should not still be reporting this since this account was paid and the amount should be XXXX. 

STANISCCONTR COLLECTION/CHARGEOFF Other {$730.00} Lender Info XXXX XXXX XXXX XXXX XXXX XXXX, CA XXXX ( XXXX ) XXXX"
"In XXXX, I was sent a credit card statement from Macys American Express that said {$300.00} was due. Upon further investigation, I found that a series of daily {$25.00} charges were made and added up to a total of {$300.00}. I called Macy 's American Express to tell them of these fraudulent charges. The company did not remove these charges and told me that I would have to send them complete a form stating to confirm that these were indeed fraudulent charges. I received the first form, which I completed and sent back. However, I received another form stating that they did n't receive the first. I sent the second form to them. I did not hear from them and assumed that they had taken care of the problem. On XXXX XXXX, I called to confirm and was told that due to my lack of response, the fraud claim was closed even though no one called me to tell me or wrote me to tell me. I discussed this with the manager and they told me that the forms were not received due to a systems update. I asked for a form to be sent and was told I would receive it within 10 business days. I checked every day and finally called after the XXXX business day only to be told that due to the systems update, forms were delayed in being sent out to me. I have called again XXXX more times only to be told to wait for these forms. In the meantime, my {$300.00} are accruing financial charges and interest fees. I would like to have Macys American Express stop giving me the run around for 4 months and just take care of these charges as I am not liable. From what they tell me, it appears that these were online transactions due to my credit card number being stolen. The card in question is still in my possession. From all my interactions with other credit card companies, they remove the charges right away. I do not understand why it has taken so long for them to do so despite my diligence in responding to them."
"About 14 months ago, I had unexpected injuries that put me in the hospital and unable to continue working. I reached out to Citi Mortgage to explain my situation and submitted documents/financial information in hopes they could help me get back on track. I did send in documents but the lender kept asking for more and more information and it felt I was continuously sending in document after document, although I had already sent them in. At no point during the review was I provided a designated point of contact and eventually the review was closed because they stated I did not send in all the documents when I in fact did. I reached out to Citi again recently and they advised I had one day to send in all the information again or the foreclosure would proceed. That put a lot of pressure on me and there was no way I was going to be able to send in everything that day. I am now facing a foreclosure sale date in 4 days and out of options.."
I am very devastated for all the excuses Rushmore has gave me in order to not approve me an affordable offer instead I am being asked to pay {$11000.00} as a good faith down payment and additional to that I need to pay 6 monthly of installments for the amount of {$1800.00} but it does not stop in the paper work it states to continue making payments after I complete the 6 installment payments until I received any permanent modification contract. However the trials are higher then what my mortgage was before I started to fall behind this is not helping my situation because my monthly mortgage payment was {$1400.00}. Rushmore knows I can not pay that large payment even though I had tried to negotiate the good faith payment Rushmore does not want to work with me. I am a single mother and I do not want to lose my house. Rushmore has set a sale date for XX/XX/2016 to have me removed from my house and to make matters worse Rushmore now does not let me speak to no agents from Rushmore instead I need to negotiate with Rushmore Attorneys because now they have my case.
"I started the loan process with XXXX XXXX from Movement Mortgage, NMLS # is XXXX on XXXX XXXX, 2016 after I was referred to him through a potential seller who happens to be his friend. The process started off fine and everything was going smooth. As we got closer to the closing date which was schedule for XXXX XXXX, 2016, everything started to unravel. 
On XXXX XXXX, 2016, at about minutes after XXXX, XXXX called me at work stating that he needs me to sign the closing documents asap, which was the first red flag, because I was not given enough time to read through the documents, however seeing that he stated that it was n't the final document I went ahead and signed in a rush, On this day the appraisal also came back lower ( $ XXXX ) than what the property was being sold for ( $ XXXX ) and XXXX said he would have to do another appraisal because it was a flip home, however they would have to use the lower appraised value. My realtor then reached out to XXXX to let him know that she is currently in negotiation with the seller in reference to lowering the sales prices to the appraised value, but he ( seller ) insisted on waiting for the second appraisal to come back. 
On XXXX XXXX, after forwarding the initial CD to my realtor she realized that there was an additional {$5100.00} included in my closing cost that I would have to come up with additionally. Initially I had told XXXX that I would put down 10 % for my down payment which was $ XXXX. The contract that I had with my seller was that he would cover 5 % seller assist which would have covered my closing cost. I reached out to XXXX asking him why am I being charged an additional {$5100.00}. His explanation was I do n't have to come up with any additional funds ; I can just subtract it from my $ XXXX down payment. On XXXX XXXX, at this point we still did not receive the second appraisal. In the morning I called XXXX and he assured me that everything will be ok and he is 100 % sure that the second appraisal would come back at $ XXXX or more, because he is very close friends with the appraiser and he works with him a lot. He also kept pointing out the fact that the appraisal is not a factual value "" ITS JUST AN OPINIONATED VALUE BY AN INDIVIDUAL ''. 
In the afternoon, when the appraisal came back, guess how much it came back for? What coincidence it came back for the exact value that XXXX and his friend/seller wanted it to be appraised for. {$250000.00} EXACT. 
My realtor reached out to me and told me that the seller will be cutting down my sellers assist and wo n't be providing a washer and dryer for me. I was very upset and I reached out to XXXX that he was very wrong to assume that I will be paying the {$5100.00} on my own, without allowing me to negotiate with the seller. After I expressed my frustration with XXXX and told him, I will not show up to the closing, he then called my realtor and this was his exact words to her : "" Call your client and have her sign or else you will not get paid, She can afford to pay the difference because she has $ XXXX sitting in her account, MAKE IT HAPPEN ''. After she told him no, she will not do that, because she 's not working for him she 's working for me, he made her aware that he also is married to a realtor and he knows what realtors are supposed to do to get a deal close. According to my realtor his words were "" XXXX you are out of line to get involve with your client financial payment arrangements, you are just her realtor ''. He then called me trying to build a case for the seller and explain to me that the seller is not making a lot of money off the property, and it 's only fair that I pay the difference and I should at least negotiate with the seller and meet him half way. He called and yelled at me, emphasizing how he did me a huge favor by making sure the loan close in a timely manner, and HE had to pay {$600.00} out of his pocket to do the XXXX appraisal"
I recently requested a copy of my consumer credit report and I discovered that this creditor was reporting a debt that I do not owe. I researched this debt which was linked to residential address that I am in no way associated with.
"My complaint is regarding a late fee Bank of America ( BOA ) has fraudulently assessment on my account. I have spoken to an account representative and her manager about this issue today XXXX/XXXX/15 and was advised it assessed because my payment was processed at a certain time. For all I know the reference number for my complaint with them is XXXX, XXXX and XXXX. 

According to my monthly statements Late Payment Warning, if they do not receive my Total Minimum Payment by the due date ( XXXX/XXXX/15 ) then a late fee will be assessed. Nowhere on my statements does it reflects that a payment must be made by a certain time. Therefore, on XXXX/XXXX/15, I made two payments, one with a representative due to their online issues and another on the website after It was determined that the issues were only with their acceptance of new banking information I attempted to add. 
For me, this is a simple fix as I have been with BOA for more than 10years but I guess this is something that 's not relevant to them. As I stated, they did not disclose a time on my statement and I 've made the payment according to the information I get from them. To remove myself as their victim, I 've paid off this account except for the erroneous fee of {$25.00} and have also paid off my fianc 's account off which had my name on it. At this time, it 's up to BOA to finalize the closure of my account because I will not pay this fee as I 've complied with their due date not due hour. 
I am requesting confirmation in writing indicating the closure of all my accounts with them. ( I am sure they have my social and know all accounts is associated with that social. ) If they find an account with my social, then I would like to be notified so I can also pay that off and get away from this bank completely. For all I know, I only had the XXXX accounts in which are paid off as of today. 
Please note that I do not care about their logic as I can only imagine how many people they 've done this to and have gotten away with it. All I want is that they correct their issue with this late fee and let 's go our separate ways."
"I paid off my credit card in full XX/XX/2016. XX/XX/XXXX my payment I submitted was more then I wanted to pay on the card that had a little balance ( since I had just paid it off ). I was unable to cancel or edit the payment. Bank of America informed me I should contact my bank to place a stop payment on that particular payment and that it would charge me a return fee but I could call back and have it refunded. When I called to get this refunded everyone told me it was not doable because it was a legitimate charge even though they told me this could be done. In XXXX 2016 I had a scheduled payment of {$100.00} to my credit card. Everything appeared to have gone through until I recieved an email that it did n't. I called Bank of America and they assured me everything was fine if something happened it would have kicked back already. Well the next day I check my account and that payment too had been returned and they charged me another returned check few. I called two more times to see what the problem was and they ( BOA ) told me to contact my bank where it was coming from ( XXXX ). XXXX did admit they did not remove the stop payment from the previous month ( XX/XX/XXXX ) and it had rejected the payment from XX/XX/XXXX. I called Bank of America again to let them know what happened they said they understood and refunded both of my returned fees. Well today ( XXXX XXXX ) I tried to use my credit card and it was declined, when i called to see what was going on they notified me my credit had been revoked and my account closed because of the returned fees ( one they instructed me to do and one that was a complete accident ; i.e : they refunded both return payment fees they charged ). So now I will have to fight whatever negative consequences. Bank of America has been nothing but trouble to me."
"I had to resubmit my mortgage loan modification paperwork. 
I was approved for the modification and received the trialagreement on XXXX/XXXX/2015 and was notified my XXXX paymentwas due on XXXX/XXXX/2015. I called and asked why the shortnotice and was told if I ca n't make the payment by theXXXX then they will note I will not move forward with theplan. The agent 's supervisor then proceeded to tell me when the last timeI made a payment and that I need to make the payment onthe XXXX. I had to escalate the matter for someone to requesta later start date. Although, it may not be approved, it waswithin my rights to request XXXX since it was less than30 days notice."
"I had a payment with due date XX/XX/2017. 
I paid the amount on XX/XX/2017. 
I received two letters : 1 ) A payment was not made on XX/XX/2017, and that I was past due 2 ) A second payment is due on XX/XX/2017, despite my repayment plan be QUARTERLY. 
I tried paying the XX/XX/2017 payment on XX/XX/2017, and their website was down ( as usual ). 
I would ATTEMPT paying earlier if they posted the payments earlier. I was n't able to reach Heartland ECSI on XX/XX/2017, and on XX/XX/2017 it was Saturday and they were closed. 

I previously filed a complaint against Heartland ECSI for their "" convenience fee '' of 5 % when making online payments. That is, when the online payment system actually works. It is down 75 % of the time. I 'm curious this is some kind of retaliatory tactic."
"I am trying to lift a security freeze that was placed with Experian. When I placed the freeze I was told that a PIN would be mailed to me. That never arrived. Now I want to lift the freeze, because I need to apply for an apartment lease. 
I have made many time-consuming phone calls to Experian trying to resolve this, and have repeatedly been given repetitive, illogical and unhelpful advice. 
First I was told I could retrieve my PIN by entering my personal info into their website ( www.experian.com/freeze ). When I received messages saying that the information I entered was incorrect, I was told to wait 24 hours and try again. I did this repeatedly, very carefully verifying that the information I entered exactly matches what they have on file for me. 
So I asked that they send by post another copy of the PIN, and was assured one would be sent. After waiting a couple weeks I called back, and was told there was no record of my ever requesting my PIN or that one would be sent. I requested the PIN again, and this time I did receive it by mail. 
I tried to use this PIN, both via web and by phone, and again received the message that my freeze could not be lifted based on the supplied information. Nobody I have spoken to has been able to explain why this is the case or offer any hope for resolution. Everything I am being told now by Experian is apparently intended to make my try the same things over and over until I give up and leave the security freeze in place forever. Meanwhile I am hampered in my ability to apply for credit, and more importantly to apply for housing for my family ( as we are moving to a new city )."
"First, I keep meticulous records of all my financial transactions. Any time I make a purchase, I keep my receipt and reconcile my ledger every day. Twice in the past month I have noticed my bank account decrease by approximately {$200.00}. The first time it happened, I went into my local XXXX branch and discussed it with a banker. I showed them my ledger/activity and compared it to what they had in their system. This didn't yield any explanation for the discrepancy. I made the adjustment to my balance in my ledger to account for this 'missing ' amount. It happened again about 2 weeks later, for around the same amount. I can not seem to make any progress as to get any answers from Wells Fargo. I have read online of other customers facing similar situations with their checking accounts. 

Please help!"
"On or around XX/XX/XXXX I was first contacted via telephone message which was orignially left with my mother XXXX XXXX at an address and phone number I have not been associated with for well over ten years. In an effort to find out what they were attempting to make contact with me I called the number provided. 

I was informed in a brief conversation from an employee at Rash Curtis & Associates that I owed on a debit in the amount of {$9700.00}. Before I would allow the associate to go anyfurther I demanded a copy of the debit and alligations be sent to me for my review. 

Approximately one week later I recieved an Account Statment issued by the Debit Collector outlining a debit for XXXX on or around XX/XX/XXXX some eight years after the original claim. Knowing I never had such an account I sent the matter over to my legal counsel for review and guidance on the set forth matter. 

According to my legal counsel he first started by contacting the named Creditor : XXXX. only to be instructed that the account in question if was valid had been archived due to the age of the claim. Secondly according to the information availiable the bond in question was exonerated on or around XX/XX/XXXX by the creditor. With this information we contacted the CA Insurance Commissioners Office in XXXX who notifed us that bonds can not be collected on if in fact they were exonerated. 

Moving forward, upon the review of the file it was determined that the bond inquestion was written for a person holding the same name but never varified or authenticated. 

Upon receiving this information and within the orignial 30 days of notifciation by the FCRA I notified Rash Curtis and Associates of our findings along with forally notifying the copany of the dispute based on account not validated as to belonging to me, lack of proof provided by Rash Curtis, and I demanded prooof be supplied with thirty days of the letter providing contrary proof of the claim. I also instructed Rash Curtis & Associates all sent VIA US Mail with a signature guarantee to stop contact and all correpondence must be initated via US MAIL. 

Subsequesntly for the next sixty days I fel the matter in question was concluded until I started receving call and call at home, work, my cell phone, and family members all starting on or around XX/XX/XXXX to present. In addition to the flagrant disregard for the law I received an email and was provided a copy of a recent credit inquiry Rash Curtis & Associates rendered on XX/XX/XXXX without my consent or any prior business relations with to show cause. 

Despite my continuous efforts and a compelling paper trail supporting this false claim Rash CUrtis and their associates continue to flagrantly break laws in an effort to bully consumers on a zompie account which has exhausted it CA Four year statue of limitations on collections."
"Earlier this year I opened a Citigold checking account using an offer which would give me XXXX XXXX XXXX AAdvantage miles after satisfying a specific set of requirements. On XXXX XXXX, 2016 a Citi customer service employee verified for me, via online chat, that the promotional offer was applied to my account ( I have a downloaded chat log verifying this ). On XXXX XXXX and XXXX XXXX, 2016 I received verification from a Citi customer service employee that I had met all the requirements of the promotional offer and would be receiving the XXXX XXXX XXXX AAdvantage miles within 90 days. 

Upon following up on receiving my miles I was then informed by Citi that I was not eligible for the promotion. I reminded Citi on several occasions via secure message within my online account that I had chat logs and screenshots verifying that they had confirmed with me months prior that my account was eligible for the promotion, and that I would be receiving my miles. 

To do day Citi continues to deny fulfilling their end of the promotion despite all of the evidence I have and confirmation from their own employees in XX/XX/XXXX and XX/XX/XXXX that I was both eligible and would be receiving the miles. 

I am a consumer who has multiple accounts with Citi. I have been a good customer of theirs and have never missed payment on any of my services with them. Their denial of this promotion to me, despite their own employees confirming I was eligible prior, feels like a bait and switch tactic. I am turning to the CFPB as I feel I have no other recourse. 

Thank you."
"Experian Date : XXXX XXXX 2017 Report # XXXX Experian has on XXXX XXXX XXXX XXXX showing {$1900.00} as written off I need from from Experian from XXXX XXXX XXXX XXXX there was {$1900.00} written off. 

This car was traded in on another car with the title."
"Recently checked my score, hoping to see that it changed for the better after I paid off a bill and got new credit card.Instead I see my credit score was a XXXX. Literally.I can not get no one to explain it to me.I see the bill I paid off completely is on there twice! All this is happened this year."
"I sent off dispute letters to XXXX, XXXX, and Transunion on XX/XX/2018.I did get results back, however, there are still things on my report that do not belong to me they are still reporting! This is effecting my life and I need them to send original signiture pages from each debt collection company that claims I owe them. Also, they are violating the FRCA regulations by reporting items they are not suppose to with out proof of verification. I also need them to delete all addresses except XXXX XXXX XXXX XXXX XXXX GA XXXX. 

Best, XXXX XXXX XXXX XXXX"
"I purchased a brand new XX/XX/2015XXXX XXXX from XXXX XXXX XXXX in XX/XX/2015. My financing is through Nissan Motor Acceptance Corp. My total purchase was {$28000.00} with 18.81 % interest and I have already paid {$19000.00} with only {$4600.00} going toward my principal balance as of today. So my current pay off balance is {$24000.00}. I agree that I did sign the contract because Everything was moving fast, the dealer did not take time to go over the documents, it literally took 10 minutes for me to sign all the paperwork. I feel like I was taking advantage of. I was approved for this loan with a credit score in the low 500s, {$500.00} down making {$40000.00} a year who rented and had XXXX small children. I was a prime target to default on my loan and potentially lose my car and ruin my credit. The dealer nor the bank even asked for proof of income."
"I, XXXX XXXX residing at XXXX XXXX XXXX, XXXX, New York XXXX hereby states for the record with the Consumer Financial Protection Bureau that Nationstar Mortgage LLC and any predecessor as servicer to a mortgage attached to XXXX XXXX XXXX, XXXX, New York was handled abusively during a numerous modification processes. Nationstar Mortgage LLC has assigned a foreclosure process pertaining to a note and mortgage originally procured with XXXX XXXX Mortgage in XXXX with XXXX XXXX XXXX as master servicer to a New York XXXX law firm for foreclosure. 
There are several criteria established that proves that the entire transfer of the note and mortgage were fraudulent, along with an original foreclosure filing in XXXX where I was never personally served. The fact that it took nearly five ( 5 ) years after this initial filing for the legal entity to re-file the original complaint is highly suspect that the note and mortgage are not in any legitimate position to foreclose. 
I was approached by the mortgage servicer on at least XXXX XXXX XXXX XXXX occasions with a modification pre-trial arrangement, all of which resulted in a declination by the servicer. There was never a legitimate reason given for the modifications being declined. 
The collection processes were abusive at all levels against all Fair Debt Collection Practices Act guidelines to remedy a debt. 
The real estate meltdown highly affected my property valuation in XXXX through XXXX, all of which should have been taken into consideration during the modification process, mostly due to the fact that the ultimate responsibility to make the debt whole to investors would fall upon the taxpayers of the United States. Real estate securitizations have become an area that is under attack for using fraudulent means to an end for the American banking institutions. The original note was fractionalized whereas there are multiple owners located in several securitization trances. 
The note and mortgage were split on a level XXXX forensic on public record by MERS, and once again by XXXX XXXX XXXX Corporation as the note was positioned into XXXX XXXX XXXX XXXX several years after the securitization trust was closed in XXXX. 
I will take this matter to an administrative court to offset the foreclosure action in New York XXXX if deemed necessary. However, the letter attached to my submitted modification state on record that I am willing to re-modify the existing mortgage or sign a new mortgage if there is a considerably reduction in principal and interest rate. 
I also request that the Consumer Financial Protection Bureau to monitor the entire modification process that I have submitted to evaluate if Nationstar Mortgage LLC is operating within the amended FDCPA guidelines on modification/foreclosure workouts as of XXXX XXXX, XXXX. ( GUIDELINES ATTACHED )"
"While checking my personal credit report, I discovered an Unauthorized and Fraudulent credit inquiry made without my KNOWLEDGE or CONSENT by XXXX on or about XXXX/XXXX/2014 on EQUIFAX credit file. I did not authorized or give permission to anyone employed by this company to make any inquiry and view my credit report. XXXX XXXX has violated the Fair Credit Reporting Act Section 1681b ( c ). They were not legally entitled to make this fraudulent inquiry. This is a serious breach of my privacy rights. I am requesting that they mail me a copy of my signed authorization form that gave them the right to view my credit within five ( 5 ) business days so that I can verify its validity and advised them that if they can not provide me with proof that I authorized them to view my credit report then I am demanding that they contact the credit bureaus and have them remove the unauthorized and fraudulent hard inquiry immediately."
"Equifax has been non-compliant with removing the unverified account XXXX XXXX XXXX CAR which has been deleted by XXXX and XXXX. XXXX and XXXX have both completed their research and determined that XXXX XXXX XXXX CAR was not established by myself but Equifax keeps verifying this accounts. Also, when I called the company they responded that Equifax did not send them all of the verifying evidence to confirm each account is unverified."
"The following are Unauthorized HARD Inquiries on my Credit Report. Please I am asking for assistance to remove them. I am trying to buy my first home and these are a problem for me. Please help me. They are all on my XXXX XXXX and Experian reports I would NOT have given the Authorization to run my Credit in multiple sequence as such such as I know very well the Negative impact that it can have on me. I really need your help with this. I have called multiple times and all I do is get a Voice Tree that never takes me to a Live Human whom I can Speak with, I get cut off as they are asking for information that I do not have and would not have had as I do n't have an account with them, the few times I do get a Live person they do n't know who to transfer me to. Please Help me Thank You. 

Name of Company - XXXX XXXX XXXX Inquiry Added XX/XX/XXXX XXXX XXXX XXXX XXXX, XXXX, FL XXXX Phone : ( XXXX ) XXXX Name of Company - XXXX XXXX XXXX Inquiry Added XX/XX/XXXX XXXX XXXX XXXX # XXXX, XXXX XXXX XXXX TX XXXX Phone : ( XXXX ) XXXX Name of Company-XXXX Inquiry Added XX/XX/XXXX XXXX XXXX  XXXX XXXX XXXX XXXX XXXX XXXX XXXX, PA XXXX Name of Company- XXXX-Date Inquiry Date -XX/XX/XXXX XXXX XXXXXXXX, TX XXXX ( XXXX ) XXXX Name of Company-XXXX -Inquiry Date-XX/XX/XXXX XXXX  XXXX, CA XXXX ( XXXX XXXX XXXX Name of Company - XXXX XXXX I -Date Added-XX/XX/XXXX XXXX  XXXX I XXXX, MN XXXX ( XXXX ) XXXX Name of Company - XXXX XXXX XXXX Date Added- XX/XX/XXXX XXXX XXXX XXXX XXXXXXXX XXXX, FL XXXX ( XXXX ) XXXX Name of Company - XXXX XXXX Inquiry Date-XX/XX/XXXX XXXX XXXX  XXXX, IN XXXX ( XXXX ) XXXX Name of Company - XXXX XXXX XXXX Inquiry Date- XX/XX/XXXX XXXX XXXX XXXX XXXX, FL XXXX ( XXXX ) XXXX Name of Company XXXX Inquiry Date XX/XX/XXXX XXXX XXXXXXXX XXXX, TX XXXX ( XXXX ) XXXX Name of Company XXXX XXXX XXXX XXXX- Inquiry Added XX/XX/XXXX XXXX XXXX XXXX # XXXX, XXXX XXXX XXXX TX XXXX Phone : ( XXXX ) XXXX Name of CompanyXXXX Inquiry Added XX/XX/XXXX XXXX XXXX XXXX XXXX XXXX XXXX XXXX XXXX, PA XXXX Name of Company - XXXX XXXX XXXX Inquiry Added XX/XX/XXXX XXXX XXXX XXXX XXXX, XXXX, FL XXXX Phone : ( XXXX ) XXXX XXXX XXXX Date of Inquiry XX/XX/XXXX/XX/XX/XXXX XXXX -Inquiry Added Date XX/XX/XXXX XXXX XXXX XXXX XXXX XXXX XXXX XXXX Date of Inquires XX/XX/XXXX & XX/XX/XXXX XXXXXXXX XXXX XXXX Date of Inquiry XX/XX/XXXX XXXX XXXX Date of Inquiry XX/XX/XXXX"
"Citi Bank credit card gave me a 24.50 % interested rate when I have a XXXX fico score with all three bureaus and have not missed a payment gone over 20 % utilization on any card in over 8 years. My debt ratio is 40 %. I called them, they could not answer and would not answer me why my rate was given at 24.50 % with an exceptional credit score and history. The manager who said she was recording my voice for some voice print technology which I am against said you won't get that information from Citi it is proprietary. I want to know why they give rates over 20 % to almost perfect credit histories then can't and won't explain it. I want written explanation of how rate was arrived at."
"I was in the market to refinance my mortgage. I authorized XXXX XXXX to pull a hard inquiry on my credit on XX/XX/XXXX. I have learned upon reviewing the credit reporting agencies reporting that several creditors that I have no accounts with have entered numerous inquiries to my credit report around that time without my authorization. I made it clear that I was shopping rates and that I absolutely did not want me credit to be run multiple times if a potential creditor could not beat the offer I was given by XXXX XXXX. The amount of inquiries for speaking to only 3 lenders and only aggreing to allow my credit report to be pulled by only XXXX XXXX to my understanding is alarming. 

The creditors that have non account holding inquiries are the following. 

1 ) XXXX XXXX XXXX XX/XX/XXXX XXXX XXXX XXXX XXXX XXXX XXXX, CA XXXX ( XXXX ) XXXX 2 ) XXXX XXXX XXXX ( ( TWICE ) XX/XX/XXXX & XX/XX/XXXXXXXX XXXX XXXX XXXX XXXX, CA XXXX ( XXXX ) XXXX 3 ) XXXX XXXX XXXX ( 4 TIMES ) XX/XX/XXXX, XX/XX/XXXX, & XX/XX/XXXX XXXX XXXX XXXX XXXX XXXX XXXX XXXX XXXX, NJ XXXX ( XXXX ) XXXX 4 ) XXXX XXXX XXXX XXXX XXXX XXXX XXXX XXXX, CA XXXX ( XXXX ) XXXX"
I have no knowledge of this debt and want it removed from my credit report
"I received a car loan from Santander for a little over $ {$10000.00} on XX/XX/XXXX, 2014. After the second year I decided to refinance because I noticed my loan amount would not change. Before refinancing I had paid Santander {$7000.00} and only {$2000.00} went towards the principle on my loan. Before contacting an attorney I would like offer Santander the chance to explain how this is possible and how it is legal to charge a customer {$5000.00} in fees which is half the amount of the loan."
Through the assistance of the CFPB Accurate background finally responded. I responded to there re-investigation but have received no acknowledgement and / or action. Sent my letter certified as confirmation that they received it.
"XXXX Bank sold my charged off acct to Portfolio Recovery Assocs. Portfolio Assocs ruined my repaired credit using using illegal attempts to collect the wrong amount. I filed a complaint with your ( CFPB ) company and Portfolio will only reply with the same XXXX inaccurate statements that they received from XXXX. There is a court order against XXXX and XXXX was to apply credits to qualified XXXX acct holders accounts. XXXX spun off from XXXX and acquired many accounts of which XXXX was to apply the deductions. XXXX DID NOT apply deductions to my charged off account and when I called again on XXXX/XXXX/XXXX @ XXXX, I was advised by the below identified XXXX Bank Associate that I would not be able to get any eligibility information concerning the CFPB Order against XXXX XXXX XXXX unless I called Portfolio Recovery Associates. How? XXXX has the account information. Portfolio only has XXXX statements with the incorrect amount on them. Not providing information regarding deductions in relation to the court order on a qualified account is a violation of the court order ; less more selling the account under an incorrect amount. I am attaching my credit report of XXXX XXXX, XXXX which reads correct charge off amount of {$1700.00} not {$1900.00} as requested by Portfolio Recovery Assocs. This report also shows proof of payments totaling {$650.00} that had not been deducted from the {$1700.00} which would leave a balance of {$1100.00}. I had this account since XXXX of XXXX. What about the interest from those years? I have suffered great damage under Portfolio 's attack on m credit. My score has fallen XXXX points on XXXX and XXXX on XXXX. Please help."
"We desperately need your help to address and correct serious issues and continued illegal activities perpetrated by Tenet Healthcare Corporation and its subsidiaries to perpetuate a subterfuge of sham corporations to commit fraud, violating consumer rights in defiance and wilful non-compliance with the consent orde r ( File No .  XXXX  ), the Dodd-Frank Act of  XXXX , the Deceptive Trade Practices Act, The Fair Debt Collection Practices Act, and The Fair Credit Reporting Act.  <P/> Across  the US, Tenet to Syndicated Office Systems LLC continues to blatantly violate consumer rights, impacting families like mine, hurtin g us financially, stealing my time with my family, intentionally inflicting emotional stress, and impacting my husband 's health.  <P/> Since  XXXX , we se nt 5 le tters (  XXXX   XXXX   XXXX  ;  XXXX   XXXX   XXXX  ;  XXXX   XXXX   XXXX  ;  XXXX   XXXX   XXXX  ; and  XXXX   XXXX   XXXX  ) requesting signature validation that they ignored and still ignore and avoid-hiding behind attorneys and legal maneuvers.  <P/> Additionally, the account they never validated was even duplicated as another account.  <P/> When we were trying to secure a mortgage, m y credit score be cause of the accounts they refused to validate was impacted, and we will now pay for the next 28 years-this will cost us more.  <P/> Ignoring the consent order to take affirmative action and act in "" Good Faith '' Tenet through Syndicated Office Systems LLC still persist in hurting my family, appealing the suit we won in a lower court.  <P/> We respectfully ask that you intervene and end this overt campaign of defiance just because they can.  <P/> Please contact  XXXX   XXXX  the CEO of Tenet Healthcare Corporation to end this all.   Opposing Counsel is Attorney  XXXX   XXXX   XXXX , and she can be contacted at (  XXXX  )  XXXX  or emailed at  XXXX  XXXX  XXXX  From doing all the research, Tenet runs this subterfuge across more th an 20  states, and I have all the documents to prove that this entire organization is a hollow shell of sham companies that continues to deny that they are one and the same. I ask for a full investigation, and I can and will assist at your request."
"I am writing to dispute the following information that appears on my XXXX, XXXX  and XXXX  consumer report. Online Information Services is reporting inaccurate data to these credit bureaus. I didn't receive a validation letter. I'm not familiar with this account. I have asked them to remove this account because its really bringing down my score. If its not remove/ deleted ASAP, I have no option but to sue this company."
"I did a dispute of inaccurate information that is reported on my credit file. On XX/XX/XXXX, XXXX XXXX Account number XXXX was listed on my credit file. I disputed and it was under investigation. After investigation, Equifax removed it from my file on or around XX/XX/XXXX. On XX/XX/XXXX Equifax placed it back on my credit file. This needs to be removed immediately from my file. I have attached proof."
"Homebridge financial in XXXX Ca pulled my credit file without any authorization whatsoever from me in XXXX. This has had a damaging effect on my credit file. I contacted the credit bureaus and they are telling me they have no control over what they report and print, That the only one that can remove this is the [ party that put it on, in this case Homebridge Financial. 

These guys pulled my credit in XXXX with my permission to do a refinance of my home. Then they went and pulled it a second time in XXXX without my permission. This is Illegal and against the law. My name is XXXX XXXX and my social sec # is XXXX my dress is XXXX XXXX XXXX XXXX XXXX ca XXXX."
Ive contacted equifax numerous times over the past few months about inquiries that does not belong to me and they have denied me of deleting them even after they told me I was a victim of their breath. Also Ive had a collection removed from my other reports however equifax is refusing to remove it
"To whom it concerns, my husband and I tried to purchase a home and have been deeply hurt. XXXX XXXX XXXX was our Realtor and Mortgage and XXXX XXXX was the Broker ( XXXX XXXX XXXX XXXX XXXX ) ( although we never met the Broker ). We proceeded to follow through with the contract ( XXXX XXXX XXXX Tx XXXX ) and put up the honest money {$1000.00} to XXXX XXXX. On the contract it stated that its not subject to buyer being approved for finance and it does not involve FHA or VA Finance on page XXXX # XXXX fin. a and d ; This was a FHA loan. We had to give additional {$1000.00} to the sellers made out directly to them and {$200.00} option fee made out directly to the sellers ( XXXX XXXX XXXX, XXXX XXXX XXXX ). The house was inspected {$350.00} and it passed inspection. We ask our agent to make sure that we get our money back if things do n't work out and please do n't let any time lapse. He assured us of this and in returned he stated that the sellers requested and additional {$1000.00} made out to them because underwriting was taken too long and it would go over the time. XXXX XXXX came to us and told us we were not approved and that we also lost all of our money. He then put a contract on another house XXXX XXXX XXXX XXXX XXXX, Tx XXXX ) where we had to put down honest money of {$500.00} with XXXX XXXX XXXX ) and {$100.00} option fee and to have the inspection done within 5 days which cost XXXX the first time and an additional {$200.00} the second time because the house did n't pass inspection because there were no fire detectors in each room which we had to purchase and put in before they could move forward. I really feel that we have been taken for our hard earned money and the Realtor, Broker and Title Companies are all bogus. I really feel no one was honest and had our best interest at heart. We as new buyers are relying on agents to be honest and explain in detail so that we have clear understanding and feel comfortable and safe with their decisions but this is one case that have us afraid to trust any agent or broker."
"Portfolio Recovery XXXX is continuing to collect on a debt that was cancelled and where I received a XXXX from the bank. They also called on Sunday XXXX XXXX 2016 at XXXX. 

I have no other consumer/installment debt."
"I recieved a phone call from the collection agency stating o owed {$500.00} from when i was in the hosp on XXXX for a XXXX.The only bill i ever got was for {$250.00} for the XXXX, which i paid.That was the ONLEY bill i got.All other bills were paid by XXXX XXXX or Va ( veterans adimistration ) .The last time i talked to the collection agency was XXXX when i was on vacation in Az , i told them i would be back home in XXXX and to send me a copy of the bill i owe but to this day i have NEVER recieved a bill from no one for that {$500.00} dollars."
"I was hit by hurricane Irma in XX/XX/XXXX and never recovered and applied for a loan modification and sent in a complete package of 31 pages on XX/XX/XXXX before there was a sale date scheduled. As the review went on a sale date of XX/XX/XXXX was set. I was not worried because I had already submitted my documents and knew in the past Ocwen was very helpful in loss mitigation options. I was asked to send in more documents and sent in 13 pages on XX/XX/XXXX then they asked for more documents and I sent in 3 pages on XX/XX/XXXX.

All was still well because on XX/XX/XXXX, XX/XX/XXXX, XX/XX/XXXX, XX/XX/XXXX I was being assured that once that package is complete the sale will be placed on hold so they could review my package for workout options.

On XX/XX/XXXX at XXXX XXXX I went to the escalations department and they confirmed my packaged was deemed "" complete '' I breathed a sign of relief.

On XX/XX/XXXX I call in and it's a whole different story, they claim I still need another document which was not asked for before and ignore the "" complete package '' determination I had the day before.

On top of that they claim since I was less than 7 business days from a sale date they were not going to review me anymore?

I escalated it to the Ombudsman department who is trying to resolve it now especially since I was deemed to have a complete package on XX/XX/XXXX at XXXX XXXX and assured my multiple agents the days prior that the sale would be stopped once I reached that designation."
"After pulling my credit report it was discovered that there's accounts on my report inwhich I have no knowledge of nor has anyone reach me about the change in my report. I'm respectfully requesting physical documentation for the following accounts or by all accounts these accounts shall be removed in accordance with the FCRA rule of law. The following accounts are, XXXX XXXX ( XX/XX/XXXX ), XXXX XXXX ( XX/XX/XXXX ), XXXX XXXX ( XX/XX/XXXX ),"
"My account with Wells Fargo was overdrawn due to an oversight on my part, I then in turn made a deposit to cover the overdrawn amount and the cover any additional payments that might have been coming into the account. The deposit was made using the Wells fargo  mobile application, the amount was received/processed and paid by the maker bank and the funds were released by  XXXX   XXXX . I notified  Wells fargo as to the situation regarding the deposit not being credited, I was informed by the initial Wells Fargo repre sentative that the funds were not released by the maker bank (  XXXX    XXXX    ).  I then proceeded to call  XXXX   XXXX  and they notified me that funds were released and the check was pai d to Wells Fargo, so therefore Wells Fargo would  be in possession of the funds.  <P/> I then called  Wells Fargo again to notify then if my conversation with the other bank, I was told that was n't true and that I would have to wait 10 c alendar days for the funds to be released by the bank. I explained again that  XXXX    XXXX   has already released the funds and the amount was paid. Therefore  Wells Fargo  was placing an unnecessary hold on the deposit. I was in turn passed on to an  executive customer service team that would be able to handle my request, after a conference call with both banks, it was confirmed that the funds were released to Wells Fargo, yet the representative on the phone then stated that though he had the ability to release the hold and therefore making the funds available to he would not do it and that I need to call the next day because it would be a whole business day later and then the funds would be released then or I would have to wait till Monday  XXXX  to have another manager  handle the request. I explained numerous time that I did n't need the money to make a withdrawal but rather to have the funds available to insure that payments that were to be made on the account would be processed.  <P/> I then explained to them that it appeared the bank placed unnecessary holds on the funds in order to keep the account in negative status so that they can generate additional fees in the consumer account. I"
"I have ask CRA to provide verification of this debt on multiple disputes and still have not removed the debt nor giving sent me any verified information by mail or email. According to the FCRA section 609 they are required by law to do so.

US Department of Veteran Affairs {$6100.00} US Department of Veteran Affairs {$5000.00} US Department of Veteran Affairs {$100.00}"
"An IRS lien was filed, released and withdrawn. Equifax has failed to remove it from my credit report, despite several written requests that included extensive documentation. Details are in the attached files."
I had XXXX collections on on my Transunion report removed then they added them back on without telling me they were going to do that. I cant look at my XXXX report but I believe they added them back on to report also. I have a screenshot of the removal and then the replacing back on.
"This company is reporting inaccurate information, have stated to them that the DOFD is inaccurate, this account should have been erased from the credit report being that it is an extremely old account and it is still being reported by Cavalry Portfolio Services. I am now getting about 4 calls with no voicemail, which constitutes harassing calls."
"I CONTACTED TRANS UNION XX/XX/XXXX AND XX/XX/XXXX IN REGARDS TO THE HARD INQUIRIES ON MY CREDIT AND STATED OUT OF THE 12 I ONLY AUTHORIZED 1, I WAS TOLD I HAD TO SEND OUT A LETTER THAT I HAVE ALREADY DONE IN REGARDS TO THESE CREDIT INQUIRIES ON XX/XX/XXXX I CALLED BACK AND STATED I BELIEVE I WAS A VICTIM OF AN INQUIRY ISSUE AND THE REPRESENTATIVE ASKED WHAT INQUIRIES AND I STATED ALL OF THEM EXCEPT ONE AND HE STATED ITS NOTHING HE CAN DO THE REPRESENTATIVE BEGAN TO GET VERY RUDE AND OBNOXIOUS WITH ME I TOLD HIM TO HAVE A GREAT DAY AND I ENDED THE CALL. 
1. XXXX XX/XX/XXXX AND XX/XX/XXXX 2. XXXX XXXX XX/XX/XXXX 3. XXXX XXXX XX/XX/XXXX 4.  XXXX XXXX XX/XX/XXXX 5. XXXX XXXX XX/XX/XXXX 6. XXXX XX/XX/XXXX 7. XXXX XX/XX/XXXX 8.XXXX XXXX XX/XX/XXXX 9. XXXX XXXX XXXX XX/XX/XXXX 10. XXXX XXXX XXXX XXXX   XX/XX/XXXX 11. XXXX  XXXX XX/XX/XXXX"
"I had an open credit card account with XXXX XXXX XXXX and I have not been late on payments on this credit card ever since I applied for it on XXXX of XXXX. On XXXX of XXXX, I have made a balance transfer on this account from a 0 % credit card to help lower my debt, interest charge and pay off the credit card rather. Few days after making the transfer, XXXX XXXX XXXX XXXX XXXX XXXX have decided to lower my limit, putting my credit card balance below the limit, which have resulted to lowering my credit score and making it impossible for me to qualify for other credit card account with 0 % or any other type of loans. After multiple attempts to arrange the situation, XXXX XXXX XXXX have decided to close the account on XXXX of XXXX. 
On XX/XX/XXXX, I reached an agreement with XXXX XXXX XXXX to pay off the account by making periodic payments of {$500.00} every month with the condition that the account was brought up to date by making a payment of {$300.00} that day and that the previously setup automated of {$200.00} every month would be deleted to avoid having to pay twice every month. XXXX XXXX XXXX did not follow through the agreement and kept charging my account with the {$200.00} payment on the XXXX of the month. After discussing the issue with them, they agreed to reimburse me the payment of {$200.00} to my account and make sure that any late fees associated that resulted from this to be reimbursed and any reporting ( 30 days late ) to be deleted off the my credit report by contacting the bureau. This still has not happen."
"I went into XXXX XXXX XXXX XXXX Dealership in XXXX XXXX to purchase a new XXXX Truck. I knew the vehicle I had in mind, and the website allows for online finance and purchase ; however, I had a vehicle trade in that I needed to get appraised. Because of this, I would not have been able to purchase the vehicle online while trading in the vehicle for the amount I was quoted verbally. 

While being serviced by the sales man, they advised I had 2 choices according to management. 1 ) Purchase the vehicle for only {$5000.00} off MSRP, and I could finance wherever I wanted to get a low interest rate. 2 ) Get XXXX off MSRP and apply through XXXX XXXX XXXX. When they presented the offer of utilizing XXXX XXXX XXXX, they advised I can always refinance with another company if the interest rate is not what I wanted, which lead me to believe I was not going to be satisfied with the interest rate they would offer. 

I work in a financial institution ; therefore, I know that I am entitled to request interest rates without applying first. I asked the sales man XXXX who then advised he would have to ask the finance specialist. He came back and was told that the finance specialist declined the request to be provided the interest rates available, and I would need to apply first, and then speak to the finance specialist. 

Being backed into a corner, I decided to let my credit speak for itself. My credit is over XXXX, and my wife 's was over XXXX, and I more than qualified for the lowest credit rating available. When they came back, they advised my interest rate would be 6.09 %, which is absolutely unacceptable. I again was told I should refinance after closing on the loan. 

I proceeded to the finance department where I was in a recorded and monitored office. The conversation in the finance office should be recorded for the record. I again advised the finance specialist, XXXX, that I was interested in being provided the interest rate 's available, but that I was denied the opportunity before applying. He agreed and understood that the interests being offered is a requirement, but still did not provide the interest rates I requested, and continued with his process of offering optional products to add to this outrageous interest rate ; again encouraging to refinance in order to get the extraordinary offer off MSRP. 

I didn't read too much into it, and figured this is how they do business, until a colleague went into a different ford dealership, and requested a new vehicle. Her credit is below XXXX, and she qualified for XXXX financing at XXXX interest rate, and was advised that the lowest interest rate available is 1.9 % for well-qualified buyers. This leads me to believe that I was given a predatory loan at a high interest rate, forcing me to take another credit hit refinancing with another institution just to receive the interest rate I deserve."
"I am a victim of identity theft and upon reviewing my credit file I have become aware of an account held by XXXX XXXX that is a direct result of identity theft. I have never had any dealings with Convergent or the company XXXX that they represent. An amount of {$1300.00} that is listed on my account does not belong to me it is fraud. I have contacted Convergent credit regarding the account IN THE AMOUNT OF {$1300.00}, 4 thru certified mail asking to verify that I owe their company any funds and for what. Ive also ask for anything bearing my signature that verifies I have obligations to pay them or have had any business dealings with them. Yet they have failed to validate according to law. This collection company is damaging my credit file and cant provide legal proof. I have not had any dealing with convergent or XXXX whom they represent. This account is a result of identity theft."
"XX/XX/2014, I purchased a living room suit and a dining room suit from Conn 's Home Plus. A company based in XXXX with retail outlets around the country. I bought my furniture in XXXX. A few months after the purchase, as well as earlier this year, I was between jobs and fell behind on payments. They have proceeded to hound me to death by "" blowing up '' my cell phone. I have received as many as ten calls per day, even on days when I answered their calls to explain my situation. Yesterday I received ten calls. Today as I type this at XXXX MDT, I 'm up to six. I have had to turn off the ringer on my cell phone so I 'm not disruptive at work. The stress that I 'm suffering from this harassment is taking a toll on my health. 

Additionally, when I signed for the loan it was for "" two years same as cash ''. They failed to notify me that if I missed a payment this agreement would be null and void and I would have to pay the full amount of interest even if I paid off the furniture early. So, I will end up paying thousands of dollars extra by the time I can finally pay the furniture off. I read that CFPB could possibly help me. I hope that 's true!"
"I disputed the information twice on Transunion as fraud, they investigated and failed to remove. I called the collection company ( XXXX ) and they refered me to XXXX. I called and it was not event my name or social security number, they claimed mistaken identity, yet this was on my credit rating, and I contested this??? What kind of investigation was done, and why is there so much incompetence? XXXX said that I should be getting this removed and a confirmation letter in a few days all I got out of them was XXXX XXXX and XXXX XXXX, in XXXX, TX was where the bill came from. They assured me it was not idenity theft as this person did not have my SSN, was the claim, but then how did this occur??? Please investigate this and follow up # XXXX in the amount of {$780.00} XXXX XXXX."
"There was some fraud made on XXXX XXXX  XXXX as someone tried to make accounts under my name. XXXX XXXX XXXX said they would tell transunion to remove the following the hard pulls as I did not authorize them. Transunion also said they would remove them. Both companies have nothing removed them and they are still on my file. 

XX/XX/XXXX, XX/XX/XXXX, XX/XX/XXXX, XX/XX/XXXX, XX/XX/XXXX, XX/XX/XXXX XX/XX/XXXX"
"Consumers should be able to freeze their credit for free on Equifax, XXXX and XXXX. This is a vital service that should be free and available to everyone who has credit history in the US as these companies can not be trusted to store their data securely and protect their data against security breaches. No American should have to pay in order to help prevent their own identities from being stolen."
": Back on XX/XX/XXXX I received a letter in the mail, looking like it was from the Department of Education Federal Loans Department. It stated they had a new program to help consolidate my student loans with an easy and faster payment plan. I called and was told they would consolidate my loans and have them payed off by XX/XX/XXXX. I would have to make payment of 2 @ {$74.00}, 10 @ {$170.00} and the rest @ XXXX per month with XX/XX/XXXX being my last payment. I filled out the forms and sent everything in and my representative said they would get back to me. The next day I had an approval and they began to take payments direct from my checking account. To this day I have paid {$2200.00}. I have found out the NONE of it has gone towards my loans, they only kept them at a {$0.00} balance due, but interest was still adding up. I WAS SCAMMED! I called both former loan companies and they said that no payment was EVER made by this company. I have been trying to call them, but only get a message saying they will return my call. I have emailed them multiple times with no response. They use XXXX ( XXXX XXXX   XXXX ) for collecting money. They as well will not answer the phone or emails! Now I finally see all the complaints online about this company, but nothing has been done to stop them. I want and deserve a refund!"
"My ex-wife and I refinanced our home in 2008, and I believe the appraised value of the house was inflated to get the loan approved. As a result, we have not been able to refinance since more is owed on the house than it 's worth. I have previously submitted a complaint here, but Wells Fargo did respond but could not do anything to lower the interest rate which is currently over 6.5 % I believe that I did n't include the key point that the mortgage broker that we originally used appraised the property at $ XXXX, which it never should have appraised for. Wells Fargo bought the loan, put it in their securitized mortgage portfolio and that 's where it sits. The loan is n't eligible for the government refinance programs out there because of this, and Wells does n't want to do anything to help us because they are making a ton of money. Is there any way to look at this from the appraisal perspective?"
"Please attach to CFPB Case Number : XXXX. Yesterday, I received a call from a TD Bank representative to discuss my complaint and that ssme TD Bank representative told me she would get back to me yesterday about refunding/waving the overdraft fees I had received on my TD Bank checking account due to me not having access to a TD Bank ATM because the TD Bank branch door would n't open when I inserted my TD Bank Debit Card. I never heard back from that TD Bank representative. So yesterday when I go to make another deposit before XXXX so I do n't receive anymore additional overdraft fees the ATM machice was n't accepting cash deposits and of course all of the other TD Bank ATMs were being used so XXXX came and left and I was just standing there waiting for another TD Bank ATM to become available so once again because of a situation that was totally out of my control and totally also TD Bank 's fault that I 'm once again receiving several more unfair overdraft fees from TD Bank."
"Capital One WAS reflecting a 30 day late on my report from XX/XX/2012 with all 3 CRA 's. 
It was disputed and removed from XXXX and XXXX  but it remains on XXXX. 
if the 30 day late has been removed from 2 of the 3 credit reporting agencies why has it not been removed from the 3rd ( XXXX  )"
"Called XXXX XXXX XXXX today spoke with XXXX ... my loan payment jumped from {$5.00} to {$270.00} dollars monthly payment which is coming up due XX/XX/2018. I called today to see about lowering my monthly payments to something more affordable. I have a car payment and rent and many bills. The rep ask me my income, if I'm married and if I have dependents. He placed my on hold got back on the line ask me how I can afford as monthly payments then told me he can lower it to {$150.00} per month. I can't even afford that then he said the only other option if forbearance. Also I inquired about why there is a diffrence in interest accrued from navient website and from the nsld.ed.gov website and was told they might have inaccurate information but ours is up to date and current the rep stated Congress sets the rates. But he then mentioned if I have my loans on auto pay I can get a reduction on the interest rate which confused me."
I disputed a Public record with Trans Union and sent them proper paperwork showing that XXXX XXXX NC Courts dismisssed the judgement against me and my credit report still shows it.
"This is what I sent to LoanCare with their contact information Dear LoanCare I am writing you because I believe I received late charges that I did not deserve. I would like the charges refunded or taken off my principle. 

this month I made 2 mortgage payment one was receive and the other was not. 
Please view a payment made on the XXXX as well as the XXXX. The payment on the XXXX was processed after a number of days but the payment on the XXXX was never process. 
the XXXX payment was received ; the XXXX payment was denied for bad check reversal. When I called Loan care I was told I did not use the correct account and routing number. I checked with my back who told me I was using the correct account and routing number. 
Further I have resubmit my payment with the same numbers and it was receive with a late charge. I would like the late charge returned. 

XXXX XXXX XXXX XXXX XXXX XXXX XXXX NJ XXXX ( XXXX ) XXXX Loan Inquiry : LoanCare XXXX. XXXX  XXXX XXXX   XXXX, VA XXXX Attn : Consumer Solutions Department Payments : LoanCare XXXX XXXX  XXXX XXXX, PA XXXX Notices of Error/Information Requests : LoanCare XXXX XXXX XXXX XXXX XXXX, VA XXXX Attn : Mortgage Resolution Overnight Address : LoanCare  XXXX XXXX XXXX XXXX XXXXXXXX, VA XXXX Sent from my XXXX"
"I called Hyundai Motor Finance to make a payment over the phone since they are unable to take my payment online due to an issue on their end. While speaking with the agent, I informed her that I wanted to make my normal monthly payment of {$230.00}. She took the payment and waived the {$7.00} processing fee due to the issue I was facing online. However, she submitted XXXX payments back-to-back. XXXX for {$230.00} and XXXX for {$230.00}. I NEVER authorized a payment for {$230.00}. I checked my XXXX account this morning and saw the XXXX payments taken out which prompted me to call Hyundai Motor Finance. The gentleman I spoke with said he did not know why the previous rep took XXXX payments but offered to refund me the {$230.00} payment which would take approximately 20 days to receive. I explained that I never authorized the payment for {$230.00} so wanted that XXXX to be refunded. He said he could not because he ca n't refund service fees. I never authorized the {$230.00} payment or the processing/service charge, yet Hyundai Motor Finance refuses to refund that payment. This is highly concerning as I feel I was lied to and their negligence is only costing me my hard earned money. Please contact me so I can have Hyundai Motor Finance investigated for this. I also had an issue during the initial call when I asked them to waive a late fee due to their system issues and they refused. This needs to stop and they need to be penalized for these types of issues. I am a customer of several other financial institutions and have never had these types of issues anywhere else."
"This company is reporting unfair, and unverifiable information on my credit report, they are stating that I'm in a term monthly with this company. I have rented two property with this company I stayed in Both homes for 1 year only this company unfairly did not returned my security deposit of over XXXX for XXXX XXXX and XXXX for the other home. this company has yet to provide me or prove to me that I owe the sum amount of XXXX for one home and XXXX for only staying there one year in each property. I have contact XXXX  and XXXX to ask them to remove these derogatory remarks on my credit report as it is hindering my credit. There response from the credit Bureau is that the information meets requirement of the fair credit reporting act ). However I still have not been provided any proof after sending several letters asking for this information. I have enclosed some move out pictures from both residents"
incorrect namws address and mispellings of employers
"I am writing to you today because I have exhausted all other options, and as CFPB I thought you may have the resources available to help me, or at the least point me in the right direction. 

On XX/XX/XXXX I was served in hand by a Sheriff a Writ of Summons to appear in XXXX County Court on XX/XX/XXXX for a Breach of Contract with Navient XXXX XXXX XXXX XXXX. This is for falling delinquint on financially crippling student loans, and unfortunately there is no pro bono legal program available to help me with this because no one in the state legal assistance offers help with student loan debt. 

I arrived at XXXX College an aspiring restaurant owner in XXXX, I was told the loan would be no problem for me what so ever and the payments would be so low I would hardly notice them. Not only that but XXXX offered FREE job placement for life. Reluctant as I was ; I agreed and whole heartedly signed my life away to XXXX XXXX in the sum of approximately {$59000.00}. 

I studied hard while enrolled, and graduated in XXXX on the Deans list. Two short months later XXXX closed its doors forever. The first thing I noticed was that the laptop I had purchased from XXXX with a lifetime IT support crashed and there was no one to call. 

Faithfully I made payments to XXXX XXXX in the sum of {$500.00} per month even though the minimum was {$240.00} per month and not scheduled to start for another 4 months. I was so enthusiastic and full of hope of a good paying job with my new earned credentials. 

I could never find a job in my field that paid more than {$13.00} per hour and the student loan payments were very difficult for me to pay but I continued to pay them. Many times I was unemployed and would have greatly benefited from XXXX promised Lifetime Job Placement program which was available when I signed these loans. But faithfully I continued to pay that payment. 

In XXXX I contacted XXXX XXXX and asked that my payments be deferred for one year because I was having a baby and could no longer make my payments. They deferred my payments for one year for a fee which was added onto the principle. After sometime I contacted sallie mae to discuss repayment options. At this time the minimum payment due had gone up to {$400.00} per month.
I contacted a non profit company thats premise was to consolidate and lower student loans. I paid this company {$600.00} for their services. They entered me into a rehab program for two years and the money was automatically withdrawn from my checking account each month. At this time Sallie mae promised me that if I paid on time every month for two years they could remove my co-signer from my loan. 

Two years later after complying with their demands and paying {$400.00} per month I was told I could not remove my co-signer because my credit wasnt good enough and that the {$400.00} per month that I had been paying was interest only and that I should have been paying {$1100.00} per month. Also, unbenounced to me this was for my FEDERAL loans only. So every month I was paying {$400.00} per month they were tacking on late fees to my principle. 

At this time the interest on my private student loans is 13.5 % and the estimated payback is {$100000.00}. 

I make work 40 hours a week at a non profit XXXX center. I work additional hours at work volunteering so my work will cover the cost of my health insurance because Im not eligible for assistance through the state because my income is too high. My sons father XXXX XXXX in XX/XX/XXXX and I receive social security for raising my XXXX XXXX XXXX son. 

My income each month is {$1900.00} Rent : XXXX XXXX : XXXX XXXX XXXX : XXXX Car : XXXX Insurance:XXXX Private School : XXXX Cell phone : XXXX At the end of each month I have {$240.00} remaining to provide food and heat for my child, buy gas for my vehicle. I have a XXXX XXXX XXXX child and we are not eligible for food stamps. Often I get free food from work and feed him going hungry myself. We have plenty of free healthy food for my son and I can assure you that he is well taken care of. 

Please tell me what can be done to help me. Ive exhausted and become quite versed in the terms forbearance, interest bearing, capital interest and finally delinquency. So I ask you, is it ethical for a XXXX year old single mother that graduated on the deans list to be financially crippled in student loan debt to the point that I now need to miss work to appear in court for a payment it is impossible to make. I also feel it is completely unfair that XXXX made empty promises when they wanted the money and now are no where to be found. 

I will anticipate your speedy response. You can reach me at XXXX or email at XXXX or my work number is XXXX any help you can provide is well appreciated. Unfortunately I believe I have somehow fallen between the cracks of a weird system. I make too much money to be eligible for any assistance but dont make enough to obviously afford {$1100.00} per month paying for what I believe is a SCAM. Now XXXX XXXX is owened by Navient and I cant get my payment history. 

PS : unfortunately, it is nearly impossible to get in touch with your office during the work day. Im sure I am not the first person to tell you that. 

Thank you, XXXX XXXX XXXX"
"TransUnion has been reporting a tax lien on my credit report for most of this year. This is an error from XXXX XXXX due to their slow process to resolve issues. I have sent TransUnion requests to validate and verify with XXXX XXXX XXXX XXXX XXXX and provide proof based on the right 's given to me under Sections 610 ( A ) ( 1 ), 605, 609 &  623 of the FCRA. TransUnion 's response was a claim that they certified the information was reporting accurately. They NEVER sent the proof I requested so I contacted the XXXX XXXX XXXX XXXX XXXX requesting to see this information that TransUnion claims to have verified. XXXX XXXX XXXX XXXX XXXX sent a letter stating that operators may confirm a specific tax lien has been recorded but operators "" CAN NOT VALIDATE OR VERIFY RECORDED TAX LIENS ... .Recorder has NO ABILITY OR AUTHORITY to validate or verify recorded tax liens. '' I sent that letter to TransUnion explaining that they are still reporting information that has NOT been properly verified and based on FCRA Sections 611 ( 5 ) ( A ) & 1681 ( A ) ( 4 )  the information they are reporting must be deleted. I called TransUnion on a couple occasions and have been disconnected when asking to receive the information they claim to have verified. My last conversation was with a lady named XXXX at XXXX XXXX on XXXX/XXXX/XXXX. XXXX was informative. She claims that TransUnion verified the information although company policy could not let them share the alleged verification due to company policies. I told her to reference the letter I sent from XXXX XXXX RXXXX XXXX XXXX and she stated that the letter was only referencing calls made to the XXXX and she completely ignored the statement in the letter clearly saying that the "" Recorder has NO ability or authority to validate or verify recorded tax liens. I asked to speak to a supervisor and a very similar conversation took place. I asked to receive the proof that the information was actually verified, [ which again is my right and their responsibility based on FCRA Section 610 ( A ) ( 1 ) ], and my call was disconnected. I have notarized documents that XXXX XXXX XXXXt has in their possession, which shows they have reported inaccurate information. So I am very confused how TransUnion can certify and still report any of this inaccurate and improperly verified information. 

I have been attempting to resolve this matter with Transunion through mail, phone calls and various documentation and have NOT had any success. Please have this credit bureau remove the improper and unverified blemishes from my credit report. 

Thanks!"
"I live in the state of Texas. After sending emails XXXX for verification of debt i am requesting that the debt be removed from my credit report. I have not received any information pertaining to debt nor any proof of required information pursuant to Texas XXXX. I can not validate debt as mine as I have not any proof of debt, nor any communication from IC System Inc in the time allowed from said TX XXXX XXXX."
"I had a checking and savings account with HSBC. I am in the XXXX and had direct deposit go into those accounts. While I was XXXX overseas for the XXXX, someone used my debit card and made many transactions in stores and online. Once I found out about this I notified my XXXX who told me to notify the bank about the fraud. I called HSBC bank and reported the transactions which totaled over {$3200.00} of my hard earned money gone. I waited for some type of credit to my account so I could pay my bills. Three days after HSBC stated they would not be able to approve the claim. They did not even bother to investigating it. I was devastated and in shock because I really worked hard to save that money. Not only did they not investigate but they also notified the branch manager of the location that i opened my account to close it once my funds were depleted because my account was a victim of unauthorized transactions."
"During several dates, I have sent certified mail to the credit bureaus asking them to verify the inaccuracies of the information on the bankruptcy they are reporting. On my report, it lists the liabilities and assets being {$0.00}. This is not accurate and you can see this highlighted on the report attached. On several dates, I received the response from the bureau stating they verified the information. I then sent a letter to the XXXX County Court Clerk 's office asking if they verified the information to the bureaus. They sent me a letter stating that they do not provide information to the bureaus. The XXXX creditor was sent a letter for verification and validation and they have not responded to my request and have exceeded the mandatory 30 day time limit. XXXX XXXX was also contacted and has not sent verification. 

My complaint is this, I challenged the Items based upon the inaccurate reporting of the {$0.00} assets and {$0.00} Liabilities on my report for the BK. Pertaining to the XXXX account, they have not responded to certified mail and confirmed verification and validation of their inaccurate reporting. The XXXX XXXX account jumps instantly into 60 day late reporting mark but does not say a 30 day period was breached. I have also added proof that these bureaus are not doing a true verification and supplying relevant proof while not flippantly dismissing the FCRA mandated rules. The bureaus also refuse to provide and form of evidence there for proving their verification. The Bureaus claimed that they had verified the information, when clearly they could not have for two reasons for the BK, 1 ) it is impossible to have a bankruptcy and  have {$0.00} liabilities and {$0.00} assets reported 2 ) the bureaus claimed they verified the information, yet the source of the information sent me a letter that they do not verify information with the courts. Also, I put a Freeze on my XXXX XXXX report yet they used that agency ( NO third party can verify per FCRA ) as a third party. 

This leads me to conclude that the credit bureaus never conducted a reasonable investigation on this inaccurate information for the BK. For the Rise account they have not responded to my request for validation and verification and time has lapsed past 30 days. 

In my certified mail I also requested they remove any inquiries that are not currently associated to any account. The credit bureaus also said they verified the information but can't provide any proof. If they do have proof they have not provided that to me after many requests. 

I would like to have this inaccurate records removed from my credit report as it is reporting inaccurately and incomplete on my report."
"On XXXX XXXX, 2015, my wife attempted to deposit {$1800.00} cash, XXXX XXXX XXXX dollar bills, XXXX XXXX, XXXX XXXX, and XXXX dollar, into my Bank of America checking account by using my debit card at the ATM machine located inside of the bank. The ATM machine malfunctioned and only credited {$300.00} of my attempted deposit. The receipt stated "" Sorry, some of your items could not be processed or returned. Please contact your financial institution. '' I contacted the electronics claim department of my financial institution to place a claim. XXXX separate claims were made. claim number : XXXX represents the {$1500.00}. There was a temporary credit to my bank account of {$1500.00}. This credit was reversed on XXXX XXXX, 2015 because they did not locate any additional cash for this transaction thus closing closing this dispute. They also credited on XXXX XXXX, 2015 the {$31.00} from claim number : XXXX and determined that this claim was resolved and the current status was claim paid. I am disputing the final decision on claim number : XXXX and ask for your office to further investigate what happened to my deposit. I am attempting to forward to you the documentation the bank provided."
"I had requested to Bank of America that I wanted to place my home up for short sale 2015. I fax documents to the for approval that have been giving me the broaden around. I am working with a real estate company for a buyer, BOA shut that down. From 2015 to current I have been sending BOA my leave and earning statement and bank statement but I can not do a short sale. I am really frustrated, please help."
Company continues to charge excessive fee 's citing that I do not have car insurance after proof of insurance was provided. And no agreement was entered with me to maintain full coverage insurance. However I have provided them with proof of insurance.
"I have a XXXX XXXX through XXXX XXXX ( XXXX XXXX ). There was a data breach at the company that caused them to want the card frozen. Unfortunately, and through no fault of my own, their computers never shut the card down and I was able to continue making purchases on it. One day, after checking my account details, I noticed purchases having been reversed. In addition, there was a 60-day delinquency being reported. 
I called Customer Service with regard to the matter, and a manager named "" XXXX '' called me back the next day. He explained that, in their error, the card was never shut down as they wanted it to be. A new card had been sent to my old address and returned to them as undeliverable. XXXX assured me that all would be taken care of. They would send me a new card, to my current address, and would also remove any and all derogatory information sent to the credit bureaus. This was in XXXX. 
Last week, around XXXX XXXX, my credit monitoring notified me of another 60-day delinquent notice that had been sent to the credit bureaus. In addition, an "" over the limit '' indicator was there. This, combined, caused a XXXXpoint decrease in my score. 
I called Customer Service and they reiterated the conversation I had with XXXX in XXXX. It was confirmed that I had faxed in the necessary information to have the new card sent. However, I was told that they would need to confer with XXXX related to any reversal of late fees and also any removal of negative information to the credit bureaus. 
I was told XXXX would call me "" right away '' but no word from him at this point. XXXX XXXX indicated this was their error and they would be happy to fix it."
"Four fraudulent charges appeared on my Citibank credit card account between XX/XX/XXXX through XX/XX/XXXX in  amounts from {$80.00} to {$310.00}. I noticed the charges online within two or three days and contacted Citi via online chat immediately to inform them of the fraudulent charges. Citi credited the amount of three of the four fraudulent charges back to my account immediately. One fraudulent charge from XX/XX/XXXX in the amount of {$170.00} remained pending on my account. 

The statement for my account closed on XX/XX/XXXX. The {$170.00} fraudulent charge from XX/XX/XXXX was still shown as the balance due on my account. There were no other unpaid charges on this account. I contacted Citi several times via online chat over the next three weeks. The chat agents refused to provide any further information. 

On XX/XX/XXXX I mailed a certified letter informing Citi that I disputed the four fraudulent charges. Citi received the letter on XX/XX/XXXX. Citi acknowledged the disputed charge via electronic letter on XX/XX/XXXX, but did not remove or credit the charge. I did not pay the disputed amount. 

My next statement closed on XX/XX/XXXX and included a late fee of {$25.00} and interest charges on the {$170.00} outstanding balance of {$2.00}. Citi online is now showing that my payment is past due despite knowing that this fraudulent charge is disputed. 

Citi has violated 15 U.S.C. 1666 ( c ). Citi sent me a statement dated XX/XX/XXXX including finance charges on amounts in dispute following written notice from me. That statement does not include any indication that payment of the disputed amount is not required pending Citi 's compliance with section 1666, as required by section 1666 ( c ) ( 2 ). 

I have requested that Citi remove the fraudulent charge, the late fee, and all interest charges. Citi has yet to substantively respond."
On XX/XX/XXXX I contacted Diversified regarding an account listed on my credit file in the amount of XXXX rounded off to XXXX on my credit report. Diversified responded by representative XXXX XXXX with a response that was not related to the account I was complaining about. There seem to be a misunderstanding on what account is being complained about. Please remove Diversified Consultants in the amount of XXXX from my credit file. This account is a result of identity theft. I have never had any dealing with Diversified Consultants nor the company XXXX in which you represent. I have never received a notification or validation from Diversified that this debt was owed or that it will be reported o my credit file. I wasn't made aware of this fraudulent debt until I check my credit file. I will also attach what was sent to me so the CFPB can see that they responded with something that was not in question to them. There is no contract bearing my signature nor any legal proof that I have any obligations to you. The alleged account is a result of identity theft and should be removed immediately.
"I recieved written correspondence by mail that ambiguously said to call their XXXX number to discuss matters regarding my account ending in XXXX. I call, because it did n't say what it was about but I knew I had existing fraud claims. I spoke to the agent, referenced the letter and asked if it was in regards to my open fraud case. She stated no. That it was an offer to raise my credit limit and asked if I wanted to take advantage of the offer. Every increase was done without my requested permission so this was new to me. I specifically asked if it was going to put a hard pull on my social. She said no, that it was an offer for an existing account. I explained that if it did, I did NOT want it as I can not have any more pulls and do n't really need an increase in limit, that I planned on purchasing a new car in coming months. I was reassured ( all on recorded lines that I 've played back and listened to! ) that this was not the case. She asked how much of an increase I would like ( again, another first ). I said I did n't really care. She threw out some numbers, went with the lowest. She then told me I would get written correspondence in the mail regarding the increase ( which sounded fishy ). Not an hour later I get multiple alerts on my credit for a new hard inquiry. I waited a few days to see if it would fall off out of error, it did not. I called the customer service line and they assured me it was not an offer, that it was about my fraud claim, and that they would remove the hard pull. They have n't, it is still showing!"
"I need to update me credit file. My current address is XXXX XXXX XXXX, XXXX, OH XXXX I do not live at XXXX XXXX XXXX , XXXX, OH XXXX, XXXX XXXX XXXX, XXXX, OH XXXX. My current employer is XXXX XXXX XXXX XXXX, XXXX XXXX SS XXXX MY DOB XXXX I was viewing the rest of my report and I noticed there were unverified account I do not recall ever doing business with these companies XXXX XXXX XXXX # XXXX XXXX   XXXX XXXX XXXX XXXX XXXX XXXX XXXX XXXX XXXX XXXX XXXX XXXX XXXX XXXX If this entry is verified, please send me the name and address of the provider or furnisher providing this data, and the manner in which it was provided in order that I may pursue additional legal remedies. 
As you know, the Fair Credit Reporting Act requires you to follow reasonable procedures to assure maximum possible accuracy of the information on my credit report. Therefore, I am requesting you verify the items I am disputing at a higher standard than a computer generated inquiry, XXXX or third party database search. Please also notify the source who reported the item within 5 days after receiving this dispute, and obtain an affidavit sworn under penalty of perjury of verification directly from a person at that source."
"On XX/XX/2018, I called XXXX XXXX to ask why my tax bill included a fee of {$5.00} names as "" interest ''. They said the tax payment was made on time, to call the Tax Assessment office. The tax assessment office said the fee was for the "" convenience '' of paying the tax bill twice a year, versus once a year. I spoke to a supervisor at the XXXX County MD   Assessment Office at XXXX. I asked her how I could change the payment frequency and she stated that I needed to call my mortgage servicer ( since my tax bill is paid from escrow ). I called XXXX XXXX again at XXXX XXXX. I spoke to XXXX ( ID : XXXX ). I explained the issue and he said they would just need to change the bill amount in their system and that he would transfer me to the office that can do that. I was on hold for over 20 minutes so I hang up and called again. This time I spoke to XXXX ( ID : XXXX XXXX at XXXX XXXX. He too transferred me to the department that handles taxes via conference call and we spoke to an employee called XXXX. She said that they could not make the Tax payment once a year, that I had to contact the MD Tax Assessment Office to change the billing frequency. Her statement is in conflict with the XXXX XXXX flyer which states otherwise. The Maryland tax assessment ( XXXX XXXX County ) office was very clear that the mortgage servicer CAN pay the bill once a year and is the only one that can make the payments once a year ( vs. bi-weekly ) since the payments are made from escrow ( see email from the XXXX XXXX Government official, Financial Operations Supervisor ). Despite this, the Caliber Home Loans Tax office in essence denied my request to pay once a year. Since they said they could not change my payment frequency I asked Caliber to be allowed to get out of escrow so I can pay my own tax bill once a year and not have to incur additional fee for the convenience of bi-annual payments. I was told by XXXX that I am required to have an escrow because I have a VA loan. I asked if they could send me in writing the reason why they can not make the tax payment once a year as the supervisor at the MD tax assessment office explained I had the right to choose but the Caliber Home Loans representative said that no We don't put anything in writing because there are legal implications. Then I asked to speak to a supervisor at the Caliber Home Loans tax Department and 30 minutes later, I was still on hold. Finally, XXXX came back to the phone and said that no supervisor was available but that he would put in the notes that I called. A homeowner forced to pay Property Taxes via escrow should not also be FORCED to incur a fee because it is more convenient for the mortgage servicer to pay the tax bill twice a year. Caliber Home Loans should be required to notify me in writing the reason why they refuse to pay my tax bill payment once a year as I requested and as MD law allows me to choose. Caliber Home Loans refused to give me a reason in writing for not granting my request, they refused to make one payment as I requested and as shown in the Tax Assessment Office flyer ( see attached county 's tax flyer, page 2 under Semiannual Tax Payment Option ). I should not have to pay a service charge that is 0.15 % on the balance of the payment, only because Caliber Home Loans chooses to pay my bill semi-annually vs. annually. Furthermore, as a consumer, I should have the right to speak to a supervisor when I have problems with my escrow that the main line representatives are unable to correct."
"To Whom It May Concern I recently purchased my first home utilizing the services of XXXX XXXX in XXXX, PA. At the time of closing XXXX XXXX informed me that my mortgage would most likely be sold being that it is an FHA mortgage and that it would either go to XXXX XXXX or Chase. I was crossing my fingers chase would get my mortgage as I already had a credit card account with them. Well a few weeks later my "" wish '' was granted and chase was my new mortgage holder. I then noticed one day my mortgage was listed on my online portal so I did not have to do any data entry or payment entering everything was rather seamless. Well here we are not even 4 months after buying this house and I get a notice that "" XXXX XXXX a XXXX XXXX '' is my new payor. I have had trouble since the start, their system hasnt updated and I cant create a log in, it takes 20+ minutes to get someone on the phone there. I called Chase and asked them to reconsider transferring my mortgage but that fell on deaf ears. I am writing this government agency as you were designed to help me the consumer in situation with dealing with financial institutions, so help!"
"I have repeatedly requested that Central Financial Control provide me with an explanation of the amount they claim I owe, how that amount was calculated, account history. They have refused to provide this or any copies of documentation that this debt is in fact mine. Yet they have been willing to put this unverifiable debt on my credit report, as well as send me a continuing stream of collection letters. Please see attached."
"XXXX XXXX XXXX Earn XXXX Bonus Points World OF XXXX XXXX Signature Credit Card APPLY NOWButton to apply for World OF XXXX XXXX Signature Credit Card. 
*Offer Details | Pricing & Terms {$95.00} annual feepricing and terms reference link Earn XXXX Bonus Points after you spend {$2000.00} on purchases within the first 3 months of account opening.offer details reference link* Plus, get a {$150.00} Statement Credit after your first purchase with the World of XXXX XXXX XXXX XXXX XXXX XXXX Price for stay and statement credit may post on separate statements. 




This Chase XXXX credit card is a likely scam. The card as promoted, above, is not available, but a XXXX point offer spending {$3000.00} with no statement credit is available. IT IS A CLASSIC BAIT AND SWITCH PLOY. And that is being kind. 

Both Chase branch personnel and only associates could not offer the XXXX promoted card, but offered a card with lesser value."
I had purchased a sears credit protection plan effective date XX/XX/1998 with group policy number XXXX and XXXX with certificate number XXXX for account number XXXX would cover my balance my account if I get unemployed or XXXX. unfortunately I became XXXX and I notified the insurance company what just happened and become XXXX. and next thing I know I have a collection agency after me.
"On XXXX XXXX, 2012 a line of credit was opened in my name and within several days I received a Wells Fargo "" Platinum Card '' credit card in the mail with a line of credit shown to be {$5000.00}. I did not formally ( nor informally ) request an application for this card or apply for it. However, I did receive a "" cold '', unsolicited phone call from a Wells Fargo Representative either on, or several days before XXXX XXXX, 2012 during a time which I was at work. I answered the phone because it was a number I did not recognize, and explained to the representative that it was during the work day and therefore not a convenient time for me to talk. The Wells Fargo representative asked if he could "" send me some information ''. I told him that would be fine, and hung up the phone. Several days later I received a physical credit card in the mail with additional information about my new "" account '' which as I mentioned I had not applied for. I also noticed the new credit account show up as a new line item in my online banking interface, alongside my other Wells Fargo accounts ( at the time, only XXXX debit account and a savings account corresponding with the debit/checking account ). After receiving the physical credit card in the mail, it sat idle and I did not activate it until XXXX XXXX, 2012 ( due solely to the fact that I was planning an trip abroad later that month, and felt it would be helpful to have a line of credit to fall back on should any emergencies arise ) -- This credit card I received from Wells Fargo was my first generic "" credit card '', and prior to then my only credit card accounts were XXXX and XXXX XXXX branded cards, and an XXXX XXXX XXXX XXXX XXXX ( no line of credit, just a charge card ). All of that said, I have used the card since having activated it, but have always felt unsettled by the fact that I never requested it, and frankly was entirely baffled as to how this could have happened. After hearing about the recent allegations yesterday on the news outlining circumstances which sounded very similar, I wanted to share my story. At the very least, I take solace in knowing my experience was not an isolated issue. I plan to look into this further and obtain any other pertinent details ( for example, who exactly called me and why this occurred ). I would greatly appreciate any further clarification, potential resolution, or to be pointed in the direction of someone designated to assist with this particular situation. I am a resident of New Jersey, so if there are state resources I can contact I am happy to get in touch."
"My husband filed Chapter XXXX, which was discharged in XXXX 2015. XXXX, XXXX was contacted by trustee, but did not respond. We have tried to get them to correct our credit reports ( this debt was fully discharged ). They continue to misreport."
"I had a mortgage through Wells Fargo for 3 years. during year two, I lost my job, due to a XXXX, and I was unable to find suitable employment that was able to pay my bills. I attempted to get a forbearance on the loan. They kept requesting documents and losing them. I demanded a different agent since the one I was talking with would n't return phone calls and repeatedly lost documents. They refused to do such, and after a year of dealing with this and other issues, they repossessed my home. At the time the county appraised my home at a taxable {$160000.00}. This played a part in a years worth of trying to recover, crawl out of homelessness, and completely devastated my credit. Wells Fargo did everything in their power to ensure that I had no ability to actually save my house, and refused to discuss options with me."
"Best Buy Credit Services XXXX XXXX XXXX XXXX XXXX MO XXXX is where I was about to send a letter appealing a customer service request that was denied. My wife was paying monthly on XXXX and XXXX gifts purchased at Best Buy on 24 month and 18 month promotions that ended in XXXX and XXXX 2015. She had payments scheduled in online banking to send to the Best Buy Credit Card. The scheduled payments must have expired because I got a call in XXXX, XXXX and XXXX by a computer telling me that the monthly payment was missed and offered to take a payment using my checking account information. I called customer service tonight and spoke to a very nice lady who took full payment at my request and also offered to remove the most recent monthly late fee. I asked for an explanation of the total interest paid in 2015 of {$1200.00} when my pay-off was only {$1500.00}. She told me about the XXXX and XXXX interest charges of {$670.00} and {$380.00} respectively. From my perspective, those quietly appeared without warning. And when she explained that the 27.99 % APR was on the initial purchase price calculated daily going back 24 months and not on the remaining daily balance, I felt that it was excessive. I respectfully asked for her use XXXX that rate. She put me on hold to ask a credit manager and the answer came back as no. She was so sweet and helpful that it was hard for her to tell me no. I asked if the credit manager would reduce the interest by XXXX and she said she was already told no to any relief. The reason she gave is that I had not tried to contact them sooner. If I had contacted them in the month following the interest charge, they may have removed it completely. But since it was 3 months after the charge, it would all stay. My frustration is that my wife pays our monthly bills and I knew something was wrong when I got a phone call. If they had used a person instead of a computer to call me for the recent missed payment, maybe I could have asked at that time. But I did n't know about the excessive interest charges until I opened the XXXX statement today. If the computer that called me to collect my missed monthly payment told me that it included 77.53 % interest and 22.47 % principle and fees, I might have asked to speak with someone instead of just paying the requested payment of {$440.00}. Remember that these were gifts to me from my wife. Anyone who is married would recommend that I just pay the requested amount from the phone call instead of asking to see my wife 's accounting records. After the second monthly phone call from Best Buy Credit, I had to risk rocking the family boat and ask her. I survived and when the next bill came in the mail, it was laid out on the counter for me. That was last night. She was still paying the amount she originally scheduled, but it was no longer meeting the minimum because of the gigantic interest charge on what was then a small balance. I think that my call to Best Buy Credit today could still be considered timely since it was the first bill that came after XXXX phone calls from their computer. We did n't miss any payments. It was the accumulated interest that caused required adjustments that my wife did not make any. I reacted after XXXX months in a row of notice that something was not right. I only asked that the interest charges be reduced to something both I and the phone representative thought fair. But I got a cold NO. The credit manager had the power to give a crumb at least. But nothing. It will cause me to not shop at Best Buy any more because it cost almost as much as the original gift and we never missed a single payment. The computer that called should tell us that our recent payment was not enough or we should get a special, separate notice that our balance doubled due to interest. Especially when they say NO because I called 3 months later instead of XXXX or XXXX. Cold-hearted."
debt is currently listed with Grant Mercantile Agency as of XX/XX/2017 for {$1500.00} on behalf of original creditor XXXX XXXX company. This is NOT my debt and they have nothing tp identify it as my debt. After repeated calls to both collections and original creditor asking for identification as proof of debt-neither company is able to provide that claiming that they do not habe it and do not need it. I have never been sick a day in my life and never used an ambulance or any other medical transportation in my life. This is NOT my account and I am asking that it be closed and removed from all of my credit reports. Next step will be to get attorney and ask for damages. This is not right to be charged for something I have never used. it is NOT my account. Either show me the identification used to obtain this account or remove it from my credit reports please.
I was placed as an authorized user on a credit card without my consent. I have never used this card from XXXX XXXX XXXX XXXX. I have been writing Equifax for over a year to remove this item. I have also been writing XXXX XXXX XXXX XXXX. The account was charged off and I am not responsible.
I recently ordered my credit files and found this account on my credit reports. I have never had any account with this institution and do not know of any account ever opened with them. My personal details where compromised in 2012 when my wallet was lost and included ; credit cards ; social security card and driving license but was found and mailed to me.. Please verify this account and the information used to open this account My credit files report an address that is not known to me and there have been attempts to open accounts from an address.
XXXX is not showing my car loan.
Attended XXXX College which is no longer accredited or open instuite. I can't get a job with the certificate due to the school closing and no accreditation which has caused me not to be ablt to work as XXXX.
"I received a letter from the Simon 's Agency regarding a debt that had previously been satisfied with the hospital network. When I received the letter, I first called XXXX and they stated that they could see that the service from this date had been paid and that they would send it to the case manager to have it investigated. 
I then reached out to the Simon 's Agency , Inc. and explained the situation and requested that they put my confirmation of payment ( I had the number to provide them with ) in my file for reference and they told me that they didn't want it and that unless XXXX told them otherwise, they were going to continue to collect. 
I sent the Simon 's Agency a hand written dispute in the mail. I provided my payment confirmation number and requested that the matter be investigated. 
On XX/XX/XXXX, I received a call from XXXX, my case manager at XXXX ( XXXX XXXX XXXX ) .She stated that I was sent to collections in error and that the matter would be resolved that day. 
Yesterday, I received the attached letter from the Simon 's Agency allegedly "" verifying my debt ''. Please find my Bank statement with proof of payment, verification letter, and confirmation number from the date this payment was made. 
This is literally the 3rd time that the XXXX XXXX XXXX has sent my file to a debt collection agency in error and it is exhausting. My health has been very poor recently and I have already spent a great amount of time proving that I do not owe this claimed debt. It is clear that the Simon 's Agency has no interest in researching the validity of the debts that they are attempting to collect on, as sufficient proof was made available to them. I have excellent credit and do not want their in-compliant practices to have a negative impact on me and my family. 
Thank you so much for your assistance in this matter. 
Best Wishes, XXXX XXXX"
"On XXXX XXXX, I sent a payment of {$400.00} through PayPal to my daughter. I, later that same day, sent another {$400.00} in error because I did n't think the first {$400.00} had transpired. 
I cancelled this last {$400.00} and my daughter also refused the payment. Paypal continues to take that {$400.00} out of my checking account regardless of assuring me that the payment was cancelled. They are now also taking an additional {$400.00} out that was never received by my daughter. They tell me because my bank refuses payment they will continue to withdraw the funds even after it was cancelled and refused."
"I called XXXX XXXX last XXXX XXXX with my ex husband present to get the bill out of my name since we were getting divorced. We called XXXX XXXX and spoke to a rep and told them that he was taking over the services since I was moving from the Residence. In XXXX XXXX I received a letter stating that I was sent to collections for unpaid debt to XXXX XXXX. I called XXXX and told them that I have n't lived at that residence since XXXX XXXX and that my ex husband and I called in XXXX to have services changed in his name and that this was not my responsibility it was his. The guy I spoke with told me that the notes noted on the account corresponded with what I was telling him and all I needed to do was write a letter stating what happened and when and that we put the services in his name and that he would be responsible for any payment. The bill was up to date when I left there. Then just this past Monday evening XXXX XXXX XXXX I received another letter in the mail saying that I was sent to another collection agency from XXXX XXXX. I called the Agency XXXX XXXX account # XXXX and spoke with XXXX and told them the same thing and that I submitted everything they told me to do back in XXXX and that we both called in XXXX to have the services put in his name. I was told that they could not help me and that I needed to contact dish so I did. I called dish at the # he provided XXXX. I spoke with XXXX first and he told me he was going to transfer me to the assistant president XXXX. XXXX told me that everything I said was noted and that I did change the billing information but the equipment was still in my name. XXXX had cancelled the services and has not returned the equipment. I told XXXX that I was not responsible for anything that we had called back in XXXX to have it put in his name. XXXX told me yes you did but you did not the equipment and that there was nothing he could do. I said I am not paying for something that I done exactly what I was supposed to do and that who would change just the billing info and not the equipment that was not right and why would they do people that way. He said that is how there company works and I said yes trying to mess people out of their money and that is not right. I told him that I could contact the XXXX Consumer Financial Protection bureau and the att ; General. He said that he still is not going to change anything because I threaten to go to them and I told him that was not threat I was going to especially since this has made my credit score drop. The reason I know my credit has drop is because I just applied for a loan to buy a house and my credit score was lower. The bank lender and I could not figure out why and then I received this letter, so that explained it. I work to hard for my money and my credit to have it ruined. I need this fixed and made right ASAP or told what I need to do to get it done. Please contact me at XXXX or XXXX and let me know. Thank you for you time."
I submitted an income based repayment plan recertification with my new student loan borrower XXXX XXXX. I applied for pslf and they stated that They were going to send my loans to Pennsylvania higher education because they were the ones that handle the loan. I submitted my request within the 3 month window. And they responded stating that my idr request was denied because I submitted the request too early. Now I have to resubmit the request as the time is within 2 weeks of needing to have the certification before i am taken off my idr plan. This will increase my monthly payments to an amount I am unable to pay. They also said for the correspondence I would have to wait for the document to come in the mail before I could dispute their claim. It stated on studenloan.gov that when I filled out the request it could be used for the future date when my recertification was due. It appears the company is denying my request close to the time they will be able to remove me from my income driven repayment plan.
"Equifax mishandled my personal information, including SSN, DOB, DL #, credit card numbers, and other information which has led to a breach that puts myself and millions of others at guaranteed risk. I am extremely disappointed with how Equifax has handled reporting this breach. Very little was done to notify the public for nearly a month after the breach was detected. while their executives took the time to sell shares worth millions of dollars. I received no email, letter, or phone call and instead had to discover it via social media."
"Every month XXXX is supposed too update balance and payment history. Citicards fail to update XX/XX/XXXX balance to all XXXX XXXX reporting agency. XXXX, XXXX and XXXX. I Called Citicards and ask for the supervisor who told me there is nothing she can do about it. There is no way for her to get in touch with the credit report department to find out why they did not send the month of the XXXX statement to credit reporting agency. It is Now XXXX and there still is no update for XX/XX/XXXX. It is still showing XX/XX/XXXX statement. Now I am going to be missing history for the month of XX/XX/XXXX for this account XXXX. The balance was supposed to be {$500.00} for the month is XX/XX/XXXX and it never updated and now it the month of XX/XX/XXXX. I attached each Credit reporting agency report to show proof that was no update for the month of XX/XX/XXXX And I sent XX/XX/XXXX billing Statement I want it updated right now."
"On XX/XX/2016 I paid XXXX in full for the following amounts {$34.00}, {$270.00} & {$55.00}. Although, I was told they would be removed from my credit they haven't done so."
"I paid XXXX XXXX Systems back in XXXX. They sent a letter to all XXXX credit bureaus and my wife and I showing that the account was satisfied in full. The problem is that all the credit bureaus are reporting this account in the remark section as "" settled for less than full amount ''. I asked them all to remove the remark from this account. I uploaded and faxed documentation from XXXX XXXX XXXX showing this account was satisfied in full. It 's now XXXX, and we are in the final process of getting our first home, and the remark is still showing on our reports. We need to have the remark removed."
"I have been receiving mail from CapitalOne addressed to me, and to another individual I do not know, and has never lived at my address. I am a credit card customer with CapitalOne. 
I originally contacted CapitalOne on XXXX/XXXX/15 regarding this issue. They took information from me, including numbers off the mailing. They also had me put the letter back in the mail as return to sender attn fraud dept. 
I was told they would investigate and get back to me. I have yet to hear from them. 
On XXXX/XXXX/15, I received another letter from CapitalOne - addressed to me and the same person I do not know again. I contacted CapitalOne again, and was bounced from department to department, and hung up on/disconnected twice. I also attempted to resolve the issue through there online chat, where I was told to call again. 
I attempted calling the fraud department directly, which answered very promptly, but was told they could not help me and transferred me to another dead call. 
I attempted to contact CapitalOne multiple additional times. Each time, a message stated they were experiencing long wait times. After several hours of trying to get a human on the line that could actually explain what was going on, I gave up for the day. 
I do n't know if this is fraud related, but somehow CapitalOne has my name and address associated with another individual. This does not seem like something that should be occurring."
"I do not own this debt.This vehicle was stolen   XXXX    2016. P olice Report #  XXXX . The car was never recovered. I filed a loss through my insurance company, which was a paid valid insurance policy. United Auto Acceptan ce ( UAA ) needs  to contact the insurance company to discuss payment of the vehicle balance. I am requesting full valid proof of this debt. Along with the person 's name, position and number who physically validates this debt and as to why United Auto Acceptance refuses to go after the correct owner of this debt. If United Auto Acceptance can not properly and accurately provide with the proof, I request that this debt that I do not owe be removed"
"Case number : XXXX : Your submission, [ Case number : XXXX ] XXXX XXXX XXXX Reply | To : Consumer Financial Protection Bureau XXXX XXXX ; XXXXXXXXXXXX & gt ; ; Tue XXXX/XXXX/2016 XXXX XXXX Good afternoon and now we have yet ANOTHER challenge in regard to the OCWEN error regarding the amount they WANTED as owed as to the amount they settled on a month ago. 
SO, I received all documents stating that the actual amount to be paid into ESCROW was still $ XXXX and, I 've already paid in {$1000.00} of it as they gave me NO OPTION FOR AN INCREASED PAYMENT for a year possibly, but we are taking care of it so by the time in XXXX the taxes are due again, the money will be paid in. AS OF THIS PAAST WEEKEND, I received a communication stating they noticed I was having a difficult time paying my mortgage and I HAVE NOT YET EVER MISSED A PAYMENT. Yesterday, I received XXXX notices of DEFAULT and STILL have not missed a payment as I continued paying the amount of the regular house payment owed as specified UNTIL THE ISSUE BECAME RESOLVED. THIS was my obligation until they resolved the error they had made. 
I do not want to be in fear of losing my home after all these years because of a mistake I DID NOT MAKE and Ocwen can not resolve. They did, as I said, give me an amount that was outstanding after they made all their adjustments from the near $ 30K originally stated and the approximately {$3400.00} that they are looking to be paid in however, no effort was made to contact ME since it was their error to have me perhaps pay in monthly as there was incidents where they have done that in the past if the amount was short for whatever reason. 
I have also contacted the Ombudsman office at Ocwen about the resolve and what I consider to be another gesture IN ERROR on their part since not many people can just "" find '' {$3400.00} to plunk down for a mistake they did not make. 
Thanks again for your assistance and here is my account number with OCWEN XXXX. 
Money is, like I stated, being paid down from the $ XXXX they stated was the amount and {$1000.00} is already sent in and processed toward the total. Next amount would go to them on or near XXXX/XXXX/2016 and then the balance in a similar frame when income tax money arrives from tax return processing. 
Thanks. 
XXXX XXXX XXXX XXXX XXXX XXXX XXXX, IL XXXX XXXX"
"I received a letter dated XX/XX/XXXX from IC System alleging that I owe them {$220.00}. I have never done business with this company nor have I ever heard of them until I received this notice. I sent a letter to IC System requesting debt validation as per the FCRA. IC System responded to my request on XX/XX/XXXX by sending photo copies of a cable bill, with nothing bearing my signature, and placed this account on my credit report. 

On XX/XX/XXXX I sent another letter to IC System informing them that according to the FTC opinion letter from Attorney XXXX XXXX XXXX, photo copies of an old bill does not constitute verification. This letter was signed for by XXXX XXXX at IC System on XX/XX/XXXX. 

As of today, XX/XX/XXXX I have yet to receive any type of communication from IC System. This alleged account still remains on my credit report and is being reported by XXXX, XXXX, and XXXX. IC System is in violation of the FCRA & FDCPA. 

I am requesting that this account be immediately deleted from my credit report because it is causing damage to my credit file."
"I made my request for my credit report via the XXXX website. Experian refused to provide me my report online and stated that I would have to mail in additional verification. I then went directly to their website and chose an option that required me to pay them for the service, and they immediately provided the report after I paid the fee. 

It is very obvious that they are intentionally circumventing my right to receive a free copy of my report and attempting to get me to pay for their service by refusing to provide reasonable access to my report if I do n't choose their premium service."
"I have recently noticed a ""  XXXX   XXXX  '' charge on my Macy 's credit card. I tried to cont act Macy 's they t old me to contact another company, but  XXXX  does not have customer friendly hours and I can not get through. I want a refund for all of the months of paying this charge unbeknownst to me."
The borrower entered a Home Affordable Modification Agreement with XXXX XXXX XXXX XXXX XXXX in XX/XX/XXXX. The mortgage loan servicer changed from XXXX XXXX XXXX to Caliber Home Loans on XX/XX/XXXX. The borrower was not aware of the transfer and continued to make timely payments directly to the prior servicer until XX/XX/XXXX. The payments were subsequently credited to the borrower 's account but the monthly mortgage statement includes a {$680.00} fee. It also states that the borrower paid another {$810.00} year to date in other fees. The borrower and I called Caliber on XX/XX/XXXX to determine why the fees are being charged. The Caliber representative stated that she did not know and she would send the borrower a detailed report explaining the fees. We have not yet received the report and the fees are still appearing on the borrower 's monthly mortgage statement and there has been no credit for fees already paid.
"Negative Credit Reporting in error for XX/XX/XXXX, XX/XX/XXXX & XX/XX/XXXX due to break in service by Navient and unfair and unjust lending service and standards. Navient broke service failing to notify co-signor of loan amount due and status of loan, due to data base error on Naviet 's part during the time period of XX/XX/XXXX - XX/XX/XXXX. Navient had a database error and replaced current address co-signor provided and requested she be notified at, with old XXXX address resulting in co-signor not being promptly notified regarding student loan payments not being made in full. Navient in error replaced the co signors current address on file, with a XXXX address file from when the co-signor was a young girl with a SallieMae student loan outstanding, which was paid off in full prior to co-signing the military veterans loans. Naviet sent personal loan information to an unauthorized address instead of the address provided to the lender by the co-signor and caused a negative credit rating for XX/XX/XXXX, XX/XX/XXXX & XX/XX/XXXX, as well as, undue risk to the co-signor. Once co-signor was made aware of issue co-signor promptly took action and put loan in good standing. Loan was being paid on during period of concern by borrower. Negative credit reporting on co- signors credit for XX/XX/XXXX, XX/XX/XXXX & XX/XX/XXXX should be promptly reversed due to break in service error by Naviet . Navient had good address on file for co-signor and co- signor made every effort to correspond with lender at all times. Navient broke service with co-signor regarding the financial product during the period of XXXX XXXX XX/XX/XXXX although address was readily available listed under co-signors social security number with Navient . Do-signor was always willing and able to pay on the loan cosigned which generates substantial income for Navient at a 4.5 percent rate. In addition, Navient Student loans cosigned were being paid on, small amounts of payments were being made by military person and his wife during the entire time period concerned. Family with XXXX children did their best to keep the loans in good standing while undergoing financial hardship. Once I was made aware of issue I immediately took action to pay on loan and put it in good standing. Co-signor has excellent credit otherwise and pays all bills at end of month, no other debt outstanding."
"my equity loan from XXXX was automatically transferred to the XXXX XXXX XXXX now called Specialized Loan Servicing LLC in XXXX, CO when I declared Chapter XXXX in XXXX. The agreed upon payments were {$95.00} each month and I never missed a payment. In XXXX the agreed upon payments were $ XXXX/month and I was able to make two payments each month of {$100.00} and have never missed a payment. In XXXX XXXX I received a notice of being in behind on payments by several hundred dollars. My monthly payment inexplicably increased to {$470.00}. I called several times and no-one could explain anything except I was behind in my payments. Fees were attached and now they claim I owe XXXX. A notice to foreclose was mailed to me and notes from field inspectors have been left on my door knob. I have continued to pay {$200.00} mo"
I have service with info armor and Transunion has not accurately reported or corrected the information they have been providing XXXX. XXXX has stated they have been going back and forth with Transunion as well to no resolve. In XXXX 2016 credit score was XXXX and now its XXXX - I have no idea what the credit reporting agency has done behind the scenes within a month to in accurately reflect a score of XXXX. I am trying to purchase a car and this is effecting my loan qualifications.
"Collection agency sent me a letter saying I owe {$150.00} to XXXX. I paid full balance of {$62.00}. I have their receipt stating a {$0.00} balance after the payment of {$62.00}. I sent an email to this collection agency attaching the receipt and I never received any a response. To anyone reading this I do n't recommend XXXX. They were nice before, but as soon I accepted their services they forgot about me."
"On XXXX/XXXX/XXXX, I purchased a used car from XXXX XXXX XXXX in XXXX, WA using pre-approved financing which I had obtained through CapitalOne Auto Finance  ( I 've uploaded the vehicle sale contract from XXXX XXXX XXXX and the first monthly statement that I received from CapitalOne ). 

Per my contract from XXXX XXXX XXXX : APR : 6.61 % Number of Payments : 72 Amount of Payments : {$300.00} Finance Charge : {$3900.00} Amount Financed : {$18000.00} Total of Payments : {$22000.00} Total Sale Price : {$22000.00} Per my first monthly statement from CapitalOne Auto Finance : Amount Financed : {$18000.00} Interest Accrued this Period : {$78.00} Ending Balance : {$18000.00} What does not seem right to me is the 'Interest Accrued this Period ' charge of {$78.00}, which was not disclosed at the time that I executed the contract with XXXX XXXX XXXX . I called CapitalOne and they said that it was per diem interest accrued from the day that I purchased the vehicle toXX/XX/XXXX While I do understand how per diem interest calculations work ( I work in the mortgage industry ), I do not understand why that interest was not disclosed to me or factored into the final numbers when I purchased the vehicle. 

I was also told by CapitalOne that my first payment is due on XX/XX/XXXX and my last payment is due on XX/XX/XXXX, which is a 73 month term and is not what I agreed to. By my calculations, the 73rd payment would be for {$78.00}, which is the amount of the undisclosed per diem interest that I did not agree to. Please advise."
"This is my 2nd complaint that I have had to file in the past several weeks about Bank of America, which is a separate issue from my first complaint. For the past few days someone has been accessing my credit card account to update my mailing address and phone number. I live in XXXX, and the individual is updating my address to a XXXX address. I am very concerned about this. I have done everything I can to try to get Bank of America to secure my account. 
I have reset my online profile, had a new card issues, had a security question added to my account. However, for three straight days someone had managed to STILL change my mailing address. The most recent time they requested a new card to be mailed to the address that was unauthorized. I called in early this morning to report it. The individual went right into my account details without asking for the password that I had setup. I brought this to the representatives attention immediately. This is very concerning as it seems that Bank of America is being hacked. I am very concerned that someone has my personal information. I have even setup fraud protection with XXXX, but somehow someone keeps being able to call into Bank of America and change my address for 3 straight days, and then request a new credit card to be mailed to them. Also, my account security does n't seem to be taken serious when representatives continue to release account information without verifying my password when I call in, which I thought this was to protect me. I have been assured by 4-5 different reps that the issue was fixed and this would not happen again. Well, 3 straight days someone has been making changes to my account. I have been a long time customer of Bank of America, but I am scared to continue to do business with them. I do n't mean to keep complaining, but I am fearful that Bank of America has breached my security on more than one occasion now. What is going on with you guys???"
This account goes back to  XXXX   XXXX . I was mislead and misinformed by the above described company and its online representative about their loan product. It seems to me that this company prey on individuals who they know ahead of time that they are not able to pay these loans. After further investigation into their practice I found out that their interest rate is ridiculous and unimaginable and should be illegal in America after the  XXXX  financial reforms. I have asked the company to close this loan several times to stop it from incurring huge amount of interest.   I am urging your department to investigate this company and others online who are practicing these scams and putting struggling families in debt knowing they are not able to pay these loans.   in  XXXX  or  XXXX   XXXX  CashNetUSA offered me a settlement of paying 75 % of the loan in full and then another settlement of paying 50 % of the loan in full because they knew all along that their practice is shady and their interest rate is beyond imagination.   According to  XXXX   XXXX  the consumers in America have demanded all along the federal government to investigate these companies and shut them down.
"There are two accounts that they say I owe a debt to XXXX XXXX.. I have sent out letters for validation on XX/XX/XXXX, they have not sent out valiadation on the two accounts that they say I owe. On XX/XX/XXXX I received a settlement offer in the mail under XXXX XXXX XXXX XXXX. sataing they are collecting on behalf of XXXX, XXXX. I was informed that XXXX XXXX. is not licensed to collect in Maryland. I have not received any validation on this matter as of yet."
"In XX/XX/XXXX, my mortgage was transferred from XXXX to Rushmore Loan Management Services. I paid my regular mortgage amount ( XXXX ) with no problem. In XX/XX/XXXX when I attempted to pay my mortgage I was told that was the incorrect amount, that my mortgage was XXXX. I disputed this amount and asked that this discrepancy be investigated. On XX/XX/XXXX, I paid the regular payment ( XXXX ) and was advised that the reason for the additional amount owed was because I had requested and received a loan modification from XXXX  that INCREASED my interest rate from XXXX to XXXX! I assured them that I had not requested a loan modification, that no one requests a modification to INCREASE their interest rate, and that Rushmore must produce the paperwork because I had NOT signed any such modification agreement. Rushmore said they would continue to investigate. I began receiving past due calls from Rushmore and on XX/XX/XXXX, under threat of Rushmore beginning Foreclosure proceedings, I paid the additional {$77.00} with the request my additional funds be refunded to me when Rushmore got this straightened out. 
Early XX/XX/XXXX I received an Audit letter from Rushmore dated XX/XX/XXXX acknowledging their error and saying my payment was correct at {$460.00}. They said the correction wouldn't take place until XX/XX/XXXX but if this created a hardship I should let them know. I let them know. 
In XX/XX/XXXX I continued to get past due calls from Rushmore saying they had not received any payment in XX/XX/XXXX. I disputed this and provided them confirmation numbers for my payments and I requested the {$77.00} over payment be refunded to me. Because I am on a fixed income on XX/XX/XXXX, I paid my loan for the regular amount ( XXXX ) explaining to the Representative that I had a letter confirming this was correct. After she put me on hold to research this and check with her supervisor, she came back and took my XXXX payment. 
The XX/XX/XXXX statement I have from Rushmore shows an amount due of XXXX showing the XXXX past due. The second page of the statement shows the two payments made in XX/XX/XXXX of XXXX and XXXX. 
I just received a letter dated XX/XX/XXXX from Rushmore that is "" Notice of Intent to Foreclose ''  stating the my mortgage is in default due to non-payment of the XX/XX/XXXX payment and stating that my regular monthly payment is XXXX. 
To cure this "" default '' I must pay XXXX by certified check and that the total amount due is {$1000.00}. Failure to do so by XX/XX/XXXX will result in acceleration of the loan, foreclosure and sale of the property. 
I consider this harassment at this point. I have not only paid the XX/XX/XXXX mortgage and the additional error amount which they show on their XX/XX/XXXX statement, but I have also paid the XX/XX/XXXX correct amount noting that to pay the additional error amount would create a hardship.

I continue to receive past due calls from Rushmore even though the letters and statements I have from them show my payments and correct amounts due."
I currently have a XXXX XXXX XXXX Account with Regions Bank. 3 months ago I opted out of Standard Overdraft Protection because I am on a fixed income only receiving {$650.00} per month SSI benefits. I have contacted the companies that I had recurring monthly fees but my requests have been in vain. I have been charged for overdraft payments and fees which leave me financially incapable of paying for the basic necessities. I thought that opting out of the Standard Overdarft Protection would result in insufficient funds for anyone trying to send a payment through.
"XXXX XXXX, 2015 OCWEN LOAN SERVICING was sent Check # XXXX for {$24000.00} as Mo. Pay Princp. & Int. PLUS {$16000.00} Princp. ONLY via USPS CERTIFIED MAIL ( ITEM # 1 ). 
OCWEN LOAN SVC. RECEIVED XXXX CERTIFIED MAIL XXXX/XXXX/15 XXXX ( ITEM # 2 ). 
OCWEN LOAN SVC. XXXX/XXXX/15 Stmnt. POSTS {$24000.00} EXACTLY as paid ( ITEM # 3 ). 
OCWEN LOAN SVC. XXXX/XXXX/15 Stmnt. SHOWS NO PAYMENT PAST DUE PMT ( ITEM # 4 ) OCWEN LOAN SVC. XXXX/XXXX/15 Stmnt. Charges {$100.00} from Princp. Payment? ( ITEM # 5 ) Doc 's PROOF of Mailing, Receipt of Mail and Payment of {$24000.00} are ATTACHED. 
How do they EXACTLY POST Payment on XXXX/XXXX/15 then CHANGE/DENY Payment onXX/XX/XXXX/15??? What is the XXXX/XXXX/15 NON-AUTHORIZED {$100.00} CHARGE?"
"My sister and I are listed as POD ( payable on Death ) for my uncle 's checking account at PNC. My uncle passed away  XXXX   XXXX ,  2017 but  PNC has frozen the account and not released the funds to me or my sister. They have provided NO INFORMATION."
"I have an automobile loan and they took an extra unauthorized payment on XXXX XXXX XXXX when I made a monthly payment on XXXX XXXX. They insist they did not take an extra unauthorized payment. When I paid the monthly loan amount on XXXX XXXX XXXX I was told and my account reflected "" payment current ''. 

By taking the extra amount of {$450.00} I can not pay my other bills."
"Citizens Bank, and banks in general, when there are overdraft situations, charge from the highest check down. I.E. XXXX went through, and I did n't know it. It was {$30.00}, and I had another item. They took the larger item first which overdrew me {$1.00} and then the lowest item. If they had taken the lowest item first, it would have been only XXXX fee. THIS IS JUST A WAY for them to make money. When you talk to them about it, they say "" Do n't you want the highest paid first. '' Well, it really does n't matter because they pay it anyway and just charge you. VERY poor practices, and I ca n't believe it 's allowed! Thanks."
Investigator XXXX contacted a contractor i worked for and stated he was investigating me for Fraud In XXXX County. He has also left voicemails on my phone as well as my wifes stating the same thing. The debt is in reference to a payday loan with Ace Cash Express. They have threatened legal action for fraud and civil action. This gentleman has contacted family friends and work. stating that i am being investigated for fraud.
"Navient forces you to become delinquent before they will offer any lower payment arrangements. This has ruined my credit. Instead of an income based payment, they demand a payment that is always much higher than I have left over from paying bills ( bills=food, rent, electric, water, gas, medical ). Also, they claim that they are only charging me 1 % interest while on the repayment program but my balance never goes down. Also, Navient uses scare tactics to threaten you into accepting their final offer for a lower payment that I really ca n't afford to pay. In order to make payments to them I have to put food and gas and utility bills on my credit card and I am forced to always pay my bills late because I feel forces to agree to pay Navients high pay back plan. Navient also reported me XXXX late to the credit bureau before I was 90 days late. In fact my last payment to them was on auto-pay that they took out on XXXX/XXXX/16 and then on XXXX/XXXX/16 ( five days later ) they reported me as late. I found a house to buy not long ago, and the mortgage would have been less than I was paying for rent ( a lot less ) and I could not buy it because of my Navient school loans. The house cost XXXX and the lender told me if it was not for my student loans that I could have bought the house. I am providing for my wife, XXXX daughters and my Mom. My Mom is dealing with a lot of health issues. My income provides for a family of XXXX. Please help."
I contacted American Eagle to get my balance owed to pay off the credit card and I was informed that I had a {$0.00} balance and I did not owe anything. Now I see that they are reporting this credit card as a negative item on my credit reports. I contacted telephone number XXXX.
"I ran my credit report and soft inquiries have been run on my report for things that I have not authorized, as well as seeing an address in my credit report that does not belong to me. Also every 2 weeks I get text notifications stating that money has been deposited into a payday loan and that payments on a payday loan have been made. You can see the soft inquiries on the credit report I have run and I will start to save the text messages."
"XXXX XXXX XXXX XXXX debt was paid in the form of monthly payments for a settled amount of {$310.00}. This settlement was approved and accepted by Diversified Consultants in XXXX XXXX. A total of 6 payments were made from XXXX through XXXX XXXX. I will not be paying anything with XXXX and I request this collection amount/item to be removed from all credit reports immediately. 

Original Acct number-XXXX Original balance- {$710.00}"
"The debt collector, XXXX, researched my new address ( they did n't have mine on file apparently ), and instead of sending me a correspondence requesting I contact them or pay my debt, they issued a law suit! Fine, I owe the debt, I need to pay it right? I get it, I am okay with that. But they should have asked first. But my real complaint is that they served a summons with my personal information about debts I owe to a roommate! This information did NOT need to be made public in the form of the lawsuit nor the summons to my roommate if they had just contacted me to begin with. This needs to stop."
"In XXXX, I received a promotion code from a Citibank representative to incentivize me to open up a checking account from them. The promotion code was XXXX, and provided XXXX XXXX XXXX ( AA ) miles after opening a CitiGold checking account, completing bill pays in XXXX consecutive calendar months, and making debit card purchases of at least {$1000.00} in the first 60 days. I proceeded to open the CitiGold checking account with this promotion code around XXXX XXXX, 2016. During the sign up process, I was the Citibank website presented me with the terms and conditions of the offer and indicated the offer was attached to my account. After account opening I met the conditions of the promotion. On XXXX XXXX, 2016, I contacted Citibank via chat to confirm that I was eligible for offer, that it was attached to my account, and that I had met the requirements. The Citibank representative confirmed this and told me I would receive my points within 90 days from having met the offer requirements. 

XXXX : at XXXX XXXX, I have reviewed your account information regarding the promotional applied on your account and see that as per the terms of this promotion : XXXX : at XXXX In order to earn the XXXX AA Miles, within 60 days after account opening : the required minimum amount {$1000.00} of purchases using the CitibankDebit Card must be posted to the new checking account AND XXXX qualifying bill payment must be posted to the new checking account each month for two consecutive calendar months. 
XXXX : at XXXX I see that you have successfully completed the debit purchases and the qualifying bill payments. 
XXXX : at XXXX As per this promotion, the AAdvantage bonus miles will be credited by Citibank to your AAdvantage account within XXXX calendar days from the date when all offer requirements were completed. 
XXXX : at XXXX Ok. Good to know. 
XXXX : at XXXX Thanks for looking into that for me. 
XXXX : at XXXX Let me give you with an estimate of the date. 
XXXX : at XXXX Ok, that 'd be good XXXX : at XXXX I see that you have completed the debit purchases on XXXX/XXXX/16. Hence, you can expect to receive the AA Miles no later than XXXX/XXXX/2016. This is the maximum time frame. 

I then sent a message to Citibank to enquire as to when my XXXX AA miles would be added to my account. An investigation was opened, and after some time I received a form letter stating that no offer had been attached to my account. This was clearly incorrect since the offer was shown as attached to my account during the sign up process and when I conversed with the Citibank agent on XXXX XXXX, 2016. 

I again sent a message to Citibank pointing out that the offer was attached to my account. An investigation was opened, and after a 3+ week wait, I again received a form letter. This time the letter said that "" there as no ThankYou Points promotion '' attached to my account, which was true, since I signed up for the AA miles promotion. This was especially frustrating since I had never once mentioned ThankYou Points, and I had been enquiring the entire time about the AA miles promotion that *was* attached to my account! 

With no faith in continuing direct correspondence with Citibank, I am instead turning to the Consumer Financial Protection Bureau to obtain closure for this issue."
"they deleted it now it back on this was never my account identity theft, fraud ExperianXXXX XXXX XXXX XXXX, TX XXXX XXXXAccount numberXXXXRecent balance {$720.00} as of XXXX/XXXX/2015"
Law offices of Howard Lee Schiff sent me a letter stating I owed XXXX 's Card money. I sent a validation letter stating I needed the signed contract that showed I agreed to pay. Also that I needed their license number to show the can legally collect in my state. Also that I would need 30 days upon receiving the information to investigate and that they have to stop all collection activity during the investigation period. They sent me back bills from the credit card company. They did not show any documentation with my signature showing I agreed to pay what they said I owe. Also did not send any license number whether it be their attorney license number or debt collections number. the letterhead says the offices of Howard Lee Schiff and also ends with that with no signature. I found that XXXX XXXX hasn't had anything to do with the company since 2007 and is not a member of the bar anymore. The company also isn't registered as a debt collector with my state. I have received papers for a lawsuit. Still on those papers no attorney is named just the law office. Since I'm not being sued by an attorney or member of the bar but instead from a company operating as a debt collection agency that company needs to be registered to collect in my state. Under the Fair Debt Collections Practices Act this company is acting in deceiving ways which is against the law. This company and the one they represent still are reporting negative information to the 3 major credit bureau 's though failed to validate the debt again a violation of the Fair Debt Collections Practices Act as well as Fair Credit Reporting Act. It is also defamation of character. I know of many others who have filed complaints as well. This company is a fraud and needs to be shut down!
I have recently obtained a copy of my XXXX  credit report. it showed a credit inquiry by your company '' SYNCB/XXXX '' that I do not recall authorizing. it is my understanding that you are not allowed to put an inquiry on my file unless I have given you express authorization to do so. Please have this inquiry removed from my credit report because it is affecting my loan applications and making it very difficult for me to acquire credit.
Walmart has violated 15 USC 1692 by continuing collection activity after a cease and desist and 15 USC 1681 by failing to report complete and accurate information to credit reporting bureaus.
"On XX/XX/XXXX I applied for American Express XXXX XXXX XXXX credit card. They promotion they were advertising at the time was if you spend {$2000.00} in within the first 3 months you will receive XXXX bonus miles and if you spend and addiontal {$1000.00} within 6 months you will get an additional XXXX miles which would equal XXXX miles altogether. Also if you make a XXXX purchase you will get a {$50.00} statement credit. This promotion expired on XX/XX/XXXX. 
My first statement was cut in XX/XX/XXXX and I saw the I was given XXXX bonus miles before I spent {$2000.00}. I called XXXX to find out why I was given these miles and to find out more information in regards to how the program worked. He explained to me that I was under the promotion if I spend {$1000.00} in the first 3 months I would get XXXX miles. I explained to him that was not the promotion when I applied and explained the miles my account is supposed to be under. He told me he does not see anything about that promotion for my account and asked if I have proof about the promotion? How are you asking me if I have proof? I would think XXXX would keep track of these programs and apply them accordingly to each customer that qualifies. When I received my credit card there no documentation of the promotion. 
After going back and forth he told me that an investigation would need to be opened to find out the issue. I have read online that numerous customers have had this issue and kept giving them the run around about opening a investigation and that it should be completed in 6-8 weeks, they have stated they are still waiting on their miles after 1 year of the initial investigation. 
I have already reached the {$2000.00} limit and I would like my account to be put under that promotion and receive everything the promotion stated."
Would like my Equifax and XXXX reports update to show only 1 hard injurie not 9 old hard inquires same compsny over as does my XXXX XXXX  report on XXXX 2017 showing only 1.and updating my length of new credit all positive length of time over 5 months.thank you for your time.XXXX XXXX XXXX XXXX XXXX XXXX # XXXX XXXX XXXX  Florida XXXX XXXXXXXXXXXX XXXX
"I went into XXXX XXXX to open a savings account and they had a record that I had been previously denied. I informed them that I had never applied. They agreed that there was no information on file - not an address, phone number, nor email address. I went ahead and applied and was approved, they asked me for all of that information! I checked my credit report that evening and noticed not only XXXX XXXX ran my credit, but also wells Fargo and many other companies ... I 'd like a show of what information all these companies have as far as my authorization. I am disputing all of these inquires before 2017."
Called company to make a payment they informed me they do not supply receipt of payment until debt is paid in full. XXXX XX/XX/XXXX I called into make a {$550.00} payment the rep told me it had to be set for a payment play and taken out until paid in full. They do not take partial payments nor do they supply receipts of the payment plan. How are you suppose to have proof or track that payments made.
"TRANSUNION has failed to include the latest XXXX XXXX XXXX BANK account in my file as well as delete inquiries made by XXXX on XXXX/XXXX/XXXX and XXXX XXXX on XXXX/XXXX/XXXX, XXXX/XXXX/XXXX, and XXXX/XXXX/XXXX as "" hard '' inquiries when they were to have been done as "" soft '' ones. I did NOT authorize them being done this way and wish them deleted ASAP!"
"The Creditor listed is : Douglass Chancellor Meyer XXXX XXXX XXXX XXXX XXXX XXXX   XXXX, MO XXXX Re : XXXX XXXX Debt Stated {$380.00} Tried on multiple occasions to contact collections agency by phone ( XXXX ) XXXX based on number outlined on credit report. The system states it is unable to verify with last four digits of my SSN, and does not connect to a person ever. 

I have also disputed with Credit unions, but no verification of debt was provided to me. They simply returned a finding of valid debt to my credit report."
"I checked a copy of my credit report and realized that there was incorrect information on my reported from your agency, which I was not notified about. I do not agree with the debt. However, this is a notice sent pursuant to the Fair Debt Collection Practices Act, 15 USC 1692g Sec. 809 ( b ), that your claim is disputed and a validation is demanded. This is asking for proof regarding the debt.I am requesting you to stop all activities including reporting this information on my credit report. I need you to report to the credit bureaus to delete this inaccurate information. I am sure that you are aware of the fact that non-compliance with this request may end up in legal obligations. 

I have not received anything on this account with options XXXX XXXX XXXX XXXX XXXX ARC Management Group LLC for the amount of {$4700.00} I have not received anything this is not my account and I have informed them of that but yet the console report to the credit bureau."
"i Have disputed the information on payment history. I have also contacted the creditor who stated the information was submitted to be corrected. My credit profile still has not updated the file and corrected the past due payments showing on my credit file. I have asked for a copy of the verification method used to validate the accuracy of their investigation and received nothing but a copy of my credit report stating the the information was verified and not changed. I've provided my billing statements from the months in question as PROOF to not being late for those months and actually having the payments made IN ADVANCE for the months marked late on my credit profile, only to still receive the same results. This is creating a drop in my credit profile and I need this resolved. All 3 bureaus seem to be NOT correcting the reporting, only deleting the payment history all together or stating to me that the payment history is accurate. I don't want my payment history deleted, I want my excellent payment history updated and reporting accurate information."
"To whom it may concern. 

OnXX/XX/XXXX, I contacted my bank, TD Bank to dispute {$170.00}. The charge was with XXXX XXXX, hotel reservation at "" 10min to XXXX XXXX '', XXXX. As of today, my bank failed to help me with the dispute. 

On XX/XX/XXXX, I contacted the property manger as stated on XXXX website to cancel my reservation. Few days later, XXXX/XXXX/XXXX, I called to check the status of my cancellation. They said they couldnt reach the hotel. I have to call the hotel to cancel directly. Same night, I called, XXXX, the hotel to cancel my reservation. The hotel put me on hold, then, hangs up on me. Right away, I called the hotel. They put me on hold and hang up on me, again. Same night, I called my bank, TD Bank to begin the dispute process. I started my dispute from XX/XX/XXXX till today. During this time, TD Bank cancelled by dispute twice. The first time they cancelled my dispute without a reason. The second time they cancelled because I did not submit my documents. However, I did submit my documents within TD Bank given time frame. Within few days after they cancelled my dispute, they received my documents. Today, TD Bank said, I have to settle the problem with the merchant myself. 

As stated on XXXX website, I can get full refund if I cancelled by XX/XX/XXXX. I tried to cancel my reservation on XX/XX/XXXX. I started my dispute with TD Bank on XX/XX/XXXX. TD Bank should have efficient time to help me with this dispute. 

Below, I record the best I can of my communication with the hotel to cancel my reservation and my communication with TD Bank about the dispute. 

XX/XX/XXXX : XXXX XXXX The case # : XXXX I called the property manager to cancel my reservation. The phone number was XXXX. 

XX/XX/XXXX : XXXX XXXX The case # : XXXX I called the property manager to check the status of my cancellation. The operator said, they cant reach the hotel, thus, I have to call the hotel myself to cancel my reservation. Same night, I called the hotel directly to cancel my reservation. I explained that I would like to cancel my reservation and the operator put me on hold to bring up my records. During the hold time, they hung up on me. This happened twice ; same night. 

XXXX XXXX Since the hotel hung up on me twice, I called TD Bank to dispute the {$170.00} charge. 

At TD Bank, I spoke to XXXX ( from Georgia ) to dispute the charges of {$170.00}. 
His employee ID # XXXX. 
XXXX said, he would submit my dispute. 

Approximate XX/XX/XXXX : I received a letter from TD Bank that my dispute has been cancelled. I called TD Bank to learn more but no one can explain why the dispute has been cancelled. The operator offered to reopen the case. 

XX/XX/XXXX : Approximate XXXX XXXX XXXX I called TD Bank to check the status of my dispute. The operator said the dispute has been cancelled. She cant offer an answer. I request her manager to call me to explain further. 

XXXX XXXX : A superviser, XXXX ( spelling ) called me. 
Her employee ID # : XXXX She said she would look into the case and call me back within 3 business day. ( She never did call me back. ) XX/XX/XXXX XXXX XXXX I called to TD Bank to check the status of my dispute. The operator, XXXX, has no updated info to offer. 
Her employee ID # : XXXX XX/XX/XXXX : XXXX XXXX I called to TD Bank to check the status of my dispute. The operator, XXXX, has no updated info to offer. 
His employee ID # : XXXX XX/XX/XXXX : XXXX XXXX I called to TD Bank to check the status of my dispute. The operator, XXXX, said, a letter from TD Bank has been send out to me on XX/XX/XXXX about submitting my documentations. 
Employee ID # : XXXX XX/XX/XXXX, night I received TD Bank letter requesting documents needed for my dispute. 

XX/XX/XXXX, afternoon : I mailed my documents with TD Bank envelop provided. 

XX/XX/XXXX, morning hours I received a called from TD Bank that they havent received my documents yet. The operator gave me a fax number to fax in my documents. 

XX/XX/XXXX afternoon I faxed my documents to TD Bank. 

XX/XX/XXXX. XXXX The night before, I received a letter from TD Banking about cancellation of my dispute, again. I called to asked about why the dispute is being cancelled again for the 3rd time. 
I spoke to XXXX, her employee ID # XXXX. 

XX/XX/XXXX, Lunch time I called to check the status of my dispute ; XXXX said they minimum 10 business days to review the case. 
I requested the manager to contact me. 
I spoke to XXXX and she said she has no ID #. 

Right after I hang up with XXXX, I called TD Bank again to check the status of my dispute. XXXX put a note on my account to have the manager to call me. ( Manager never called. ) XXXX ID # : XXXX. 

XX/XX/XXXX, XXXX XXXX I called to check the status of my dispute. I spoke to XXXX. She said they received my documents. My paper work has been elevated to the manager to be review for case to be re-open. 
XXXX ID # XXXX XX/XX/XXXX, lunch time I called to check the status of my dispute ; no updates yet. 
I spoke to XXXX ; she said she has no ID #. 

Right after I hang up my phone with XXXX, I called TD Bank again. I spoke to XXXX and her ID # is XXXX. 
XXXX said my case has no updates yet. They need 10 business days to review my paper work. 

XX/XX/XXXX, XXXX XXXX I called to check the status of my dispute. XXXX said since my case had reopened before, they will not reopen the case again. I have to resolve the problem with the merchant myself. XXXX said she has no ID #. 

Right after I spoke to XXXX, I called TD Bank again. XXXX confirmed XXXX info that TD Bank will not reopen my case. XXXX ID # XXXX."
"Inquiries Chase card Inquiry fromXX/XX/XXXX XXXX Inquiry from XX/XX/XXXX Chase card Inquiry from XX/XX/XXXXLate payments XXXX XXXX onXX/XX/XXXX. & XX/XX/XXXX I'm always on time with my payments and if an error has occurred, I make sure to give them a call and correct the situation. That has only happen once but XXXX XXXX corrected that error. Although, XXXX XXXX on my credit report it states I've given two late payments & that effects my credit history."
"I am under the impression that Capital One is reporting XX/XX/XXXX, XX/XX/XXXX & XX/XX/XXXX as late payments incorrectly. Also the balances at that time may need to be verified. PLease provide proof of the balances and deliquecies for that time."
"I received a call regarding an amount due from a emergency room visit XXXX/XXXX/XXXX in XXXX XXXX. I was fully covered by insurance at the time of the visit, however since treatment records were not submitted to the insurance company as requested multiple times the claim was never paid. After three months of attempting to get the documentation sent to the insurance company the office has been uncooperative and has not sent the information so the claim can be paid out however is still threatening negative impact on my credit. The insurance requested information several times, the most recent on XXXX/XXXX/XXXX and received no response or compliance to request."
"On XXXX XXXX, 2015 at XXXX, I received a phone call from a woman stating she was from Contract Caller 's, Inc at phone number XXXX. I asked her what the call was regarding and she kept insisting I verify my address and social before she gave me any info. I hung up on her and called the number back a few minutes later. The male that answered my call asked me if my name was XXXX and I said yes -- and asked him what these calls were in reference to and what type of business was it I was calling. He refused to answer my questions and kept pressuring me for personal information. I asked him several times what type of business it was that he worked and he was dismissive with me and refused to answer my question. Finally, he said it was "" personal business ''. I repeatedly asked him what the call was in reference to and he just laughed at me and did n't provide the information I requested. I again hung up the phone after he refused to identify himself or the business he was working for. I found out that the number they were calling from is a debt collection agency and am filing a complaint for not identifying themselves, using threatening tones and language with me, and not identifying that they are in fact debt collectors trying to collect a debt that I do not owe."
I lost my job and signed up at the XXXX XXXX XXXX. they had me in class the next day. I XXXX made about $ XXXX year income. I was receiving grants. I got to XXXX. Then I had a XXXX. I had a XXXX 9 months earlier. I had a XXXX. I did not have stamina to continue financially. They would n't give me time off until I was better withdrew me and told me that I had no more grant money. I did pay about {$250.00} a month on my student loan. I called once to tell them I was gon na be late. They told me that I did n't make enough money to pay them. so they put me on defer ments. you have to understand I basicly worked XXXX jobs. I signed to consolidate a couple times with a reasonable amount I could pay {$110.00} a month. then the payments went up to a XXXX a month. I quit. that was 20 years ago Now 14 years at my job and 20 years later they are garnishing my wages for 15 % of my disposable income. Now i make less than XXXX and and they say i owe them a {$120000.00}. I heard the school got sued. they closed and the building does n't even exist anymore. but i am stuck with a loan i can not po possible pay back and no great job to support myself. I in my core do not i should be victimized like this. On my credit report is says closed with a XXXX balance. I am XXXX years old. worked hard for my little bit of money all my life.
"XXXX-loan # XXXX Docket # XXXX Law date : XX/XX/2017 I expected better from our "" justice system '' but, I am not surprised at my outcome. There are businesses similar to Caliber Home Loan, Inc., in existence all over. They claim to be customer specialist but they are not. They prey on the short comings/ misfortune and zero finances to fight properly. 
In my opinion Caliber Home Loan , Inc., is no more that a collection agency that buys loans and services them until people make one mistake. That one mistake has caused me nothing but disappointment, frustration and XXXX. Paper shows that Caliber tried to work with me, but they really did not. 
I fought long and hard to modify my mortgage loan on my own, and then through Court Mediation. Week after week, month after month, the same exhibits needed to be redated, refaxed or remailed. In Court mediation myself and the Court appointed mediator handed off the paperwork to the Attorneys office representing Caliber Home Loan , Inc. and they saw that it was passed on in a timely manner. This process went on for a year or more and until recently I got defeated. 
I have every paper I ever sent to Caliber Home Loan, Inc. I was never sent a letter of rejection. They knew my credit worthiness and I feel they misled me. I have lived here 15+ years and am XXXX years of age. I apologize for being laid off but tried to quickly rebound and get back on board. I was told by Attorneys and others that mortgage companies do not have to work with people and I am sure that Caliber did not want to work with me. Now, I will join the homeless because I could have paid the modification ( which was to be through HAMP ) but Senior housing and regular housing are saturated. 
What do I want?? I just do not want anyone else to suffer this kind of unnecessary XXXX, XXXX, XXXX and XXXX from Caliber Home Loan , Inc. 
Thank you for your time and consideration."
"Good Afternoon, I first learned about the debit on my credit report as I was under the assumption this was my ex wifes debit. After learning that we are both responsible I contacted the company at Hunter Warfield to find a settlement. I asked for my account number & pin number and was told I didn't have one the first time called back 2nd time and had to speak to the gentleman several times in order to be provided it. Then after I told them how much we had to settle he proceeded with a counter offer and I asked him to please provide the settlement in writing so that I know that it is a legit and I would be protected before providing my card number. He refused to provide me the offer in writting and then said if I don't pay right now I will owe the whole amount. He has not stopped calling me even though I continue to tell them I want to pay I want to accept the settlement offer but, I need to have something in writing that by pay this settlement amount I will be paid in full. They still refuse."
"On XXXX XXXX I attempted to use PayPal to transfer money to another PayPal ccount as I have done many times in the past. The website has been updated and rather than the usual transfer, PayPal interpreted my request as a request for an e-check issued on my bank rather than transfer from my PayPal account. There were insufficient funds in my account to cover an e-check because I had transferred the money to my PayPal account. My bank charged me {$30.00} for the insufficient funds transaction. I contacted PayPal through their dispute resolution process explaining the problem and asked them to cancel the E-check. Today XXXX XXXX XXXX ), I received a second notification that my bank had charged me a further {$30.00} as PayPal had made a second attempt to withdraw funds from my account. 
I also attempted to contact PayPal through numerous telephone numbers they provided for customer service ( Including the XXXX PayPal provided in their email response to my disput request ). All of these numbers answered with the message "" You have reached a non-working number ''. 
i also made a second attempt to transfer money between PayPal accounts. The transaction was sucessful, but failed to display a confirmation page to review the details of my transaction before confirming it. the transaction just went through without the intermediate page. 
There seem to be several problems with this experience .... 
1 The PayPal website apparently misinterpreted the payment type I requested, initially costing me a {$30.00} penalty from my bank. 
2 PayPal acepts no responsibility for potential problems in their new website. 
3 PayPal provides no real-time human help for customer problems or disputes but provides several non-working telephone numbers giving the impression that they provide such a service ( e.g. XXXX XXXX XXXX ). 
4 PayPal ignored my request to cancel the erroneous transaction and incurred a second {$30.00} penalty for me by ignoring that request and submitting the payment request to my bank a second time. They also do not provide a feature on their website to cancel the transaction."
"I signed up for a Citi Gold Checking account online and entered a promotional code ( XXXX ) that I was mailed in a credit card statement. The promotion stated that I would receive XXXX XXXX XXXX after completing bill payments in two consecutive months and completed debit card purchases totaling over {$1000.00} in 90 days using the Citi checking account. I received verification during the online application process that I was eligible for the bonus and checked again with a representative a few days later. A month after applying online and completing the promotional requirements, I received confirmation from a Citi representative ( XXXX/XXXX/2015 ) through secure message that I had met the promotional requirements and the representative stated I would receive the promotional offer within 90 days. On XXXX XXXX I inquired to the status of the promotion and was given a wait time of 30 days before the miles posted. On XXXX XXXX, I again inquired to the status of the miles and that 's when Citi stated they needed to perform a investigation to determine whether I was eligible for the promotion. On XXXX XXXX I received notice that I was indeed eligible and all Citi needed was my XXXX account number. I supplied the account number and received another notice on XXXX XXXX indicating another investigation needed to take place to determine the status of the promotion. 

Frankly, this run around is getting ridiculous and I 'm tired of being promised something XXXX day and then the next day the story changes. I 'm not sure how a bank can possibly operate in this capacity and expect to maintain customers. I 'm hoping that this CFPB complaint can bring this mess to a close and I can move on to bank who does n't trick their customers."
"Despite a written request to Experian that they are reporting inaccurte information on my credit file, Experian refuses to do a complete and accurate investigation. My last dispute to Experian was sent onXX/XX/XXXX. Experian received my dispute by certifed mail on XX/XX/XXXX. Experian has not sent me back a response within 30 days after receiving my dispute. Experian is reporting a Chapter XXXX bankruptcy in my credit files. I have never filed bankruptcy."
"Complaint Description : I was told that once they received a documentation that an account that was not mine was to be deleted, they would remove it. This did not happen. On XXXX XXXX I notified that a collection from XXXX XXXX was on my credit report. The apartment information listed shows the wrong apartment number as well as the wrong number of lessees. I was told that a dispute could have a turn around of 90 days with each party having 30 days to contest or prove information listed. The agent from the collection, XXXX XXXX agreed to have the collection removed from my report with 30 - 45 days if paid in full. I received the deletion letter shortly afterward ; however the complex I found agreed to hold the place but for just 2 weeks and it is imperative that we move by XXXX XXXX. When I called Equifax to see if the process could be expedited, they stated I would have to dispute it and once it was confirmed that it is to be deleted they would take it off. I was told that the dispute was sent XX/XX/2016. The confirmation number is XXXX. I received a copy of the correspondence from the collection agency showing that the deletion request had been sent to XXXX, XXXX, and Equifax on XXXX XXXX. This collection was received by reported to be received by both XXXX and XXXX on the XXXX. Equifax stated they had not received it. I contacted the collection agency and it was confirmed by XXXX XXXX, the Director, Phone number XXXX, that they had responded to the dispute. Both XXXX and XXXX have removed the account ; however Equifax continues to state they did not received anything ; even though I have a copy of the correspondence sent to them. Today, XXXX/XXXX/2016, after speaking to an Equifax manager, XXXX, she was stated that she did not oversee that the department that oversees these disputes even though the department I contacted was the dispute department. She then stated there was no way she could find out if it had been received. When I requested the contact information for the department who could answer the question, she initially stated that she did not access to that information. After requesting that she not belittle my intelligence and as a manager I am sure she has access to every number there, her statement was revised to her not being able to provide that information to consumers. She disregarded the fact, I received notification of the deletion being sent and was very unhelpful. This is a time sensitive matter in which they are not honoring their own policies."
"REF COMPLAINT # XXXX 1. We still have no resolution after 26 days after our original request and 31 days since our original closing date. We have had dialog with Wells Fargo Customer Relations ( XXXX XXXX XXXX ) on ( 3 ) occasions out of ( 12 ) contact attempts ( see timeline below ), but have had no response to our last ( 5 )  attempts in leaving voice mails. 

XXXX Contact with XXXX XXXX Goal to provide release by XXXX, will engage with Lien Release Department to produce Certificate of Satisfaction ( COS ), currently doing research for original COS/Deed of Trust ( DOT ) to expedite process. XXXX XXXX available XXXX CST. 
XXXX Contacted XXXX XXXX 100 % committed to get lien released by XXXX, expecting an update within the hour from Lien Release Department. 
XXXX No response from XXXX XXXX called left voice mail for call back. 
XXXX Received update from XXXX XXXX Will not release a COS, but working with legal for a Letter of Indemnity ( LOI ) will follow up on Tuesday, XXXX. 
XXXX Received no response from XXXX XXXX after ( 3 ) attempts leaving voice mail. 
XXXX ( 5 ) attempts with no contact. 

2. On XXXX, contacted by our Real Estate Agent that we had lost our buyer who submitted a Contract Release Agreement due to hardship. We now have incurred personal and monetary damages ( See Attached Spreadsheet ) resulting from Wells Fargos incompetence and non-compliance with VA 55-66 in not producing either a COS or LOI, in which we must now pursue legal action based on the following facts : 3.  Research documents show the original XXXX XXXX XXXX  ( {$64000.00} ), refinanced by XXXX XXXX XXXXe ( {$65000.00} ) and assigned to XXXXXXXX XXXX , XXXX, in XXXX was then acquired by Wells Fargo. Acquired Wells Fargo lien ( {$50000.00} ) was then paid off through XXXX XXXX XXXX refinance ( {$84000.00} ) as evidenced on HUD-1 Statement ( Item 1502 ) dated XXXX ( Attached ), XXXX  then  acquired by Wells Fargo in XXXX. Chain of succession shows Wells Fargo in accordance with VA 55-66.3 inherited fiduciary ownership of this mortgage directly or through acquisition in excess of 20 years since the 2nd transaction which satisfied original lien. Therefore, Wells Fargo has ownership of documents showing payoff of original mortgage.

4. Property has little risk of any potential lien claims being that XXXX XXXX XXXX XXXX, having been the original home owner evidenced by multiple title insurance companies in accordance with VA 38.2-4601, released the liens through each of the ( 4 ) Deed of Trust ( DOT ) transfers and issued policies of title insurance as defined in 38.2-4601.1, for real estate transactions wherein the loan secured by the lien was satisfied by payment made by the title insurance agency or agent ( Last 3 DOT transfers being owned by Wells Fargo ).

**We are experiencing the "" Old '' Wells Fargo and not getting the customer service to re-establish trust and confidence in the "" New '' Wells Fargo per their recent  commercials."
"This account is reported in to XXXX, XXXX and XXXX. The account is being reported to have a derogatory rating which is very troubling to me! I am concerned about my credit because I was recently denied a loan and my existing credit accounts have increased my interest rates. This negative rating has caused me serious financial distress and will continue to cause me financial and emotional distress until this issue is resolved. 

In researching my legal rights, I have found several items that I understand I am entitled to. In order to rectify this situation and ensure my rights have not been violated in any way under the various consumer protection laws, I must hereby formally demand and information request!"
"On Saturday XX/XX/XXXX  , I w ent to a  Citibank bra nch located at :   XXXX   XXXX   XXXX  ,  XXXX   XXXX , NY  XXXX .  <P/> I asked the personal banker there, to open an account based on the {$300.00} promotion advertised b y Citibank.   <P/> She said that she can assist me with this. Then she asked if I had been a previous customer wi th Citibank. I re sponded that I had been a prior customer and that I had closed my accounts wit h Citibank as of  XX/XX/XXXX .    I was told by the personal banker that the rule for eligibility for the promotion is that I should not have bee n a Citibank customer in the last 24-months.   <P/> I brought to her attention that the disclosure print in the promotion states that to be eligible for this offer, the customer must not be OR have been an owner of a citibank account in the la  st 60-days.
<P/>
The personal banker, told me that based on Citibank 's own rules, the rule is 24-months and that I would not qualify for the promotion. However she did offer to open an account for me, but without honoring citibank 's own advertised promotion.
<P/>
I then proceeded to speak with the branch manager on duty then. She explained that Citibank has its own internal policy which explains to not honor cash bonus promotions unless the customer did not have an account in the last 24-months. She did not care to read the disclosure to the current offer that I had asked for, but she was willing to show me prior offers that had disclosures of the 24-month limitation. I refused her explanation as those offers were already expired or were different from the current offer I had asked them about. She also could not provide any written explanations on why the {$300.00} offer could not be honored. Additionally, she kept pointing to an internal citibank rule ( she could not show it to me ) to not honor cash offers unless there was 24-months since the customer closed the previous account.
<P/>
I re-read the fine print and the whole disclosure, and I still did not see any hint or anything related to the 24-month limitation.
<P/>
What made me file this complain was the excellent work that consumerfinance.gov did in here.
<P/>
https : //www.consumerfinance.gov/about-us/blog/citibank-to-refund-700-million-to-credit-card-customers-for-unfair-and-deceptive-practices/ I am attaching a copy of the offer to support my complain.
<P/>
Thanks."
"Today, XXXX, my bank called me to let me know that a levy was sent to garnish what money do I have in my checking account. at XXXX Bank. It appears that this debt is a scam involving employees of government agencies namely : XXXX XXXX XXXX and my former employer XXXX XXXX XXXX XXXX. My bank provided me a telephone number to call about the levy. I called the number and I talked to an employee of XXXX XXXX XXXX which refuses to identify himself. This employee gave me another telephone number to call about the levy. The phone number belongs to Alliance One and I talked to a XXXX XXXX who refused to identify what company they are if they are a collection agency or not. I was able to obtain some information about the levy and checked my record and whatever these people are collecting were fully paid on XX/XX/XXXX to XXXX XXXX XXXX for a traffic citation that I was not even aware of but I paid it anyway without any disputes about the traffic citations. I paid this questionable amount XXXX the total amount of {$520.00} to obtain renewal of my California Driver 's License. Now it appears that I continue to be scammed and a fake court order document was sent to my bank to zero out my checking account. Please help."
XXXX XXXX account # XXXX is reporting false information. Delete the account.
"There are several issues regarding the reporting on my credit file on all three of the Bureaus reports. These misreported items have made it impossible for my XXXX XXXX to get a loan to purchase a new building which we are in desperate need of. Equifax has also re-reported old information which affected my score in a very negative way and then it took months to have it removed after I had already paid an attorney to help me remove it the first time. I have no outstanding debt and always pay everything on time yet my credit score is below XXXX. 

In in XXXX of XXXX a charge-off from XXXX XXXX XXXX was reported. It shows as a derogatory mark, this is misreported. In fact The debt to my second mortgage was forgiven and I have documentation to prove that ( see attached ) In XXXX of XXXX a closed Mortgage account was reported. It states that the account was 120 past due. The account was closed with a XXXX balance because the home was sold, however the manner in which it was reported shows it as derogatory. The home was sold in a short sale and I have documentation that shows that I made all of my payments on time as directed by the bank, some payments were stopped during the sale. 

On XXXX XXXX I received an alert from Equifax that there was a change to my credit report. 
To my horror I saw that they had reported an old tax lien and it was back on my credit report. I had actually paid off the IRS and paid a lawyer to help me remove this item from my report it was removed successfully so when I saw that Equifax had put it back on I immediately contacted Equifax. I was not able to get anyone on the phone and disputed the error via the internet."
On  XXXX    XXXX   I submitted a dispute requested for the account  XXXX   XXXX   XXXX   ``   XXXX   XXXX   XXXX  '' that was paid {$500.00} and showing  XXXX  balance in collection be deleted from my credit report. No results. Account is still showing in collection with Equifax
"These people try to charge me a debt for a service that was not given to me, I spoke with the XXXX Hospital and they agreed to regulate the prices of those bills, but they even placed me with a collection company and do not want to admit that this procedure is wrong, since only by removing the XXXX of a XXXX they are charging me XXXX"
"Shellpoint Mortgage is the servicer of the loan. Due to my wife 's illness we struggled making payments. By law, we were offered Foreclosure Avoidance Assessment ( loan mitigation options ). I replied asking for forbearance until we got on our feet. I was never given an answer on this request. 

Instead I was asked for documents to support a loan modification. I provided all the requested documents. I explained that my wife was in XXXX and was again working full time. I explained I had obtained a XXXX XXXX. I was working part time to achieve a full year of XXXX experience, which is required for most XXXX XXXX positions. I started my job on XXXX/XXXX/XXXX. 

Shellpoint kept sending me correspondence asking for the same documents. I responded each time to these requests. I was never given an answer on the loan modification. They kept saying I could do a short sale. I explained that I had over {$200000.00} equity in the home and that our plan is to keep it. I said we were ready to begin making payments and just needed conformation. 

I was given the following ways to contact Shellpoint. Fax at XXXX or e-mail at XXXXXXXXXXXX. I used the fax number to send the requested documents. I have the confirmation from theses faxes. I used the e-mail address asking for confirmation of receipt. I have a total of seven saved sent e-mails asking for confirmation of receipt of documents. I asked over and over to please respond to me e-mail request. They never did. 

On XXXX/XXXX/XXXX I received a letter saying foreclosure had begun. I assume the next step is after the required 30 days to file a notice of default. 

I have talked to a HUD counselor about next steps. He said I should keep pushing Shellpoint on why they would n't respond to my e-mail requests concerning receipt of requested documents. He said it is possible they have been stalling because after 30 days of working on loss mitigation options they can start foreclosure if there is no agreement. He has also given me a referral for a foreclosure attorney.

I have detailed documentation of all these interactions with dates and confirmations of faxes or Priority US PS mailings. I do n't have a scanner so I ca n't attach them here."
"My wife lost her job about 5 years ago now. We currently find ourselves trying to re-negotiate our loan, but because New York Community Bank issued this mortgage through XXXX which has very strict guidelines which prohibit us from reducing our loan payments via modification."
"I have a {$5.00} charge on my XXXX. This was made by PAYPal. I do not have a PAYPAL ACCOUNT AND NEVER HAVE had one. I have tried to contact paypal but they wont me to login to my account, I cant do that because I dont have a PAYPAL account. If someone opened a account in my name they could take all the funds from my visa green dot card. Can you help?"
"I have disputed Federal tax lien ref # XXXX with Transunion twice and even filed a CFPB complaint about how incorrect the item is reporting. The same item has been reported by the other credit reporting agencies and was REMOVED due to the incorrect information being reported. The filing date and even the amount is incorrect and this lien is not in any way, associated with my name, social, nor my DOB. This item must be removed immediately!"
"Representative from credit agency utilizing phone number # XXXX was very rude and harassed me on XXXX XXXX at around XXXX while I was at work. 
Incident : I answered the phone call while at work, initially the person did not identify themselves, when I asked who this was he advised "" he was attempting to collect a debt ''. I listened to him and advised I would be making payment however could not do so at this time. Advised by the end of the month the debt would be paid. He proceeded to state he needed a "" debit card or check now '' advised I was at work and unable to provide that information, he then stated "" you do n't have a debit card on you?? you need to walk to your car and get to secure this payment ''. After again advising I was at work and unable to do so he said when can I call you back today. I advised at around XXXX, he then stated "" so you have to promise to answer your phone at that time '' If you do not legal action may occur. I then stated if I see the phone ring I will answer the call, he stated "" no, you need to promise to answer the phone ''. I remarked I 'm unable to make that promise. At which point rep proceeded to get nastier stating why ca n't I pay this debt. I hung up when he would not stop with the harassment. Since then the number has called twice and I have not answered, no message was left. 

I do not feel this type of behavior is needed nor should I have to endure it no matter the debt owed."
"**************************************************************************** ***** FORECLOSURE SALE DATE : XX/XX/XXXX ( XX/XX/XXXX ) ******* **************************************************************************** After a job loss ( self-employed ) which set my XXXX XXXX mortgage significantly behind and into foreclosure status, I resolved the hardship and entered a trial repayment loan modification agreement with XXXX beginning in XX/XX/XXXX ( attached ). <P/>In XX/XX/XXXX, the servicing of my loan was transferred to Seterus. I was told by Seterus there was nowhere to send my trial repayments while the loan was in transfer, and they were not sure whether they would honor the existing loan modification would be honored. <P/>I called repeatedly in the coming months, several times a week, sometimes daily to find out where to continue to send my payments as agreed. At first my records were n't available for what seemed like an inordinate amount of time. Then, once available, no one could find the loan modification paperwork in the transfer documents, nor knew whether the agreement would be honored by Seterus. They continued to advise me not to send in any payments. <P/>After several weeks, Seterus was still unable to find my loan modification paperwork so on XX/XX/XXXX, I faxed them a copy of the loan modification letter I received ( see attached ). Weeks after faxing it they said they must still be processing the document because they could not find it. ( I was told later they coded it under an incorrect title -- and every time I called could not find it. ) I continued to call daily but never received any definitive answer on what would happen with my loan or loan modification. While it was still in a foreclosure state, they would not accept any payments. I was in long-term limbo. <P/>After several unsuccessful months of frustrating phone calls, hours on the phone, and no results, I ultimately gave up making the calls. For the remainder of the year, I did not receive any communication from Seterus, aside from a monthly paper bill showing the total arrears ( which I could not resolve ) and under the direction NOT to send in the monthly mortgage payment. My hands were tied. <P/>Without warning, in XX/XX/XXXX I received a Foreclosure Sale Date of XX/XX/XXXX with less than 30 days to make good on the loan. I immediately called Seterus and was told the policy had been established that loan modifications in progress at the time of transfer would not be honored by Seterus. I would have to apply for a loan modification again, and there was no guarantee given the short window of time that it would be processed ( or approved ) before the Foreclosure Sale Date. However, they said if I could get everything in, they could possibly expedite it in 15 business days. <P/>I mobilized, prepared and uploaded all documents requested as quickly as possible, and uploaded them by XX/XX/XXXX. I confirmed receipt by phone, and was told electronic signatures were sufficient. I called daily to check on progress -- waiting again. On XX/XX/XXXX, I was told that electronic signatures were not sufficient ( even though I was told twice Seterus had everything they needed to advance the loan mod packet, including the electronic signatures ) so no processing had begun yet. They made no attempt to inform me of the new requirement for the wet signature, even though I asked them to phone, email, or use their proprietary email system to notify me immediately of anything else they needed. I resubmitted paperwork within 4 hours with wet signatures. <P/>I was also told that a new policy, effective immediately, required 37 days to process any loan mods. I requested that they consider expediting my application with the Foreclosure Sale Date so near, given my circumstances. <P/>On XX/XX/XXXX, I was told the package was reviewed in part by Loss Mitigation, but would take more time. On XX/XX/XXXX, I was told that the package was still in review. I requested it be expedited. I am still waiting to hear. <P/>I have been calling daily, at times twice daily, to find out if there any any updates on a new loan modification. I am hopeful Seterus will process my loan modification with a positive outcome, but time is running out. I am not sure what I will do if they do not push the Foreclosure Sale Date out, or decide at the last minute the loan modification will not be an option. I feel as though they should have been held accountable to honor my initial agreement with XXXX in the first place, and have since put a series of delays and roadblocks in place that continue to work against me. I would simply like to pay my mortgage and remain in my home of 23 years. <P/>I appreciate any help you can offer."
"XXXX XXXX IS REPORTING A ACCOUNT ( XXXX ACCT # XXXX ) TO XXXX THAT IS STILL SHOWING DERROGETORY INFORMATION THAT SHOULD BE DELETED FROM MY XXXX  CREDIT REPORT.

THEY SOLD THE ACCOUNT TO XXXX XXXX BUT NEVER DELETED THE ACCOUNT WHEN THEY SOLD THE ACCOUNT. THIS ACCOUNT WAS SOLD TO XXXX XXXX  ON XX/XX/XXXX. SEE EXHIBIT ( A ) ATTACHED.

ON XX/XX/XXXX AND XX/XX/XXXX XXXX XXXX SENT DELETION NOTICES TO ALL CREDIT REPORTING AGENCYS TO DELETE THE ABOVE ACCOUNT, ATTACHED IS EXHIBIT B & C TO SEE THE LETTERS OF DELETION TO ALL CREDIT BUREAUS.

I CONTACTED XXXX, AND THEY STATE THAT ITS UP TO XXXX XXXX TO REQUEST THE DELETION OF THE XXXX   ACCOUNT # XXXX."
I contacted Hunter Warfield regarding a collections account on my credit from XXXX in the amount of {$4000.00}. I knew the information they had was inaccurate so asked for specifics which they could not provide. I then contacted the original creditor in hopes of clarifying the facts. I was told they have no records of myself or owing money. At that time I contacted the collections agency again to figure out how they were going to rectify this unfortunate situation and removal of this account from my credit report. It was made clear to me they weren't in any hurry to correct this error. This is bad business and poor customer service!
I have requested proof of the debt within 30 days and received no response and in addition the alleged debt is over 10 years old and they failed to remove the items from my credit report even though my wages has been garnished for over 10 years and no missed garnishments. THIS IS FRAUD
"I have a loan with CAPITAL ONE BANK USA N. I have always made my payments on time. For some reason I realized that there was a late payment on my credit report. As you can see, I have always had a stellar payment record with this company. I tried contacting both XXXX XXXX and XXXX and CAPITAL ONE BANK USA N with no successful resolution. XXXX XXXX   and XXXX only reporting me late. There was definitely an error on their part. I was never 30 days late from XX/XX/XXXX to XX/XX/XXXX."
"I am writing to you today regarding my account with XXXX XXXX XXXX. It would seem that XXXX has a practice of not counting months as 30 days ; thus, use irregular months ( months that are 31 days ) to count from one month to the next ; thus, this unfairly creates 30 day late payments to their customers. For example, at XXXX XXXX if onXXXX pays XXXX the XXXX one month and XXXX the XXXX the next month is not 30 days they count it as 31 days. Ive never done business with a company who does this most companies Ive done business with uses a rolling thirty days no matter the irregular months ( which is wise ). Because of this practice, XXXX XXXX XXXX has negatively impacted my credit rating with a 30-day late payment on my credit report. Furthermore, if this is their practice they should inform customers of this fact : I never received any written correspondence that reflects this practice or formal notice of this policy. The purpose of my correspondence is to see if you would be willing to make a "" goodwill '' adjustment on the reporting of this account to the three credit agencies ( Experian, XXXX & XXXX ). My car payments are due on the XXXX of every month and recently I changed to the XXXX of the month. There seems to be a technicality or a mistake with a late payment of 30 days for the month of XXXX on my credit reports. In the month of XXXX there was 31 days in the month ; thus, making my XXXX payment on XX/XX/XXXX resulted in being 30 days ; however, paying the same day ( XXXX ) of the month prior in XXXX ( XXXX payment ) resulted in being 29 days. This is an unfair a deceptive practice of credit reporting - especially for someone planning to make a payment on the same day every month. Further, extremely hurtful to customers intentionally or unintentionally."
I refinanced my FHA mortgage into a conventional mortgage in 2015 and the closing was delayed from late XXXX to the first few days of XXXX. My FHA mortgage company Wells Fargo charged me a full non-prorated month of interest for XXXX although the payoff reached them by the XXXX of XXXX. My new mortgage company XXXX Bank did not inform me of this either. I wound up paying a full month of interest over {$1000.00} to XXXX different mortgage companies for the same month. This is absolutely not fair.
"This account is reported in to XXXX, XXXX and XXXX. The account is being reported to have a derogatory rating which is very troubling to me! I am concerned about my credit because I was recently denied a loan and my existing credit accounts have increased my interest rates. This negative rating has caused me serious financial distress and will continue to cause me financial and XXXX distress until this issue is resolved. 

In researching my legal rights, I have found several items that I understand I am entitled to. In order to rectify this situation and ensure my rights have not been violated in any way under the various consumer protection laws, I must hereby formally demand and information request!"
"My husband and I have been looking at our credit reports over several months as we are preparing in making a home purchase XX/XX/2017. We wanted to make sure there was nothing preventing us from doing so. Over the last few months I have monitoring my credit with all XXXX bureaus to make sure that any accounts that are owed are paid off and anything that was incorrect was removed. 

When I received my full disclosures from XXXX a few weeks back I noticed that there was a new collection that appeared on my credit report for XXXX. Because I have n't had XXXX in a few years, and because when we last had them I left the account in good standing, I decided to call the collection agency to figure out what was going on. Unfortunately, I 'm very nervous when it comes to collectors so I asked my husband to make the call for me since he used to be a collector while I listened on speakerphone. 

My husband called Diversified Consultants. That is the collection agency that is collecting this account. When he spoke to their representative who went by the name of XXXX XXXX he asked her what this debt was for. She said she did n't know ... She then stated that she was just a collection agency and that if I wanted to know what the debt was for I would have to contact XXXX. When he informed her that he was a collector himself for many years and that he knew procedure and law of how collections are supposed to work and that she is supposed to know she stated "" no we do n't. '' She stated she assumed that it was a final bill but again she did n't know. She even went as far as to say "" sir the laws have changed for collections after all these years. I do n't know where you are getting your information from. '' Even after all that misinformation she was providing my husband, she went ahead and cut him off to transfer him to a supervisor. My husband then spoke with a XXXX who was a supervisor. During that conversation my husband found out that XXXX was billing for a supposed final billing cycle. They stated the account had been open for 3 years. When my husband asked why I was never notified or billed by either XXXX or Diversified Consultants the supervisor responded that they had. 

Because I know they have n't, my husband asked the supervisor for the address information and phone number information they had on file. The supervisor gave an old address but he did give a good phone number. He stated that his company had n't spoken with anyone about this debt. Also, because the address he had was an old one, I never received any notification about this debt. The supervisor then tried to say that it 's not XXXX nor their fault if I had n't updated them with a new address. 

That explanation of his is not relevant and is not a defense against improper billing and failing to validate debt. Because I had lived at the address they had on file for well over a year after services with XXXX were supposedly finished, XXXX had plenty of time to bill me or call me over this debt I supposedly owed. They did n't. It is not my responsibility to contact creditors whom I have had no contact in over a year to notify them of address changes. 

Regardless of anything the collection agency said, I have never been billed nor spoken to about this debt even though XXXX had the ability and obligation to do so. I have offered Diversified consultants the supposed due amount in exchange for the removal of this account from my credit report due to improper and non-existant collection attempts on this account. They refused to do so because they claimed it was my fault that I did n't tell XXXX that I had moved a year after I stopped service with them. 

Because I have played nice and offered a reasonable resolution only be told all this is my fault, I will now sue XXXX and Diversified consultants if you can not help me resolve their violation of the FDCPA and California XXXX FDCPA."
"O n  X/X/17 , Citibank ema iled a letter to me asking to cash an official check indicating, this can be easily resolved by simply depositing the check or requesting a replacement.     O n  X/XX/17 , I deposited the check at  XXXX  ATM, but re ceived a letter from chase saying that that  XXXX  could not accept a check that is over 6 months old and direct me to ask the Citibank to re-issue the check.     On   X/XX/17 ,  I called the person who open the account for me,  XXXX   XXXX , at  XXXX   XXXX   XXXX , CA location.  XXXX   XXXX  told me who could not do anything for me.  One w ould hope that the banks representative that opened your account would be there to help later. Some call it the moment of truth.  XXXX   XXXX , however, was not willing to assist me at all. I explained to  XXXX   XXXX  that I already spoke with Citibanks customer service and I was informed that the cashiers check has not been cashed and a new check needs to be issued at the local branch.     O n  X/XX/17 ,  I visited Citibank office in  XXXX , CA that is closer to my work. I met with  XXXX   XXXX .  XXXX   XXXX  was not able to resolve my issue and said she will update me with the status on the following day, Friday ,  X/XX/17  and will expect to have it resolved by Monday,    X/X/17 . D espite her promise,  XXXX   XXXX  has not called me at all. My calls to that branch would always be forwarded to  XXXX  customer service that in turn would not be able to assist me.     After waiting for over a week for  XXXX   XXXX  response,  on  X/X/17 , I  called  XXXX  customer service at  XXXX  and placed a complaint #   XXXX    XXXX   XXXX   XXXX   XXXX  with  XXXX   XXXX ,  XXXX   XXXX .  XXXX   XXXX  assured me that an email will be sent immediately to  XXXX , CA branch,  XXXX   XXXX , and the branch  XXXX  and that I will receive a response shortly. To this day, I have not heard back from anyone at that branch.     O n  X/X/17 ,  I went to  XXXX  Bank branch in  XXXX , CA, my current bank. I spoke with the assistant branch  XXXX ,  XXXX   XXXX , about my inability to resolve this issue with Citibank. She encouraged me to get in touch with Citibanks corporate office and to file a complaint with the government.     O n  X/XX/17 ,  I visited  XXXX  location in  XXXX   XXXX , CA. I asked  XXXX   XXXX  to see the branch manager,  XXXX   XXXX , but even though she had no clients in her office, I was told she could not meet with me.     As you can see from above exchange, Citibank and its representatives have been impossible to deal with and have been deceptively promising to call me back with no intention of doing so. Since the Official Check has initiated from my own account and is payable to myself, there is absolutely no reason for Citibank to refuse to help me and treat me in the condescending manner."
XX/XX/2007 {$1000.00} I was making payments and I went through some financial hardship and wasn't able to make payments. debt collectors called my employee when I told them not to.
"Chase bank placed a hold on XXXX checks that were deposited to my personal checking account on XXXX/XXXX/15. The hold information posted on my chase banking website stated the money will be released on XXXX/XXXX/15. However, this morning I received email from Chase XXXX protection Department that the money from the XXXX checks will not be released until the XXXX/XXXX/15 and even then they will still continue a "" review. '' The deposited checks are XXXX bank checks and I know for a fact the accounts at XXXX bank from which this money will be drawn have the required sums available. I called the chase XXXX Protection Department today, but they stated this is a "" procedure '' they have to follow. I told them I know the source from which these XXXX checks come and I do not understand why my money is being held without a definite day of release causing me financial hardship and overdraft fees. I do not have any history of bad checks or any other account related problems with Chase or any other bank. I just want my money released and do not feel Chase has the right to withhold my own funds from me."
"I used XXXX XXXX to check my credit report and I have several "" hard inquiries '' that I don't recognize. How do I remove these from my report? 

- XXXX on XX/XX/XXXX - XXXX on XX/XX/XXXX - XXXX on XX/XX/XXXX - XXXX on XX/XX/XXXX - XXXX on XXXX XXXX XXXX - XXXX on XX/XX/XXXX Thank you"
"I have received a letter dated XX/XX/XXXX from XXXX XXXX XXXX XXXX XXXX. These attorneys are not licensed by the Louisiana state bar. The letter states that I should pay them {$5600.00} for a XXXX XXXX account. XXXX XXXX said their client is Portfolio recovery and all payments should be given to XXXX XXXX. 

The account in question ending in XXXX was already disputed to portfolio. A dispute has been sent to XXXX XXXX also. The dispute points are. 

The account was closed in XX/XX/XXXX due to non payment. This account is outside Louisiana statute of limitations for them to harass me to suit. 

Portfolio and XXXX XXXX both state that I owe a balance of {$5600.00}. I have a statement from XXXX and on my credit report stating the outstanding balance is {$5700.00} Also I have a letter dated XX/XX/XXXX stating this account was a loan. It is showing on portfolio and XXXX XXXX that it is a credit card. 

Due to these many issues portfolio and XXXX XXXX need to cease collecting efforts as well as delete the trade line for collection on my credit report."
"XX/XX/2018 -Bronstein & Weiss contacted friend -Company said they were a law. They said they've been trying to get in touch with me about a pending lawsuit in XXXX County that's being filed by Friday. They left a phone number, case file number, and extension. 

XX/XX/2018 -I called Bronstein & Weiss -They claimed I owed {$680.00} and would accept debit card payment. They sent over a single page contract. 

XX/XX/2018 XXXX XXXX -Bronstein & Weiss contacted mother -Company left a voicemail claiming to be a law firm stating that I owed {$680.00} and was going to recieve a {$38.00} fine if I didn't pay by XXXX XXXX that day. 

XX/XX/2018 -I contacted Bronstein & Weiss -I  requested that they stop contacting others about my debt. They said they would talk with their head attorney. They gave me their address of XXXX XXXX XXXX once asked. They attempted to send a single page contract again that I never signed."
"XX/XX/XXXX XXXX XXXX Wells Fargo and all assignees XXXX XXXX XXXX XXXX XXXX, CA XXXX XXXX account # XXXX account # XXXX and court case # CACE XXXX ( XXXX XXXX XXXX ) Herein please find a declaration of affidavit concerning irregularities in the foreclosure process combined with some violations conducted by you during and before the foreclosure actions as well as violations sufficient to invalidate and reverse all of the foreclosure actions that you have implemented and forged against me. 


Restrictions on Dual Tracking The rules restrict dual tracking. Dual tracking happens when a servicer simultaneously evaluates a borrower for a loan modification ( or other loss mitigation option ) while at the same time pursuing a foreclosure. Wells Fargo conducted dual tracking from XXXX to XXXX inclusively. The Defendant applied for 5 loan modifications most of which were unjustly denied. 


Restrictions on Continuing Foreclosure After the Borrower Requests Help If the servicer has already started a foreclosure and receives a borrower 's complete loss mitigation application more than 37 days before a foreclosure sale, the servicer may not move for a foreclosure judgment or order of sale, or conduct a foreclosure sale, until one of the three conditions mentioned above has been satisfied. The defendants rights have been violated on multiple counts and occasions. 


I am XXXX XXXX XXXX and I raise an objection to the legitimacy of the sale in this case being CACE XXXX the advertising content published by The County Clerk in relation to the property advertised for the foreclosure auction was inaccurate as per the description of year built, failed to mention additions, and provided misleading information affecting a serious financial deficiency and hindrance against the defendant in excess of XXXX that could have been prevented during the course of foreclosure actions. The sale should be considered and treated as being void and invalid But where the inadequacy is gross and is shown to result from any mistake, accident, surprise, fraud, misconduct or irregularity upon the part of either the purchaser or other person connected with the sale, with resulting injustice to the complaining party, equity will act to prevent the wrong result.in order to vacate a foreclosure sale, the trial court must find both ( 1 ) that the foreclosure sale bid was grossly or startlingly inadequate ; and ( 2 ) that the inadequacy of the bid resulted in some mistake, fraud or other irregularity in the sale that the inadequacy also directly affected defendants equal rights pursuant to the Constitution The final judgment did not contain a specified time for exercise of the right of redemption, other than a provision which stated that upon the filing of a certificate of sale, all rights of the defendants and others claiming interest would be terminated. Pursuant to the judgment, a foreclosure sale was scheduled for XXXX XX/XX/XXXX and prior date of said Judgment on/or XX/XX/XXXX I hereby Certify that my redemption right as been violated Within the ten day time permitted under section 45.031 ( 4 ), Florida Statutes, for filing objections to the sale Defendant filed an objection Motion to vacate the foreclosure sale and indicated is reasons found within the documented Motion but not limited too same as a good faith commitment and appropriate resolution Defendants motion was not granted. 


Defendant contest and objects to the integrity, trust and all additional amounts requested by the Lender Wells Fargo and all assignees because they are inflated, and do not consist of a true and justified calculated amount, they have overcharged by XXXX and more at the expense of injustice. 


For and before the foregoing and foreknowing reasons Defendant suggest that the Foreclosure be reversed and that the auction sale be invalidated and that circumstance are sufficient to void the sale because the sale is a violation that affected and resulted in actual prejudice to the home owner in this case being : The Defendant : XXXX XXXX XXXX XXXX"
"Since my student loan accounts have been taken care of by Navient, every time I have tried to get on some sort of repayment plan based on income, they have pushed me towards forbearance or deferment. Because of this my loans have racked up a lot of intrest."
"I deposited a check to BofA via atm. The check was immediately put on hold and XXXX funds were available or will be available until XXXX. I went to reception and asked to speak to someone. The agent asked what it was regarding. He explained this was for for my protection and was not allowed to speak to anyone else. I called my bank when I returned home. This was to no avail and another call on XXXX was also unsuccessful. This they say is due to previous fraud on my account for over a year ago. The fraud was from my cloned atm card and not a check deposit. The bank allowed XXXX $ to be withdrawn from my account when there were insufficient funds to do this transaction. I could not withdraw that amount if funds were not available, how can someone with a cloned card do it. This fraud was reported immediately and resolved. Why am I being penalized a year plus later for their mistake. Please assist in this reconciliation."
"I have disputed this information Portfolio Recovery and have received no response from the company. Instead, they have updated the account as current and continue to report derogatory information."
"It seems like the card is damaged or is not completely activated. When I first called in about the problem the rep started laughing at me and I didn't respond well to that. I am very upset I needed a cab yesterday and the cab company 's website said the 3 digit security code was invalid. I called back and spoke to another rep and she said I had to register the card online but when I tried doing this on my own, their website also showed an error saying the 3 digit security code was invalid and that the card itself was not valid. The rep sent me a link today XX/XX/2019 and said she had to make some changes for the card on her end, so it wasn't until then I was finally able to register the card. I logged in but as part of logging in you have to enter the 4 digit security code that's on the front of card and now it's saying that this number is also invalid. So this will be my third time today calling back after I was told the card would absolutely work correctly now. Photos attached"
"Bank Of America XXXX XXXX XXXX XXXX XXXX XXXX XXXX XXXX, MA XXXX ( XXXX ) XXXX XXXX XXXX, XXXX : I went into the bank to open an account with bank of america. I deposited a {$1900.00} employment check : In the process, of opening my account I was aware of a fee due to an older account, The person that helped me opened the account called a department whom I had to speak with. They mentioned a debt from XXXX. Said I still owe them and had to pay them, although I mentioned the statue of limitation in California is 3 years. She said that does not apply to this debt and, said I need to pay the full amount or I was then not going to be able to open a checking 's account. After explaining to her that I was not going to be able to pay the full amount she then offered me {$350.00} in 3 payments starting on the XXXX of XXXX therefore, she allowed me to open a checking 's account and a temporary card was issued to me as a brand new customer, and {$200.00} was provided to me in my checking 's account from the {$1900.00} dollars I deposited. When I asked customer service when the funds would be available she said 1-2 days I explained to her that it would be fine as long as I had my funds before XXXX. 

XXXX XXXX, XXXX : Called in to Customer Service over the phone to try and check the available funds. They explained to me my check would not be available until the XXXX of XXXX XXXX PM eastern time. Although I was upset that I would was not going to receive my funds. I understood, and had to make due. 

XXXX XXXX, XXXX I Called early in the morning to Customer Service over the phone, and asked just to make sure if my funds we 're going to be available at XXXX PM to see if they were able to also speed up the process. They said they were not able to release it any sooner, so i agreed. I have been checking my account every hour just in case they release my funds early. 
Within, One hour of releasing my funds, I was unable to log into my online banking, and told to call the online banking fraud department. 
Called the online banking fraud dept, They stated that there was a hold on my check due to the possibility of fraud. After speaking to customer service, and supervisors, repetitively, they told me that my account was closed and I had to speak to the closure department, because they were not able to tell me anything. I was put on hold for 20 minutes. finally speaking to the closure dept. 
First of all when they transferred me the closure department was not aware of what was going on with my account. And told me I had to speak to the online fraud dept where I was JUST transferred from. Then BLIND Transferred me to the online fraud dept, once again being on hold for another 20 minutes, and finally get a representative to JUST explained exactly the same thing I was trying to figure out why my check was on hold. 
The fraud dept then let me know that my account was closed by the risk dept. When I finally spoke to the risk dept, and they said my account had been closed and did not give me a reason why, and said they did not have to give me a reason why. They said they reserve the right to close anybody account at will. I asked about the rest of my funds and said my checked would be mailed out to me in 7 days for the remaining balance I have in my account. I explained to them I was not able to wait for 7 more days, I already been waiting since the XXXX i can wait that long i have no money to eat let alone wait 7 more day at this time I 'm about to break down and cry had no XXXX had stay some nasty hotel because only had XXXX to my name and could not fly home for XXXX. When I was on the phone they kept passing me from one person to another person they said it my fault, and check did n't clear. 

XXXX XXXX I called back into bank of america explained my whole situation once again. They informed me there was nothing that they can do I would have to wait until it gets mailed out to me, then got in contact with corporate headquarters, XXXX from North Carolina ( XXXX ). He informed me that he had spoken to a supervisor and they had made an exception that I was able to go and pick up my check from any branch. I asked if he was sure and to note take my account so I would n't have to go to the bank for nothing. Knowing that I am from CA in Massachusetts for work. and he said he notated the information on the account, as well as bad customer relations and bad experience I had the prior day So I went to the same bank that I opened up my account with and I spoke to the person that I opened the account with. 
First off, VERY RUDE! chewing gum while talking to me. As I was explaining the situation about my account being closed, check being held, and then being released from contacting corporate. I told her to check the notes. Before she even checks my account she says its a fraudulent check that i deposited. I told her to stop shaking her head and listen to me and let me finish. She then yells "" you do n't XXXX talking to me like that, that 's when I got loud and said this bank is robbing me. I just spoke to corporate approving to come down to a branch to receive the rest of my funds. Then she accuses me of committing fraud without even looking into my account once again. Then insults me by accuses me of committing fraud. Then threatens me to exit the branch or she 'll call the police. I walked out her room. 
Now speaking with the manger name XXXX. He was much more calm to speak with and gather information, and called the same number I called so he can speak with them. I called the same number, XXXX then spoke with the same person from corporate and they said its in the notes that I was able to receive my funds. He also verified I was able to receive my funds. XXXX called the number that was on the file on my notes to authorize and release my funds. They informed him they would not be able to give me any money until the XXXX of XXXX. 
At this time I was about to have a nervous break down. So they continued to call the cops on me. The police comes, makes me feel like a criminal. And tells me I 'm not allowed to enter the bank of america branch until it calms. 

this is the worst experience I 've ever been through and never felt so discriminated against by anyone. I have been lied too. Discriminated against. And cops called on me. All being I do not have a XXXX last name. and I am not XXXX. I will get in contact with local XXXX activists groups to start a boycott against bank of america by the way I was discriminated. This is XXXX I cant believe in this state we still have racism. I will do everything I can to file a law suit. A bank should not be able to operate like this. And refuse to give any explanations as to why it happen. I understand that the branch of the bank was all XXXX but that does not give the power to be XXXX and bias towards another culture/person. I will be posting my experience on social media, the XXXX XXXX XXXX. I also have a Witness who has been with me throughout this whole experience who ALSO banks with bank of america and will result and wiling to testify against bank of america and corp. I have documents and pictures, of how long I 've been on the phone, as well as documents stating when my funds will be received. I have still not yet received my money, or check. I did not travel across the country from California to Massachusetts to just get treated this way and work so hard for my money to not receive my funds. I 'm emotionally hurt and want to have a break down right now."
"I was late on payments and signed up for the hardship program in XXXX of this year. They still are still calling me from blocked numbers and different numbers from different states saying I need to resolve this issue. Tried talking again in XXXX, they kept transferring me to different departments. They call me XXXX times a day, as a XXXX XXXX XXXX XXXX XXXX tXXXX XXXX XXXX XXXX XXXX Please make them stop. XXXX XXXX is the name it is a tuition solutions account for when my son was attending XXXX XXXX XXXX for tutoring."
"I sent a certified letter to Equifax ( credit bureau ) on XX/XX/2018 requesting a 'free ' copy of my report since I was denied a XXXX credit card ( XXXX ). XXXX provided the Equifax address when I contact Equifax. Equifax has not replied or responded to my request, and since they have my current data in file, so no need to 'update ' anything to provide my report. There is a Federal Statute that Equifax ignores. There is a class action suit, and numerous government actions pending against them already. Maybe a local civil suit is in order too? 
It may help to Reference Appt # XXXX from the XXXX correspondence. 

XXXX Today : XX/XX/2018"
"In pursuit of a fraudulent debt assigned to Professional Debt Mediation by my former landlord, XXXX XXXX XXXX, a fake Certified Mail notification regarding a claim on my {$300.00} rental deposit was generated on X/XX/2016 in order to steal it and cover up the fact that a claim on it had already been submitted to the Credit Reporting Agencies more than two moths prior without notifying me about it beforehand in violation of Florida Statute 83.49 ( 3 ) ( a ), which requires that landlords notify former tenants within 30 days via Certified Mail ( unless the tenant vacates or abandons, which is not applicable when the Courts order the Sheriff to possess the apartment on behalf of the landlord ) of any intention to impose a claim on the deposit and also to refund the deposit before continuing any additional collection activities ( see XXXX ). Moreover, the landlord feloniously intercepted the fake Certified Mail notice on X/XX/2016 with the help of the XXXX for the route -- who was obligated to forward all of my First Class mail on a permanent basis as of X/XX/2016 ( see section 2.3.7 at XXXX for details regarding the applicability of Certified Mail as it pertains to Change of Address requests ) -- in an effort to prevent me from finding about the landlords illegal conduct."
"I was doubled charged on my debit card for a purchase I made 15 days prior which I paid in full, I've already had overdraft fees and charges refused on my account from auto-pay accounts that I have. This is a problem that the company has been aware of and has taken no steps to protect their customers."
"RushCard went through a technology transition which has myself, as well as XXXX other people, without access to our funds. We have been waiting for the past 10 days for my direct deposit. My wife has been keeping up with the updates posted via social media incessantly. We have tried contacting customer service, but after holding for literally hours, we are disconnected. We spoke with XXXX representative on XXXX/XXXX/15 and we were told that she saw our direct deposit but there was nothing that she could do about ; we simply have to wait until everything is fixed with the glitch that occurred. 

We are a family XXXX We have tried contacting our utility service providers to explain our situation, but many are unwilling to work with us, especially since we can not give them a date as to when will be able to make a payment. 

We have tried every avenue suggested XXXX ' and RushCard 's social media and we are still waiting to be contacted. We have been to the ATM, as suggested, and my account says {$0.00}. The automated and online system also say {$0.00}. Even the money that was on the card before the transition is missing. 

We have been unable to buy food and gas. I had to borrow money from my boss to simply be able to get to work. We have been to the food pantry to get food. All of these things have terribly embarrassing, especially considering I work to provide for my family."
"I do not owe Diversified Consultants. Ive never discussed business with them and no contracts were signed.The account that they are referring to was a result in identity theft and has been resolved. I have hired an attorney to peruse will legal matters if Diversified Consultants continue to report false information to the credit bureaus. Ive attached proof that this account was deleted. This acount has been flagged for fraud. Please remove all inaccurate, false information from all credit reporting agencies."
"USD ) on XX/XX/2016. The date of expected payment/ deposit of the USD was XX/XX/2016. I was using XXXX transfer services. I had problems in the past sending a smaller amount. ( A staff had helped me over the phone to send a previous amount and gave me the wrong info. - which I found out a week later when the transaction did n't process and had to redo it which delayed my payment further ). On XX/XX/2016, I was called by an XXXX transfer rep regarding the XXXX XXXX transaction and I stated that I had a lot of problems in the past with my personal bank and I did n't think it would work since my personal bank had to verify the account first, then may send the money. The verification process takes 2-3 business days and I would miss my deadline of XX/XX/2016 so I requested to cancel but she said I could n't cancel because I signed a "" legally binding contract '' to pay for the XXXX since they "" had purchased the XXXX based on my order '' at the exchange rate for the day and to cancel may incur loss. She then transferred me to her boss who said the same thing and asked that I speak to my bank. I called my bank and they said I could complete the transaction with bill pay online. I tried this and it did n't work. I relayed this info. to the XXXX rep the next day and he said that they could override their way of doing things and have the total amount direct debited from my account ( previously, they would only allow no more than {$5000.00} be debited at once ). I asked him on XX/XX/2016 to cancel it. He then stated that I would have to pay overage for the amount the exchange rate changed from XX/XX/2016 to XX/XX/2016 in the amount of {$2900.00} to cover their loss for the purchase of the XXXX at the exchange rate ( which was higher ) on XX/XX/2016. I then sent him an emailed request asking for proof of purchase for these XXXX in the exact amount that I requested on XX/XX/2016 with time stamp to prove that, indeed, they purchased these XXXX specifically for me, at the exchange rate for XX/XX/2016 - which would justify their claim for reimbursement. I have received no such receipt/ proof, yet they continue to demand I pay them."
"XXXX XXXXPhone Number : XXXXXXXXPhone Call Date : XXXXXX/XX/XXXXPhone Call Time : XXXX ESTAfter receiving the feedback from Transunion I reached out to XXXX to receive some verbal information/confirmation since Transunion only verifies electronically. 

I asked XXXX the Debt Collector Agent a few questions regarding this account. Her answers are provided in red:1. What is the Account Name : XXXX XXXX2. What is the information from the debt collection agency? 
Name : XXXX Address : XXXX XXXX XXXX. 
XXXX, FL XXXX Business Phone Number : XXXX Professional License Number : I do not have XXXX What address does this collection belong to? 
XXXX XXXX XXXX XXXX XXXX, Ga XXXX. Have you reported this account to the credit bureau? I do n't know you would have to tell me if it is reported or not. 

4. If this debt was reported to the credit bureau how long would it stay on my file? I do n't have that information as I only have a little information regarding this account. 

5. When is the deadline expiring for me to pay this debt? I do not have this information available as I am only a third party debt collector. All I know is that the debt was acquired in XX/XX/XXXX. 

6. How long have you had this debt? This debt has been in our office since XX/XX/XXXX. 


Per the above responses the Agent was not able to validate anything besides the amount and date ( s ). I do n't consider this validating the debt. Validating a debt would be receiving a copy of a contract with my signature, payments made to the account in my name etc. If the Debt Collector is at liberty to obtain my address from the Credit Agency ( as they have an old XXXX on file ) then that means the credit agency also provided my phone number and social security number too. Transunion verified the name, social security number and address. However the address attached to the debt was not an address listed as current or previous on my credit file. The agent was unable to provide me if this debt was reporting to any credit agency. How can I debt be verified if the agent alone can not verify what is and is n't reporting to anyone. They are a debt collector this information should be known. If this debt was acquired in XX/XX/XXXX the SOL has passed on this account. So why put an account you ca n't even collect on my account. I currently have XXXX and in order to get service I had to pay previous balance ( which was none ) as well as a deposit which was on {$50.00}. XXXX has already verified that I am not currently in collections nor have I ever been. Please remove debt. The attached documents shows My correct XXXX account and that I am not currently in collections as my balance is a little over XXXX."
"Cerastes LLC XXXX with no legal right to claim a debt, with no legal description of the person owing a debt, no information identifying date debt was created, no filing fee in a court of law, no legal petition or supporting affidavit filed in a court of law, no legal proof of service. Embezzlement using Zombie debt without due process of law defrauded our bank account at XXXX. Cerastes , LLC conspiring with XXXX, Justice of the Peace Court Precinct XXXX XXXX XXXX TX, Attorney XXXX XXXX XXXX and the law firm XXXX XXXX XXXX XXXX. XXXX, TX XXXX and XXXX collection agencies the law firm owns Cerastes LLC XXXX, XXXX XXXX, Dodeka LLC and Pharia LLC by falsely claiming without documentation a Pledge Hold in the amount of {$4500.00}. Fraudulent Wirt of Garnishment Pledge Hold in the amount of {$2800.00}, failing to claim it as a Legal Hold. 

Each of the XXXX parties falsely claimed action was filed in different courts to cover-up their participation if someone investigated they would not find legal action. 

I - Cerastes , LLC, XXXX Role in the Embezzlement In XXXX one of its sister company 's Pharia LLC claimed to file court action in Justice Court Precinct XXXX XXXX XXXX in XXXX XXXX TX,. Did not name XXXX as defendant. 

Facts : 1. There is no Justice Court Precinct XXXX XXXX XXXX in XXXX XXXX TX. 
2. No filing fee paid in a legal court in XXXX XXXX TX. 

In XXXX one of the sister company 's Pharia LLC identified as plaintiff claiming it filed action in Justice Court Precinct XXXX XXXX XXXX in XXXX XXXX TX, Using a different defendant name with a middle initial. 

Facts : 3. There is no Justice Court Precinct XXXX XXXX XXXX in XXXX XXXX TX 4. The law firm XXXX XXXX XXXX XXXX. never sent legal proof of service via certified mail return receipt confirmed this by checking USPS tracking numbers online. 


II - Justice of the Peace Court Precinct XXXX, XXXX XXXX Texas, Role in the Embezzlement The court clerk and XXXX XXXX XXXX Justice of the Peace, Precinct XXXX, XXXX XXXX, TX allowed the law firm of XXXX XXXX XXXX, XXXX. to defraud bank account with XXXX by using its XXXX collection agency firms and false claims of court documents. 

Facts : 3. Writ of Garnishment is fraudulent it states service is to be delivered to authorized agent XXXX in XXXX TX. ( National banks can not use agents for process service ) - No plaintiff listed on the garnishment. No legal I.D . for bank account for garnishment. 
4. XXXX was never sued as defendant or served Writ of Garnishment in a legal court of jurisdiction in XXXX XXXX TX. 


III - XXXX Role in the Embezzlement XXXX never served Writ of Judgment XXXX records claim it is for Pledge Hold an agreement to pay as collateral like on a loan. XXXX mailed a copy ( Not the original customer copy XXXX ) with the account number manually blacked out, claiming jurisdiction filed in the court XXXX XXXX Texas # XXXX. No court exist with this name in XXXX XXXX, TX. 

Facts 3. XXXX XXXX Assistant Banking Center Manager claimed his bank has not received an original copy XXXX of the Notice of Garnishment. 
4. Branch Manager stated he has never seen a hold on Checking/ATM cards, he stated it was done to get our attention. 
5. Branch Manager could not answer why XXXX placed a Pledge Hold ( Not a Legal Hold ) on our checking account in the amount of {$4500.00}. 
6. Branch Manager could not explain why his system did not show the Notice of Garnishment in the amount of {$2800.00}. 
7. Branch Manager could not explain why he could no issue a new Check/ATM card on our account. 

This is a clear case of embezzlement with no legal action filed and conspired with XXXX and Justice of The Peace Precinct XXXX, XXXX XXXX TX."
"on XX/XX/XXXX I received a message at my job about something regarding a county petition and to call "" XXXX XXXX ''. I called to realize this was not the county calling me but someone from XXXX XXXX XXXX saying I owed a debt I did not realize I had. This was the first communication about this matter. I have never received any written notice about this debt. I began to write down the who, what, when, and why so I could make sense of what I was being told. I asked "" XXXX XXXX '' for her first name and was immediately placed on hold. After coming back from hold "" XXXX XXXX '' came on to the call and the first thing I was asked was if I was recording the call. I said no, and "" XXXX XXXX '' proceeded to tell me she was attempting to collect a debt and if I did n't set up payments through her department which she said was the litigation department that she would submit a petition through the county I live in and that I would be served at home or my place of business. I calmly and respectfully informed her I am not trying to negate my debt or anything she was saying but that I had to contact the lender ( ACE CASH EXPRESS ) and verify everything she was saying before I agreed to any payments and that I hoped she understood. She hung up on me. I contacted ACE CASH EXPRESS which informed me my debt was half what XXXX XXXX XXXX stated it was and that my case had been sold to "" XXXX XXXX XXXX '' and to call. I called given the number provided and I was sent through an automated loop which informed my they are a "" XXXX XXXX XXXX '' and that my account was most likley sold to ANOTHER debt management company for collection which they do not do, going through to eventually a call dying. I tried again and same thing. Obviously there isnt a customer service person. I found them online and it said for fastest contact fill out a form for contact 24/7, with a sentence literally following it saying response within 3 business days. I finally found an online form to find my account was indeed forwarded to "" XXXX XXXX ''. who I can call however get hung up on, no answer, no way to contact them other than filling out a form and waiting for a response. All while XXXX XXXX XXXX is likely filling a petition for this debt which I can not confirm they own because they refuse to provide any documentation unless I pay. I pay or get served."
"In XX/XX/XXXX, I was approved for a modification through Wells Fargo. I was going through a traumatic divorce and they knew it. They were provided a quit claim deed and draft divorce in XX/XX/XXXX. I made my payments on time on XX/XX/XXXX, XX/XX/XXXX & XX/XX/XXXX. In XXXX, Wells Fargo cancelled my modification without allowing my to finalize. They later stated that I had refused to have my ex-husband sign, which is false. My ex-husband refused to sign stating he had signed a quick claim deed and the house was awarded to me on XX/XX/XXXX. I also had a protective order against him because he was trying to kill me. Wells Fargo also stated that I have not provided the documentation required even though I had emails proving that I had. They forced me to open a new modification request, denied it in XX/XX/XXXX. I pursued escalation and they opened another request and approved. I made my trial payments again and am awaiting finalizing. I have asked that they correct my credit report to show I made my payments and to correct the damage their actions caused."
"To Whom It May Concern, I am filing this formal complaint because I feel that Wells Fargo is not honoring their part of the agreement with the government. I have been trying to get a loan modification for over a year and a half. During that time Wells Fargo has put me through a ridiculous ordeal. I have a legitimate reason for hardship. I used to make over $ XXXX a year and now I am making half that. My husband XXXX, so he could not work for many months. We have had to borrow money from family and borrow from our retirement just to make ends meet. I believe that Wells Fargo illegally denied me for the assistance and since I 've read that they have been fined heavily for wrong doing, I was forced to hire a law firm to protect my home. I would have never gotten in this mess had Wells Fargo not told me to get behind on my payments. They told me it was necessary to be able to qualify for the hardship assistance. Then they played games with me. They told me they never received my paperwork even though I faxed it to them multiple times. Even when I got them to admit that they received the paperwork, they said they lost it and told me I had to re-apply. They kept changing relationship managers on me and I could never get the same person on the phone twice. My mortgage is currently 55 % of my gross monthly income. If that is not considered a hardship by Wells Fargo, then what is? I believe I meet every single criteria put forth by the HAMP program. My mortgage was originated in 2003 and I never refi 'd after that. I am hoping that someone will hold these big banks accountable for denying homeowners assistance when they clearly deserve it. I think the main reason that Wells Fargo is not helping me is because I have some positive equity and they want to get that money for themselves. I did not read anything on the HAMP guidelines that if a homeowner has positive equity that the lender does not have to approve them for HAMP, but maybe that is just the banks ' policy to maximize their profits. If I could just get caught back up and into an affordable payment, then I could keep my home, but I am at my wit 's end. There are an obscene amount of foreclosed homes in my neighborhood and I do not want to join them. Please help me save my home. I 'm not asking for charity, I just want what is fair and right. From what I understand Wells Fargo took millions from the government, but they are not helping the people that legitimately deserve it. Please help me save my home. 

Sincerely, XXXX XXXX XXXX XXXX XXXX XXXX XXXX, XXXX XXXX, NY XXXX"
"I am a XXXX XXXX XXXX on a limited fixed income. I applied for a best buy XXXX credit card about a XXXX ago so that I could XXXX XXXX XXXX. Ever since then I have paid between $ XXXX {$150.00} every month to keep up on payments. I have an auto pay set up now for {$150.00}. So with this in mind I assumed, ( HUGE MISTAKE ), I would be not only paid up to date but ahead! This far from the what is occurring. Even though I am making the {$150.00} I am also being hit with 25.99 % interest PLUS ... a 4 % interest fee for something I have no clue why!!! I am, as of this writing ( XX/XX/XXXX ),  almost {$1800.00} behind. I asked how I could catch up and was told that at my present payment it would take "" about '' year. Guess they could n't calculate how long it would take. So I asked again what I could do to catch up so that I am not paying over {$35.00} in interest fees plus another 4 % per month. I was not given an answer. I fully understand that I made a purchase in XX/XX/XXXX, however, the interest fees were higher than the items I purchased. That is in spite of the fact I made a {$150.00} payment. I want it to be clear that I have never missed a payment on ANY of my bills. I always submit higher payments than the monthly minimum, currently, the minimum is {$58.00}. S this is how I see what going on .... {$1800.00} balance. {$150.00} payment minus at least {$34.00} in interest plus {$58.00} for monthly minimum payment. This comes out with {$58.00} left over to go towards future payments Am I nuts? This does Not seem appropriate considering I have NEVER missed a single payment. I was told that I had bought something, they did n't tell me what or how much it cost, at a certain interest rate and had XXXX months to pay that item off. Again, maybe I 'm XXXX or XXXX, but it seems to me with the payment amounts I make every month I should be well caught up. HELP PLEASE!!!"
"I have disputed with credit reporting company, but have not yet received a response. 
Financial Credit Network has reported on my credit report for a debt that I paid directly to the creditor. I had never heard of this company and when I saw this on my credit report I told them I paid the creditor directly and never heard from them. They claim to have sent me information ( to a wrong address ) and call me ( they did n't have my phone number correct either ). After I told them I was going to dispute and file complaints, I received a call a few hours later from them stating they could n't find my file on the credit report. I had to provide the woman with more information before she could find it. They refuse to remove themselves from my credit report even though 1 ) I have never owed them anything and 2 ) the debt they claim to have collected was paid directly to the creditor before ever hearing form Financial Credit Network. The only reason I heard from them was to call them to because they are tarnishing my credit report that I have been working diligently to keep clean and rebuild."
"Stating on my credit report that I "" Remarks : & gt ; SETTLED-LESS THAN FULL XXXX & lt ; ; & gt ; PAID COLLECTION & lt ; '' I have never paid this company a dime of my hard earned money for a account that is not mine."
XXXX XXXX IS FALSELY REPORTING PUBLIC RECORD TO ALL BUREAUS CASE NO.XXXX. FOR SENIORS RECORD NOT JUNIORS RECORD IN ERROR.
"I have been a costumer with Rushcard since 2008, no problems at all. Until they did this system update. My balance on my account is wrong, I have called emailed no response back, until the other day I called from a different line and I waited on hold for a minute and then the lady proceeds to tell me that they do n't know when the issue will be fixed, that they are working on it. You have been working on it for almost 2 weeks. Luckily I was n't late on any bills like others."
XXXX has refused to replace a lost credit card despite innumerable telephone and online requests. They provide no explanation for their failure to assist me.
"I have been disputing student loan debt with NELNET for about two years and as of to date XXXX XXXX, 2016 the debt has never been verified. I have sent numerous letters asking them to please verify this debt to no avail also I have previous file complaints to no avail. And according to the FDCPA if this debt can not be verified than they can not collect on it, nor report it to the credit reporting agency. I have recently sent an AFFIDAVIT OF TRUTH ( private statues ) on XXXX XXXX certified mail receipt XXXX XXXX XXXX XXXX. I have yet to receive an response and they are still reporting these accounts on my credit profile. I am currently seeking to sue for violation of the FDCPA and FCRA. I would like for them to please verify these debts or remove them from my credit profile ASAP."
"I TRIED DISPUTING THIS ACCOUNT ON MY CREDIT REPORT FOR THE LAST 8 TO 9 MONTHS AND STILL NOTHING HAS BEEN DONE ABOUT THIS. XXXX HAS NOT DONE ANY KIND INVESTIGATION ON MY DISPUTE WHAT SO EVER AND THEY ARE ALLOWING XXXX XXXX TO DO WHAT THEY WANT. THIS ACCOUNT FROM XXXX XXXX   WHICH IS ON MY XXXX CREDIT REPORT SINCE XX/XX/XXXX IS ILLEGAL INTERNET PAYDAY LOAN AND I WILL SHOW DOCUMENTS TO SHOW ON MY BEHALF. UNDER THE FAIR CREDIT REPORTING ACT I THOUGHT THAT IF YOU DISPUTE SOMETHING ON YOUR CREDIT FILE I THOUGHT XXXX INVESTIGATE EVERY CLAIM THAT A CONSUMER MAKES BUT RECENTLY NOTHING HAS BEED DONE. I AM DISPUTING THE FOLLOWING INACCURATE INFORMATION YOU ARE REPORTING WITHIN MY CREDIT FILE PURSUANT TO THE FAIR CREDIT REPORTING ACT. I GOT A LOAN FROM XXXX XXXX OVER THE INTERNET IN XX/XX/XXXX. THE INTEREST RATE CHARGED ON THE LOAN IS MORE THAN 12 % APR. AFTER GETTING THE LOAN I LEARNED THAT VIRGINIA LAW PROHIBITS ANY COMPANY FROM MAKING SUCH LOAN TO VIRGINIA IN EXCESS OF 12 % APR UNLESS THAT COMPANY HAS OBTAINED A CONSUMER FINANCE LICENSE FROM THE VIRGINIA STATE CORPORATION COMMISSION. SEE VA CODE SECTION 6.2-1501. XXXX XXXX DID NOT HAVE A CONSUMER FINANCE LICENSE WHEN THEY MADE THIS LOAN AND THEY NEVER HAVE HAD SUCH A LICENSE. THE VIRGINIA ATTORNEY GENERAL SUED XXXX XXXX FOR MAKING UNLAWFUL LOANS IN VIRGINIA I HAVE COPY OF THE LAWSUIT ATTACKED.. UNDER VA CODE SECTION 6.2-1541 IF A LENDER WAS NOT EXEMPT FROM THE PROVISIONS OF THOSE STATES AND WHO HAD NOT OBTAINED A CONSUMER FINANCE LICENSE, CONTRACTED TO MAKE A CONSUMER LOAN AND CHARGED CONTRACTED FOR OR RECEIVE INTEREST OR OTHER COMPENSATION IN EXCESS OF 12 % PER YEAR THE LOAN WAS AND IS NULL AND VOID AND THE LENDER IS NOT ABLE TO COLLECT, OBTAIN OR RECEIVE ANY PRINCIPAL INTEREST OR CHARGES WHATSOEVER ON SAID LOAN. I WANT THIS TRADE LINE REMOVED FROM MY ACCOUNT IMMEDIATELY. PLEASE IMMEDIATELY REMOVED THIS NEGATIVE ACCOUNT FROM MY CREDIT REPORT. PLEASE FORWARD THIS LETTER AND ANY ATTACHMENTS TO THE CREDITOR LISTED ABOVE AND ASK THIS TIME TO VERIFY THAT WHAT I SAID IS ACCURATE. IN ADDITION PLEASE REQUEST THAT THE CREDITOR ABOVE SEND YOU A COPY OF ANY OTHER SUPPORTING DOCUMENTS TO PROVE THAT WHAT I AM SAYING IS ACCURATE. I DEMAND THAT YOU INVESTIGATE MY CREDIT FILE AND DELETE THE INFORMATION THAT I HAVE NOTED ABOVE. WHEN YOU HAVE COMPLETE YOUR INVESTIGATION PLEASE SEND ME A COPY OF MY CREDIT REPORT AFTER MY DISPUTED."
I have contacted XXXX XXXX XXXX today XX/XX/XXXX about a wrongful delinquent late status put on my account. I am XXXX XXXX military and have given military orders on XX/XX/XXXX. When I spoke to customer service today I was told to dispute the item today so they may remove this wrong information. I have called numerous times and have been told to dispute this item. At this point I am disappointed in XXXX and how they deal with service members. I still have the email I sent with my orders if that is needed. At this time I will look into taking legal actions against this XXXX for not only accusing me of false delinquent payment information but also damaging my credit. My account should have been put into deferment since XX/XX/XXXX. The same email was sent to my regular student loans and none of those are in any delinquent status.
"I currently have a checking account with Huntington Bank. When I logged into the app to check my balance it stated that my account was a XXXX. When I looked into it further I was charged 3 overdraft fees. An extended overdraft fee of $ XXXX and 2 Overdraft fees of {$37.00} for a {$9.00} charge which is being refunded to my account and {$5.00} charge for XXXX. When I called Huntington I explained that I had a {$100.00} in over draft fees and asked why I did not receive a "" 24 hour grace '' e-mail like I always do. She stated that I was not signed up for any notifications and sent me to a representative who then enrolled me in the e-mail notification. I had to go into work so I tried speaking with someone via "" chat '' who stated it would be my responsibility if my account if overdrafted and refused to waive the fees. I told her I would be calling and speaking with a supervisor. I called and spoke with a gentleman who stated he could only waive {$40.00} ask asked if I wanted him to do that. I said yes but I also want to speak with a supervisor because I do n't understand why I am being charged all these fees for {$160.00}. He transferred me over and spoke with a supervisor on my lunch and not only was I late but had to take an extra half hour with approval to try and get this sorted out. I explained to the supervisor that I never received any insufficient fund notification for the {$5.00} or the {$9.00} so how can I be charged the extended fee and the over draft fees. I explained that per the insufficient fee documents that were on their site I was negative XXXX until XXXX XXXX and that according the the document I would not be charged any late fees if its under {$5.00} and since my account went over the negative {$5.00} on XXXX first I should not be charged the {$25.00} extended fee. I also explained that I never received any 24 hour grace e-mail because if I had I would have had my mom put the money in the bank account to cover it. He stated that since my account was in negative since XXXX XXXX that is why I am being charged the {$25.00} fee. I asked where it states this information and he stated on the agreement. I asked for a copy of the agreement and he said he would send it and never did. After speaking with the supervisor he sent me to a customer service specialist regarding the overdraft fees and the 24 hour grace notification. I spoke with the lady and explained that I always get notification via e-mail which gives me time to deposit money in my account if for any reason I over withdrawal. I told her I never received notification via e-mail, that I do n't go onto the website for my banking and that I use the app which does n't send messages or notifications. She then had someone look to see if I had received notifications in the past and she stated that I was never signed up for alerts and there 's nothing they can do. I said to her that I was 100 % positive that I had received the e-mails before. When I got home I looked through past e-mails and I did in fact have notifications from XXXX, XXXX, XXXX and XXXX. So not only did I feel like I am being lied to and being made out like I am a liar and trying to scam Huntington but now I am concerned as to why the notifications stopped, why its showing I never received e-mail notifications in the past when I have documentation that shows differently. I called one last time and spoke with XXXX who was very rude, I explained the situation again I read the e-mail from XXXX to prove to her that I had received these notifications. I explained to her that I should n't be responsible if what they offer does not work. She told me that I am responsible and there 's nothing she can do for me. I told her I would be looking into a lawyer and seeing if there 's anything they can do because they are price gouging. I asked again for the agreement she said I would have to go online to find it."
"Experian did not remove fraudulent information such as address, phone number and/or account information from their data base. The information does not show on my credit, the one I can see as a person. 

I can not verify my identity to access a free credit report, dispute inquires on my report, renew my health insurance and so many other things. 

I have been reporting this issue to them for years."
"Equifax mishandled my information which has led to a breach that puts myself and millions of others at potential risk. I am extremely disappointed with how equifax has handled reporting this breach. Very little was done to notify the public for nearly a month after the breach was detected. I received no email, letter, or phone call and instead had to discover it via social media. 

Going forward equifax should be required to monitor every account and notify victims if any fraud occurs. Credit fraud protection should be mandatory for every account, not an option for us to have deal with."
"On XX/XX/2018 WINDHAM PROFESSIONALS reported to my credit report a balance owed of over {$6000.00}. The balance is in question is currently being serviced by the original lender on a payment plan, and the balance was actually {$5600.00}. This agency falsely retorted an incorrect balance on my credit report, and is not even the debt owner."
"On XX/XX/XXXX, I submitted a certified letter to XXXX XXXX requesting validation of this debt. No response was received from XXXX XXXX, nor did they mark my credit reports as disputed. On XX/XX/XXXX, I sent a letter indicating the following : By not replying in a timely manner to my initial letter on XX/XX/XXXX you have not only violated federal and state laws, but you have also failed to provide me with a copy of any viable evidence, bearing my signature, showing the account is being reported accurately. 

How can they The item was deleted from my credit report and then reinserted without any notification. 
I have attached a copy of the letters submitted to XXXX XXXX and a screen print of my credit report showing the insertion of this item. Per the FCRA 611. Procedure in case of disputed accuracy [ 15 U.S.C. 1681i ] ( B ) ( i ) ( ii ) ( iii ) and ( C )."
"I have disputed this problem several times with XXXX XXXX XXXX and the three credit bureaus over the past year with no results. I had two credit cards with XXXX  XXXX that I let get behind, but when my finances got better a few months later I called XXXX XXXX and paid my debt in full. They had closed the accounts and reported charge offs to all three credit bureaus. All I asking since I did honor my debt with XXXX XXXX that they remove the charge offs on my credit reports since the account is now closed. And during the same time I had a credit card account with XXXX XXXX, I also honored my debt with them paid in full. They have an internal collection agency, XXXX XXXX XXXX, I reached out several times to both companies and they tell me they no longer have my account, so neither company can remove the charge off from my credit report."
Unknown debt on my credit report I do not know where the debt came from.
"I  purchased a vehicle just over 6 years ago and shortly after setting up my auto loan, it was transferred to Citizens One Auto Finance. I  set up an auto debit right away so I could directly pay my auto loan #  XXXX . The payment was scheduled to come out of my   XXXX   XXXX   XXXX    checking account on the  XX/XX/XXXX  of every month, in the amount of {$550.00}. I knew my last payment was coming up a nd assumed everything was being handled and still being paid automatically until I received a letter dated  XXXX / XXXX /  XXXX   telling me my loan was past due, to send a payment of  XXXX , plus a late fee of {$27.00} immediately and for any questions I should contact the collections department at  XXXX . I received the letter in the mail last Friday (  XXXX / XXXX /  XXXX    )  and called the number referenced right away. When I called the number the prompt was n't working and the message just kept replaying. I looked up the customer service number online and while the message was replaying on one phone, I dialed customer service from another phone and finally spoke to ""  XXXX  '' aroun d   XXXX   XXXX   .  XXXX  told me auto debit does not work for the last car payment, nor does the online payment option. If I paid by phone I would be charged {$20.00} and it 's not an option to waive that fee. I was never given an explanation as to why I was not provided a final bill or contacted any other way to inform me of the way I needed to pay my last payment.  XXXX  told me he would waive the late fee as I had never been late before and I needed to mail my payment to ""  XXXX   XXXX   XXXX   XXXX ,  XXXX , RI  XXXX  ''. I put a check in the mail in the amount of {$560.00} ( a different amount from what was listed on the letter  )  the next day (  XXXX / XXXX /  XXXX   ).     Today,  XXXX / XXXX /  XXXX  , I reviewed my bank account and the check still had not cleared. I called customer service again and this time spoke to  XXXX  around     XXXX   XXXX   this morning.  XXXX  could not explain why my payment had not posted but warned me it could take as long as  XXXX / XXXX /  XXXX   to post ( this is several days after the "" 30 days past due '' date ) and she also could not articulate when my information would be sent to the credit bureaus. I asked to be transferred and she told me I needed to tell her exactly what department I needed to be transferred to or she could n't help. I then asked to speak to her boss and I was transferred to  XXXX .   XXXX   said it would take 30 days before anything was transferred to the credit bureaus, she was n't sure why my payment would n't have auto debited, was n't sure why I could n't make my last payment online but nonetheless, offered to enter a case for research as my payment still had n't processed.     Tonight when I got home from work I had another letter from the collections department, dated  XXXX / XXXX /  XXXX  , stating my account was/is delinquent and if I do n't pay within 10 days of receiving this letter my information would be sent to the credit reporting agencies. My biggest concern at this time, is that the address on this letter ( Citizens One Auto Finance, Collections Department,  XXXX   XXXX   XXXX ,  XXXX , RI  XXXX  ) is different than the address   XXXX   from customer service provided last week - where I sent my payment.     At this point I have 6 days left to make a payment. I sent a check ( potentially to the wrong address ) 6 days ago and nothing has processed. I 'm being threatened that after making every single payment on time for  six  years, and even though I never received a final bill or disclosure on how to make a final payment, my information will be sent to the credit reporting agencies ( please note that my current  credit score is  over  XXXX   XXXX ."
"A Consent Order Granting Motion To XXXX XXXX for our loan was issued XXXX XXXX, XXXX. As of this date, One Main has not filed a Satisfaction of Mortgage."
"I took a trip abroad, I came back home and I was charged with over 100 dollars in fees. I have had Amex for over 10 years and I have never had any issues like this in the past. 

I called customer service, asked to speak with a supervisor. The supervisor was "" unavailable '' at the moment to speak with me in regards to these fees."
"I applied for a Macy 's store credit card to help build my credit score. I was approved for a card with a credit limit of {$300.00}. I purchased around {$100.00} worth of items, and then for around 6 months made my minimum payments when the due date came around. I tried to enroll online to make payments online, but they could n't link the online payment option with my card, because they said the card number was n't valid. I called tech support and they could n't help me. they said their system was having trouble recognizing some of the recently issued card numbers. Unfortunately I do take ownership of being a few days late on a payment due date. Dot 30 days, around 7 days. I went to the store and made the payment, since I could n't online, or enroll in e-mail statements which I do for my other cards. At that time I had a XXXX balance on a XXXX credit limit card. About a month later I had never received any notification from Macy 's I had pulled my credit report to see how my scores were doing. I was shocked. Macy 's had dropped my credit limit down to what I owed on the card. It had probably dinged my score at least XXXX-XXXX points. I immediately went to the store and paid the balance down to half thinking, I will wait a few months and the damage would be fixed. I also called them about why they would drop someones credit limit before notifying them. No one could answer my question, or even cared. I actually finally did get a letter from them in the mail, about 45 days after they had already dropped it. This is terrible. If I had known by credit limit had been reduced, I would have immediately paid down the card. This could possibly cost a person XXXX 's of dollars in higher interest on a car loan or a home loan, because of the affect it has when someone owes what they can borrower on a credit card. Here is another nice part of this story. I was starting to get so mad about this, I decided to just pay the card off and possibly even close it. I called yet again to see if they would help me resolve this issue. Their only option was to apply for a credit line increase. I said no and paid the remaining balance to zero, on a card that now had a XXXX credit limit. I called a day later to verify the balance, and they said the online option should be working, so I went online to hopefully register the card, and hook up a bank account for future payments. It finally worked, and I noticed there was a document waiting for me to view. I clicked on it and guess what? They had dropped my credit limit to {$100.00} about 2 weeks prior. I still have not received that notice! Even though the account is now paid to zero, if that happened to weeks ago, it means my XXXX dollar balance was really close to XXXX and would have been reported already so yet again they have destroyed my credit score further. I plan on closing the account. I first want to try and resolve. After talking to XXXX people today, they are oblivious to what I am saying. I have been given an XXXX number which is closed, so I will try that. The second downgrade was supposedly an examination of my updated equifax score, which is funny because they are the ones that helped drop that score by twice, dropping my credit limit without any advance notice. I am furious, this has probably set me back 6 months or more on getting my credit score in a decent range. This is not acceptable or fair to consumers. If I were to try to finance a car today they have cost me thousands in interest. I probably could have got around 8-12 % range on a used vehicle. Now, there are places that probaly would n't even finance me, and the ones that would, would charge around 25 %, Thanks Macy 's store card and thanks to whatever bank issues it, and thanks for not resolving the issue. Do n't get a Macy 's card. I have others and have no issues with them dropping my credit limit."
"I contacted Transunion on several occasions Asking for these address to be removed and nothing has happened i have spoken to managers and supervisors and still no one has fixed this issue. i called in XXXX, XXXX, XXXX, XX/XX/2018 the address is still being reported"
"Back on XXXX XXXX, XXXX, I filed a complaint against my bank, JP Morgan Chase, for failure to manage my funds properly. I assume my complaint was rightfully founded as a week later Chase refunded overdraft fees I incurred on my account. 

On XXXX XXXX, XXXX, I changed the setting on my checking account that concerns overdraft protection. I changed it to "" No '', meaning once my account had insufficient funds to fulfill a purchase made with my debit card, the transaction would be cancelled. 

Today is XXXX XXXX, XXXX. My account is overdrawn - {$130.00} with 3 overdraft fees totaling {$100.00}. The last transaction I made was a withdrawal on XXXX where my account balance was {$1.00}. 

I am so exhausted from arguing with Chase about my measly paycheck every two weeks. For the past 6 months, I have been calling, sending messages, etc and all I get is attitude and dismissive tones about how I am somehow at fault for the math being faulty. I plan to take my business elsewhere after the holidays. No matter the balance, my money is my money and should be handled with care by my bank. 

-XXXX"
"I maintain a Regular Checking account with Bank of America, N.A. Bank of America recently announced that as of X/XX/17, all non-Bank of America customers cashing my personal check at a Bank of America location will incur an {$8.00} fee for each check over {$50.00}. Arguably unlawful, this practice is blatantly discriminatory towards those without the means, ability, or standing to maintain a bank account of their own ( e.g. the poor, illiterate, or undocumented ). It makes a mockery of the simple, time honored concept of a personal check. To wit, my personal check is my exact written order for the bank to pay the specified amount to the payee on demand upon verification of their identity and availability of funds. It is a service the bank agreed to provide to me in exchange for my maintaining a balance. The payee is not a part of that service agreement. Rather, the payee is being forced to pay a fee to obtain that which is rightfully theirs. In short, the bank is committing larceny while calling it a transaction. <P/>I have communicated my views on this proposed action to Bank of America but I am but one voice. I ask the CFPB to take action. Please do not allow this practice to stand. It is an avaricious, cynical corporate reach for dollars off the backs of those who can ill afford to part with it."
Ocwen Loan Servicing has referred my account to foreclosure and the assignment was fraudulently created and signed by robo signers also the cutoff date of the trust had expired when the assignment was created.
"I have previously disputed the mortgage reporting by Bank Of America on my XXXX mortgage during my chapter XXXX converted to XXXX and discharged bankruptcy.They have responded that they reported correctly and experian has done a supposed investigation and claim verification.In XXXX 2015 Bank of America and XXXX XXXX XXXX entered into an agreement with the FTC concerning them reporting discharged accounts as still open and not discharged.I am asking that they abide by what they told the CFPB in their agreement they would do that was supposed to be done by XXXX XXXX am uploading my proof that they are reporting false information number XXXX that i was late and that an account that was transferred to XXXX was charged off.This same account has now been transferred to Ditech.Seems like a lot of reporting for a charged off account, that i am still paying.I am requesting that Bank of America XXXX XXXX and XXXX all correct my credit reports with all XXXX bureaus to reflect this is a discharged account with no late payments and no charge offs.I am astounded that the CFPB can not even get these companies to abide by agreements they make directly with them."
"I purchased a XXXX XXXX XXXX in XX/XX/XXXX for a sale amount of {$13000.00}. As a young purchaser I was stuck with an extremely unfair interest rate when I have now paid a total of {$21000.00} for this car. During the period of XX/XX/XXXX to XX/XX/XXXX I occurred late payments and even a repression of this vehicle. In an exchange of paying {$1500.00} to get the car back. The rep agree to get repossession and late payments deleted, as well as mlve repossession fee to the back of my loan repayment. The rep fee was delayed but late payments and repo still reflect on my credit report. And it is not reporting correctly. During the time I received the late payments, I never received a bill to my address. Please contact XXXX XXXX XXXX XXXX and assist with getting what they have been report unfairly, fair. Thank you"
My home was totally destroyed XXXX and as a result have been displaced for the last 3 years. NY State will be purchasing the property from us so that our family can get back on or feet again. We are prevented to enter a closing due to the fact that Ocwen is refusing to produce a satisfaction of mortgage with XXXX who was bank before Ocwen took over. This has been going on for about a year now and each month that goes by I have to pay property taxes of about {$2000.00} a month. About a week and a half ago I spoke to XXXX XXXX at XXXX she promised me she would call back in a half hour. I have not heard from her since and she is not returning my calls.
I have gotten paid from XXXX and had direct deposit set up with my XXXX XXXX NetSpend card. I have had no money from my paycheck loaded to this card for my pay date. I show on the XXXX application that XXXX has released the funds but NetSpend is saying they do not have the funds. I have not gotten my pay and can not get a resolution from NetSpend. The amount is {$900.00} as well as a payment from SSI in the amount of {$1400.00}.
"Nationstar added my sister to the mortgage. When I first brought the house to help out my mom the mortgage was in my name and sister  XXXX   XXXX . Less than a year later  XXXX  's name was taken off. My mom 's credit still was n't too good due to divorce, however the bi weekly program, plus deed and taxes was put with my mom 's name  XXXX   XXXX  and  XXXX  's was taken off. When Nationstar brought the loan 3 years ago my name was only on the loan, however about 9 months ago Nationstar decided to put  XXXX  's name back on the loan. My mom pays the mortgage, which Nationstar has her bank account on file to take out every month. I have tried to refinance either by myself or with  XXXX   XXXX . But because of Nationstar adding  XXXX  's name for no apparent reason we can not do so.  XXXX  is also very upset because no mortgage company has been on her credit report for over 5 years, now all of a sudden Nationstar is showing up on  XXXX  credit report. I have sent Nationstar several times all the paperwork without  XXXX  's name on it and with my mom 's name on all documentation and they refuse to remove  XXXX  's name. Now also my mom usually pays my phone, but now they wo n't even allow that. My mom has called in paying since we first tried to refinance and stopped the biweekly. Their customer service people are very unknowledgeable and can not even sp eak English clea rly. Also I have asked them several times and sent them documentation that I would pay my own homeowners insurance, as they are thiefs in my eyes. My homeowners went up {$9.00} a year in  XXXX   Nationstar raised my  rates by over {$12.00} a month because of this."
"I was really young, I believe just turned XXXX. My Dad took me to get a credit card with a {$500.00} limit, he ended up using it and defaulting on it without me knowing. I was in another state when my parents split. I am now XXXX and ready to start properly using credit cards, I even took a course on using them properly. I was told to come to this website to get that account wiped off my credit report. I really want to start with a clean slate so that I can truly build my future and relationships with the banks. I have since then built a multiple six figure business that is pushing out XXXX in expenses a month. I can be earning points with this but I am not because of my Dad 's ill minded mistake 5 years ago. Just now found out. 

XXXX XXXX, XXXX ( 4 yrs, 7 mos ) Was when the card was opened and {$800.00} was used until XX/XX/XXXX and this was with Wells Fargo. 

Please help me remove this so I can start fresh. Thanks!"
"I sent a certified letter, faxed a letter and made a phone call to Experian concerning incorrect information on my credit report. I explained to them certain hard inquiries on my Credit report are not mine and Requested them to be deleted because it is making it very difficult for me to acquire credit. Experian refused to do so with no proof. The hard inquiries are XXXX XXXX XX/XX/XXXX, XXXX XXXX XXXX XX/XX/XXXX, XXXX XXXX XXXX XX/XX/XXXX, XXXX XXXX  XX/XX/XXXX, and XXXX XX/XX/XXXX. 

The FCRA states that the only permissible purpose for pulling someones credit is for : A. Firm Offer of Credit B. Insurance C. Employment D. Court Order The following credit inquiries are related to none of the aforementioned permissible Thank You XXXX XXXX"
"This is the third time my legitimate funds trasfer to my Company has been siezed by a XXXX XXXX claiming I am involved in Money Laundering. I am a small business and this is seriously affecting my ability to survive financially, The Remmiter of Funds is XXXX XXXX XXXX to my Company XXXX XXXX XXXX XXXX a Legitamite Registered XXXX Comany. My Company is retained as a Consultant to the XXXX Company. The Bank this time is Citibank New York Transaction Ref XXXX in the amount of US {$5000.00}. I believe I am being Harrased and victimised by the US Banking System. It is now 2 weeks and the funds are still not released."
"I recently submitted a complaint with cfpb reguarding this I am not asking for reinvestigation from Transunion, XXXX or XXXX, only thing that will do is have them send me a letter saying we verified these accounts belonging to me if you verified these accounts as mine then please send me proof or delete off my report due to I have been a victim of identity theft and i sent proof of this to all XXXX Transunion, XXXX and XXXX only for them to respond acconts will remain as we verified these a belonging to you no proof or assistance to show me how."
"I sent the following things to Transunion and they have yet to investigate the items properly or send me their verification methods on each account. XXXX XXXX XXXX XXXX XXXX XXXX, XXXX XXXX XXXX XXXX/XXXX/XXXX TransUnion XXXX. XXXX XXXX XXXX, XXXX XXXX XXXX/XXXX/XXXX XXXX : Additional Dispute Letter ATTN Whom it may concern, Having to contact you guys again is such a load of XXXX. 


What came of the last request I sent you? 


I want documentation of it. 


FYI : I am writing this in compliance with the The Fair Credit Reporting Act, Section 611, part B, subsection ( iii ) 611. Procedure in case of disputed accuracy [ 15 U.S.C. 1681i ] ( 6 ) ( B ) Contents. As part of, or in addition to, the notice under subparagraph ( A ), a consumer reporting agency shall provide to a consumer in writing before the expiration of the 5-day period referred to in subparagraph ( A ) ( i ) a statement that the reinvestigation is completed ; ( ii ) a consumer report that is based upon the consumer 's file as that file is revised as a result of the reinvestigation ; ( iii ) a notice that, if requested by the consumer, a description of the procedure used to determine the accuracy and completeness of the information shall be provided to the consumer by the agency, including the business name and address of any furnisher of information contacted in connection with such information and the telephone number of such furnisher, if reasonably available ; a. Who did you speak to? 
b. On what date? 
c. How long was the conversation? 
d. What was their position? 
e. What telephone number did you call? 
f. What is the name of the employee of your company that spoke directly to the above party? 
g. What is the position of the employee of your company that spoke directly to the above party? 
h. How long has that employee been employed by your company? 
i. What formal training was provided to this employee to investigate items of this kind? 
j. Was there any e-mail or written communication between members of your company and the above party? 


The problems are : XXXX XXXX XXXX XXXX XXXX I would like you to review this account number, status, original amount, and balance. I think it 's not 100 % accurate and remove this collection immediately from my credit report. 

DEPT OF ED/XXXX XXXX XXXX I feel strongly the following may be hurting my credit : account number, account type, and date of last activity. I believe this information may be inaccurate. I need this removed immediately. 

DEPT OF ED/XXXX XXXX XXXX I feel strongly the following may be hurting my credit : account number, account type, and date of last activity. I believe this information may be inaccurate. I need this removed immediately. 

XXXX XXXX XXXX XXXX Begin reviewing the account type, comments, and account name. I believe this information may be inaccurate. This will need to be removed pronto. 

XXXX XXXX XXXX XXXX Please review this collections date first assigned I 'm not sure it 's not correct. Please remove this item immediately. 

XXXX XXXX I XXXX This item is in dispute because I believe the date of opening and date of last activity is not a XXXX accurate. Please remove this collection immediately for it 's inaccuracies. 

XXXX XXXX I XXXX I would like you to review this collections status, original amount and balance. I think it 's not XXXX accurate and remove this collection immediately from my credit report. 

XXXX XXXX I XXXX Can you take a look at and review the collection type and number because it does n't seem right and remove this item immediately."
I am requesting my free annual credit report and it only let me access my XXXX report. It would not pull up or let me access my reports from either XXXX or TransUnion.
"I originally applied for a loan with Movement Mortgage on XX/XX/XXXX for underwriting. The loan ( XXXX ) was pre-approved and then transferred to Mortgage Loan OfficerXXXX XXXX on XX/XX/XXXX because he was licensed in Georgia. 

On XX/XX/XXXX, Movement Mortgage access my credit file unbeknownst to me and started another application for underwriting even though they had all the necessary documents. 

On XX/XX/XXXX, after I pressed the issue with XXXX XXXX, the Georgia branch manager, however no logic explanation was given. On XX/XX/XXXX, I terminated my loan ( XXXX ) and relationship!"
"On XX/XX/2018 I attempted to access Bank of America 's ( BofA 's ) online banking as usual, but I was presented with a modal dialog about whether I wanted to receive legal notices by mail. The dialog could not be dismissed or cancelled. 

I had previously informed BofA numerous times that I wanted to continue receiving statements and legal notices by mail. 

In large bold text was the button "" Save my choices ''. Above it, a checkbox for my "" Bank of America Cash Rewards Visa '' card was pre-checked. I had already chosen to receive notices on paper, so I had initially assumed that "" Save my choices '' referred to once again confirming and saving my choices. 

After pausing to read more carefully, I learned that BofA was trying to deceive me into clicking through so I could continue with my online banking activities, which would have inadvertently caused me to lose access to paper statements. Those were not my choices at all. Those were BofA 's choices. 

BofA 's behavior here was deceptive and inappropriate. BofA could have named the button non-deceptively, for example : "" Stop receiving statements by mail '' or "" Accept our suggestions ''. 

Bank of America 's particular choice of language, "" Save my choices '', was intended to deceive consumers and cause them to change the manner in which they would receive legal notices."
"After receiving a past due notice, I called on  XXXX  to inform  Nelnet that m y bank showed my {$660.00}  XXXX  payment delivered on  XXXX .  Via speake rphone my wife and I heard :  1 ) Th ere was no record of a paymen t 2 ) T he  XXXX  monthly payment would go to more than {$1000.00} as the  XXXX  payment, listed as regular "" regular payment '' on the bill, was for interest only.    3 ) There w as no record of the lost payment and no explanation for the increased monthly amount.    4 ) A fter a transfer to a supervisor, ""  XXXX  '' stated that :  a ) A new account number was needed for payments b ) Ther e was no credit listed to the old account.    c ) Service personnel were "" Not allowed '' to review income or payment cal culations d ) A 2 month forbearance was offered to give time to resolve the following issu es : 1. Co pies of electronically signed agreements and disclosures - none being available on the website.    2. An Amortization schedule for the current loan 3.   A clear presentation, with figures, of the available loan choices   4. A guarantee that the account will not be listed as past due because of accounting errors.
5 ) On the same day as   the above conversation, my bank e-mailed to say that the payment had been rejected b y Nelnet ( with no notice, to us, or apparently, to the Nelnet staff  ).     Background for this complaint - having  XXXX , in part to deal with my wife 's health issues, I requested an income contingent payment since my income had dropped and would continue to drop ; rising payments ever y two years would quickly become untenable.  The request was rejected until all of our loans were consolidated. After consolidating I was asked to resubmit affidavits stating my income for   XXXX   as well as income for my wife. At that point, even after having been "" approved '', I could not get a firm figure over the phone for the payment amount. The story was that calculations were done by an different ( and unreachable ) department and that I would be advised when the payment was determined. I did certify that I would report income changes on a yearly basis but did not see an amortization schedule."
"I have been denied 2 loans last week because TransUnion does not have a credit file on me. I called TU last week and they sent me a report in which I found they have wrong information about my name, only one creditor reporting ( when i have plenty of Credit Cards, Auto Loans and 2 mortgages ).

After reviewing my report I called TU again and XXXX ( the person that took my call ) told me that I have to call every single of my creditors and ask them to report to TU!. Well that would certainly will take weeks of my time. The funny thing is that XXXX and XXXX  have the correct information on my file ... and it is hard to believe that all my creditors are conspiring against TU and they don't send the info to them ...."
"I was shocked when I reviewed my credit report and found late payment on XXXX / XX/XX/2018, I am not sure how this happened, I believe I made my payments to you on time when I received my statements, My only thought is that my monthly statement did not get to me."
In XX/XX/XXXX Navient prevented me from receiving a lower rate. When the interested rates were changing refused to release my loan information to the lender from the government who promised to lower my loan. I am not XXXX in debt. One loan was XXXX it is now over XXXX
"In XXXX, XXXX, my wife and I refinanced our mortgage with Green Tree Servicing LLC. Our first payment was due on XXXX XXXX XXXX. Some time between XXXX and XXXX XXXX, XXXX, Green Tree Servicing reflagged as Ditech, A XXXX XXXX. I went to my local servicing finance office ( XXXX XXXX, Ga, where I am stationed, XXXX ) to set up the allotment. All the information was correct with my allotment ; the funds were removed from my end of month XXXX pay and sent to Ditech. On XXXX XXXX XXXX, I called Ditech to verify they received my funds. They told me they did not. I was told to call back again in five or six days. I called back after the suggested wait period to find out the status of my payment. I was told they did not receive my mortgage payment. I asked Ditech to search for my missing funds. I was told to fax over a copy of my end of month pay stub ( XXXX XXXX ), which I did. I further included an explanation of how to read the LES along with a request for a search on my missing funds. I was told to call back in a few days to verify the documents were uploaded to my account. I called back and was informed they received my request and XXXX. A search was initiated on my missing funds. During the month of XXXX, I went to my servicing finance office and verified, telephonically, with Ditech the three "" company codes '' on file with the XXXX ( XXXX ). I was assured by the Ditech representative if the funds were sent to any of the three addresses provided they would receive them. I called on XXXX XXXX XXXX to verify Ditech received my next allotment. I was told they did receive the payment but I was still 30 days late on my mortgage. In the month of XXXX, I continued to call Ditech, on average of three times a week. I also received two to three collection calls a week. With each collection call, I had to remind the representative to review the notes on my account. During each call I was assured my payment was being looked for. Between XXXX and XXXX, XXXX, I spoke with over 30 different representatives, rarely the same one twice. I was told I had a designated account rep but I spoke to her only once or twice in the entire time. Finally, I was transferred to someone who seemed to actually care about the status of my account. I was told she would personally follow up on my account, which she appeared to do. In early XXXX, I submitted a complaint to the XXXX, which seemed to light a fire under Ditech. I was called by the helpful rep and told they collection calls at work and my home phone would stop. They were aggressively trying to find out what happened with my payment. In late XXXX ( on or about the XXXX ), I was told they found out what happened with my account. I was told they received my payment but for some reason did not cash it. Rather, they returned my payment to XXXX on or about the XXXX of XXXX, XXXX. I was told XXXX would reissue the payment and that my account would be brought to a current status when those funds were received. In mid XXXX, XXXX, I was told they received the funds from XXXX. This month, I notice my end of month pay was {$1600.00} more than it should be. I spoke with my finance office. I was told these were the funds from the missing XXXX payment, additionally I was told they would never reissue a check. The funds would be returned to me in order to make payments as necessary.. I called Ditech to find out what happened. I was told there was a "" processing correction '' on my account in XXXX for {$1100.00}. It seems Ditech directly contradicted themselves in their conversations with me. My confidence in their ability to service my loan is shot and my belief in their ability to remain honest is also shot."
A {$190000.00} payment was applied wrong creating thousands of dollars late fees penalties and interest. A letter was included with the payment directed the loans to be paid and a good contact name and phone number if there were questions.
There is a remark listed from a collection agency which is false information and inaccurate. I tried to dispute with no outcome please help
"I sent XXXX XXXX XXXX a creditors validation letter in which the are suppose to respond back to me accordingly to the FDCPA. In which, they failed to do in the allotted time frame of 30 days."
"Please see attached letter, file named : "" XXXX XXXX Complaint Letter Against Ocwen Being Filed With XXXX 2016 XXXX XXXX, XXXX ''"
"This is my third complaint against Bank of America. The first is numbered : XXXX and the second is numbered : XXXX. I am submitting a third complaint because my original issue fails to be addressed appropriately or sufficiently. I have expressed this to the Bank of America XXXX representative, XXXX XXXX XXXX. He called me on XX/XX/XXXX and proceeded to get very argumentative and to deny what he stated to me over the phone, splitting hairs to defend Bank of America and refusing to acknowledge the bank 's lending age discrimination tactics. I then stated to him that these tactics span an entire year. He apparently did n't realize I had a second experience this year with a BofA loan officer. However, I did state this repeatedly in my communications to Bank of America and XXXX XXXX 's lack of knowledge of this information means he is and was not paying attention and not reading my communications I also stated the same information to a XXXX XXXX XXXX who also did not process this information and did not respond to me in a way that indicated he was including the two incidents of age discrimination which I clearly stated to him. This entire debauchery, from the incidents with the two loan officers and the two men, XXXX XXXX and XXXX XXXX, who allegedly investigated my claims, means that no one is taking what I am saying with any weight or seriousness and are not taking the time to pay attention and investigate EVERYTHING. They are leaving certain facts out, I want a new investigation to include the second attempt I made THIS YEAR to refinance, and for which I was refused with a 3-5 minute phone call. I again was advised by XXXX XXXX that there are other programs for which I could have applied but which was not told to me either last year by XXXX XXXX or this year by the second loan officer. That second attempt this year was made on XX/XX/XXXX at approximately XXXX EST."
"I had an account with XXXX XXXX ( XXXX XXXX XXXX XXXX XXXX XXXX XXXX ). The account was closed several years ago, and the account was cleared. They posted to my credit that I'd owed {$430.00} for an equipment charge. I contact them regarding the posting, as I did not we this amount. XXXX confirmed by phone that there were no notes on the account about me owing any funds. I asked them to remove the item from my account, they said they could not. I contact the credit bureau to which it was referred, they too refused to remove it. 

In XX/XX/2017, I set up a new account as we had just moved, and they did not indicate that a balance was due on the account, so I was able to set up the new account with no problems. I closed the account around XXXX because of slower internet speeds than indicated and the fact that we had too many outages in which we could not use our service. I closed the account, with a small balance on account ( under {$100.00} ) which I'd made preparations to pay once I returned from medical leave. Upon checking my credit this month, They have since modified the OLD credit report account, making the new account date XX/XX/2017, the amount being the same. This is grossly incorrect and unprofessional. I am prepared to pay the funds due, but would like my account reported accurately."
My complaint is against Bull City Financial Solutions the original creditor is XXXX XXXX XXXX XXXX I received a notice that I owed a balance of {$390.00} from Bull City Financial Solutions being that I never heard of the place I called to see what the balance was and why are they contacting me they informed me that I was admit it to XXXX XXXX Hospital XX/XX/XXXX in which they said that I had a child that was born that day who was XXXX I inform them that I was not admitted in the hospital to deliver a child in XXXX my last child was born XX/XX/XXXX I do not have a child XXXX years old and the debt is not mine so remove it from my credit they refused to remove it from my credit and they insist that I had a child that was born XX/XX/XXXX and was XXXX XXXX and XXXX XXXX Hospital I told them to do the research I am XXXX years old my youngest son was born XX/XX/XXXX I would like to add also that I received the XXXX XXXX XX/XX/XXXX there is no way that I had a baby in XXXX and I need that debt removed from my credit they refused. Not sure how they even obtain my information to even send me a bill and I need this investigated because obviously I am another victim of identity theft
There are many mistakes appear in my report without my understanding.
"XX/XX/XXXX I was working in XXXX XXXX XXXX for XXXX XXXX. I was sent to XXXX XXXX, XXXX to work for 3 weeks. While there I visited the Wells Fargo Bank to obtain some information on my account. When I returned home, I found a credit card in my mail. It was a Wells Fargo credit card. I had not applied for the card, yet I received it anyway. I immediately called Wells Fargo and complained and had the card cancelled. My concern is that the CFPB complaint XXXX does not adequately cover all the affected consumers as that compliant only covers the time period from XX/XX/XXXX thru XX/XX/XXXX. I feel certain that the fraudulent practices were occurring long before XX/XX/XXXX. When I recently called Wells Fargo about the credit card I was told there was no record of it. Yet it appears on my credit report even as of XX/XX/XXXX."
On XX/XX/XXXX at XXXX I received a call from Chase offering me interest rate info. I don't bank with Chase and I don't want them calling me offering me anything. It was a robo call so I hung up. The number they called from is XXXX XXXX XXXX
"AS INSTRUCTED BY XXXX CONFIRMATION RECEIPT, I CALLED TELEPHONE NUMBER GIVEN XXXX ON XXXX XXXX, 2016 UPON ARRIVAL AT XXXX XXXX XXXX, ( APPROX XXXX ) TO HAVE SOMEONE PICK ME UP TO GET THE CAR RENTAL IN NERABY PROXIMITIES. I WAS INFORMED BY REPRESENTATIVE WHO TOOK THE CALL THAT THERE WILL BE AN EXTRA CHARGE OF {$17.00} PER DAY TO THE EXISTING RESERVATION BECAUSE THE PICK UP WAS SUPPOSED TO OCCURR AT XXXX. I EXPLAINED TO REPRESENTATIVE THAT I HAVE NO CONTROL OF FLIGHT DELAYS AND CUSTOMS DETENTIONS W/ THE LUGGAGE. HOWEVER, IT APPEAR THAT YOUR COMPANY IS CARELESS ABOUT THIS DELAYS PROCESS AT THE AIRPORT. IT WAS NEVER INFORMED TO ME THAT I WAS GOING TO BE PENALIZED FOR THIS. I SAID THEN THAT IF EXTRA CHARGES WERE GOING TO BE APPLIED TO MY EXISTING RESERVATION WITHOUT TAKING IN CONSIDERATION THE DELAYS OF THE FLIGHT, THEN I WILL NO USE THEIR SERVICES. I WAS NOT INFORMED OF ANY CANCELATION FEES AT THE MOMENT. MY POINT IS THAT I DID CALLED TO HAVE SOMEONE PICK ME UP AT THE AIRPORT TO GET THE CAR AND YOUR COMPANY DECIDED TO PENALIZED ME FOR THE DELAY SO I DECIDED NOT TO USE YOUR SERVICES."
"On  XXXX   XXXX ,    2016, I aut horized a wire transfer in the amount of {$9000.00} plus a {$35.00} wire transfer fee, to an overseas account. Upon second thought, I called the local Citizens branch where I authorized the wire transfer, withi n thirty min utes of the transfer request, requesting to speak with  XXXX   XXXX   XXXX  to request him "" to send a fraud claim to stop the wire ''.  XXXX   XXXX  asked me "" do you want to stop the wire? "", I responded "" yes I want you to stop the wire with a fraud claim. He asked me "" Do you want it to go through '', I responded "" Yes, the fraud claim, thank you. "" While the Wire Transfer Requests states that I must call  XXXX  to cancel the wire within 30 minutes, there is also Clause No.  XXXX  stating "" In addition to the right of Customer to cancel the transfer within 30 minutes of authorizing the transfer, you may also instruct the bank to cancel the transfer after the 30 minutes period has lapsed, provided the cancellation instruction is received by the Bank at a time and in a manner affording the Bank a reasonable opportunity to act prior to the bank 's acceptance of transfer. '' I also emailed the branch on  XXXX   XXXX ,    2016 wit h a repeat request to transfer the wire. The overseas account was discovered to be a scam, but my money was transferred to this account despite my numerous attempts to request a cancellation of the wire. I have contacted several individuals through the local branch where the wire occurred, and my Attorney is now in contact with the  Office of the Chairman. D espite evidence and records supporting my claim, Citizens is still refusing to refund my wire transfer because I can not "" prove '' that I requested the wire be stopped during my call on  XXXX   XXXX  with the local branch office.     Additionally, I did not receive any confirmation or follow up relating to whether the wire was even sent to the overseas account ( as I have received in the past with other wires I have conducted ). It was only after several inquiries with the branch that I was told the wire did occur and the money had already been removed from the overseas account."
"I filled out a car loan app at XXXX XXXX, they keep saying they have not received a response from XXXX XXXX but I keep getting multiple inquiries on my credit profile. This is not fair inquiries account for 10 % of credit and having a lot of them is a reason for denial while trying to get a loan. They are hurting me financially and Im a mother of XXXX children."
"I had a XXXX and a XXXX mortgage on my primary residence. At some point, the loan was sold to Bank of America. In XXXX, I paid-off the XXXX mortgage in full. XX/XX/XXXX, I sold my home and paid off the XXXX mortgage in full. The problem is that the escrow company is holding back a sum of money equal to the XXXX mortgage because Bank of America refuses to send a letter of satisfaction regarding the XXXX mortgage. The dozen or so times that I have waited on hold, and endured repeated transfers, Bank of America can only tell me that they are not sure why the system wo n't send out a letter."
I found a problem on my report and asked for an investigation of the charges. They said I could n't use the report number I had because of security issues. I asked for my annual report and they said I had received it. Yet they refused to let me use the number because they have been upgrading security issues they have experienced. Can you please help me get a report with a number they can use?
"The purpose of this Complaint is to Rectify the Complete negligence the Credit Bureaus XXXX, Experian and XXXX use in reporting Credit information and illegal practices there of my credit report. Their credit reporting has negatively impacted my life and said parties should be held accountable for their negligence and illegal practices. I sent formal Dispute letters to all three Credit bureaus XXXX/XXXX/XXXX in which they recieved on no later than XXXX/XXXX/XXXX. The Fair Credit Reporting Act outlines they have 30 days from reciept of formal dispute letter to report the dispute on the consumers credit report.I did recieve itemized letters of verification from the credit bureaus that state the debt is mine but in the the Federal trade commission states that mere Itemized debt verification is not considered verified because of misidentifying the debt owner which translates to any documents that have my signature which none of the documents sent to me from said credit bureaus all did not have. This is in Section 809 ( b ) of the Fair Debt Collections Act and the itemized Verification note is from the Wollman Opinon of 1993 where a Federal Trade Commissioner Vice president and controller wrote this Opinion stating Itemized verification is not a verification with out properly identifying debtee. I then sent follow up letters on XXXX/XXXX/XXXX that request the 11 negative accounts to be removed from my credit report as it states in the FCRA section 623, if Accounts were not updated as "" disputed by consumer '' in the 30 day time frame in which i gave them 45 days instead of the 30 day time frame the law states. They continue to disregard the Law in sending itemized verification letters hoping that Im not informed of the FCRA section 611 1 ( a )  in which they are required by law to remove the disputed items after the initial 30 day time frame. They are liable for {$1000.00} fine per occurance which would amount to {$11000.00} in damages due to Negligence to report accurately, Defamation of Character and Willful injury. I have been reluctant to File Small claims suits in court that would total {$33000.00} in damages to each Credit bureau and endless amounts of money that would cost them a fortune because my purpose is to get a good credit score and not the money for I am a man with a growing family and I need a Good credit score and because they have been reluctant to Follow the law I am trying every other option to rectify this wrong doing before it can get worse for the Credit Bureaus. I have enclosed Letters and postmarked reciepts that substantiate my claims. I urge you The CFPB to please help make this right by 1. Making sure the Credit Bureaus Delete all negative accounts on my Credit Report ( 11 ) and 2. Update all my information as follows : Name : XXXX XXXX XXXX XXXX. 
Address : XXXX XXXX XXXX XXXX XXXX, CA XXXX Phone : XXXX XXXX XXXX XXXX XXXX and 3. Make sure nothing gets reinserted that does n't bear my signature I have exhausted all other options and I have proof that WILL hold up in court if none of this gets resolved! I have all documents that pertain to the negligence and the Verification that will cause the credit bureaus severe financial headaches. I am just a man that wants a fair shake in this world and I hope this can be resolved before I continue with suit. I urge the Credit bureaus to not simply Put disputed by Consumer now because I do have Proof of the negligence. I urge you as a company to do the right thing!!! 

thanks"
"Greetings, My name is XXXX XXXX and I am filing a complaint on behalf of myself against Portfolio Recovery Associates ( PRA ). My complaint arises from PRA 's illegal attempt to collect on an alleged debt ( Charged-off account ) using tactics that violate several federal laws ( Both FDCPA and FCRA ). PRA is currently attempting to re-age an old account by providing false information to the credit reporting agencies, XXXX, XXXX, and XXXX in regards to a charged off account. Attached to this complaint are three documents that show this illegal activity. The first document is the initial letter from PRA, which details their involvement as a debt collector on behalf of XXXX On that document you will see the full account number detailed. The second document is an export of an old credit report showing the exact date that this account opened as well as the account number and company name that was collecting on this account, XXXX. The third document is a newer credit report which shows that PRA has now added themselves to my credit report ( in the place of XXXX ) and have also changed the date the account was opened as well as the account number to reflect a number that they created which mimics the old account number ( See documents ). They added new characters to make it seem as if this is a new account. Also, on the newer report PRA claims that the alleged debts "" Date Major Delinquency First Reported '' was on XX/XX/2015, three months after they placed this fraudulent account on my credit report. By affecting the dates on my credit report PRA now has effected the time in which this item will fall off of my credit history. Per XXXX law, this account is well past the statute of limitations for debt accounts based on the original creditors account closure date, which was removed by PRA and no longer exists on my credit report. 

Additionally, I sent two letters to PRA demanding that they validate this alleged debt and their involvement. They did not comply with my demands ( Package Attached ). 

Just so we are all clear : 1. I have never opened an account with Portfolio Recovery Associates. 
2. Portfolio Recovery Associates have never sent proof that there is a signed contract that exists that binds myself, a natural person, and Portfolio Recovery Associates, a creature of the State who is defined as an ARTIFICIAL PERSON. 

Lastly, these continued illegal attempts to collect on this alleged debt have left me XXXX exhausted. I am hoping that this can be resolved without any need to go the legal route, which is my next option. 

Thanks in advance for your attention to this matter. 

XXXX XXXX US Citizen All rights reserved"
We have been dealing with a company named Ameritech Financial which we believed were alined with our student loan lender and that the {$99.00} a monthly payment we were making was going toward our student loan debt. Recently Ameritech informed us we would have to begin making a payment of {$38.00} directly to our lender in addition to the {$99.00} payment we have been making to them since 2016. The impression we got was that they were part of our lending company so this new payment was confusing to us. We then received a letter from the United States of America Federal Trade Commission stating that they were suing Ameritech Financial and the steps we would need to take to file a claim.
Dear CFPB i closed my account in XXXX with a XXXX balance..i just recieved a letter here in XXXX two months later and the bank is now requesting a closing fee of XXXX.please help me. Bank of the West XXXX CA
"I am very upset of the way Specialist Loan Servicing has handle my loan. First my income is always calculated wrong and the value of my property as well, I have paid for my own Appraisal to proof SLS that my home is severely under water. I am been forced to reapply every time, and is always the same decision. However I have my nephew as a contributor, and I have provided SLS many documents for proof of occupancy and still they keep requesting more documents every time. At this point I am more than sure that SLS does not have any intentions of helping me, instead SLS is prolonging may case making me fall more behind. I am tired of the fraudulent and deceptive practices SLS has used in order to denied me a modification. I am going trough so much stress and is affecting my health. My half-brother and nephew are the only source of income I have. I have provided their state id and tax returns and they both have my property address. Therefore I am hoping that SLS can finally finish the review and provide me with an affordable mortgage payment."
"My daughter has been paying my credit card every month on the same date. Now all of sudden Capital One post on my online account this Noticed "" Oops! Looks like your account is behind. You can easily make a payment now or learn about missed payments. If you recently made a payment, you can check the status. Thanks! "" I have call them and ask why all of sudden my payment is so call late when we pay every month the same date. The agent was rude and telling me that I have n't made a payment. But I can show payment are done every month on between date of XX/XX/XXXX to XX/XX/XXXX. We even pay online through their website the so call {$100.00} I was so call late on. Still that Alert on my capital one account."
"In the aftermath of the Navient news, I wanted to add to the voices detailing loan mis-handlings by Navient. I consolidated my loans with XXXX and received confirmation from the state Education Department of Michigan that the loan with them had been paid. Even so Navient continued to seek repayment from me. I sent via registered mail a copy of the payoff confirmation letter."
"I became past due on my Discover Credit Card last year. In an effort to remedy the situation I agreed to allow Discover to automatically debit my checking account in the amount of {$140.00} for 6 months. In exchange for allowing this to take place, Discover agreed to credit the monthly interest and late fees for the 6 month period, place a one time credit on my account of {$700.00} at the end of the 6 month period, and to "" re-age '' my account with the credit bureau so that the previously reported delinquent payment would be removed. This arrangement started on XXXX XXXX, 2015. After making the 6 on-time payments, Discover has informed me that they do n't have notes showing me the {$700.00} payment promise. However, they do have notes on my account that reflect the promise to re-age my account, but they refuse to do so with the XXXX major credit bureaus. After requesting that the recorded call from XXXX 2015 be located, I was informed that they were unable to do that. However, they would likely be able to get the call if required by the legal process. 

I 'm writing this complaint because it 's really disappointing that a financial company promises to do something, the consumer attempts to correct a wrong, and then the financial company does n't uphold their end of the bargain. I feel as if Discover took advantage of my willingness to pay and made promises they never intended to keep."
"My son moved to XXXX several years and terminated a phone contract with XXXX - he was told there would be no early termination fee after he went up the chain of command at XXXX because he was leaving the country. We received no bills after that. In 2015 I had a credit check done and a delinquent bill came up to XXXX in the amount of {$100.00} ( evidently they did end up charging him/me an early termination fee ). I called XXXX, told them we were not even aware of bill and I immediately paid it to resolve issue. This week in the process of buying a car I saw this issue is still on MY credit report. I disputed it with XXXX and after checking with XXXX they kept it on report. I then called XXXX ( where I am a very loyal customer ) and they stated there is nothing they can do to remove it from my credit history - that I will have to wait the 7 years?! Do I have no recourse? How do I get this removed from my credit history - I had no awareness of bill, no communications - and neither did my son for that matter. Thank you for any assistance you can provide."
I have paid my bill on time every month and it was never updated on my credit report. The loan is now completely paid out and the whole balance is still showing. This account should be closed with a {$0.00} balance.
"XXXX called me on XXXX @ XXXX, she asked for a man that was not me. I stated she had the wrong number and to please remove my number. She stated she was confused as the person had called from my number. I again told her she had the wrong number to please remove my phone number associated with the account she was calling on. She continued to tell me that her "" lawyer '' gave her this number. I asked for her name told her not to call and hung up. She called again at XXXX. Once again I told her i just informed her to remove my number that this was the 2nd request. I hung up. She called again at XXXX and left a vm. Then she called my place of employment at XXXX. I told her i was recording the conversation and not to ever call my number again as I am not a party of the debt she is trying to collect. She stated I was not making payments and I explained I will never make payments as I do not owe them anything."
This collection agency calls me continually over and over from different phones numbers even block call numbers. They are looking for a person who I do not know. I have no idea who this XXXX person is or why she gave out my number. I have been repeatedly asking them not to call me since I do not know this person but every 5 to 10 minutes they call back asking for this XXXX person. This company XXXX XXXX will not stop harassing me.
"I received a credit monitoring alert indicating that a collection had been placed on my credit report. Professional Credit Management , Inc., was listed as the debt collector for an amount of { {$340.00} }. I contacted the collection agency and advised them that this is not my debt ; that I have never received any communication from them regarding this debt ; nor had I received any communication from an original company owning the debt ( since it is not my debt ) ; and requested that they remove this debt from my credit report. It has not yet been removed and, therefore, I am filing this complaint. I respectfully request that this debt be removed from all three credit bureaus ' files since it is not my debt. Thank you! move from credit report."
"I have several inaccuracies on my credit report. Including closed accounts reporting that I was delinquent in payment and others saying that I owe them money from years ago. 

I also have some hard inquiries on my credit report that I did not authorize as well : - XXXX XXXX = Inquired on XX/XX/XXXX - XXXX XXXX XXXX = Inquired on XX/XX/XXXX - XXXXXXXX XXXX XXXX - Inquired on XX/XX/XXXX - XXXX XXXX = Inquired on XX/XX/XXXX - XXXX XXXX XXXX = Inquired on XX/XX/XXXX - XXXX XXXX XXXX = Inquired on XX/XX/XXXX - XXXX XXXX XXXX XXXX = Inquired on XX/XX/XXXX - XXXX XXXX = Inquired on XX/XX/XXXX - XXXX XXXX = Inquired on XX/XX/XXXX I don't know what the heck is going on. I have no knowledge of these accounts, someone must have opened them using by falsifying my identity. 

I've called and tried to resolve the issue but I have had no luck."
I have submitted a request to experian to remove a report of a   XXXX   XXXX   on my credit report.   I have supplied them with a letter stating it is released.   I gave this same information to   XXXX   and it was removed.   I have requested the correction from Experian twice and no resolution or response.
I HAVE SUBMITTED SEVERAL DISPUTES TO TRANSUNION REGARDING ACCOUNTS THAT ARE NOT MINE AND REQUESTING THAT THEY PROVIDE ME WITH PHYSICAL PROOF THAT THE ACCOUNTS BELONG TO ME AND THEY HAVE FAILED TO DO SO SEVERAL TIMES AND THEREFORE I AM INTENDING TO SUE TRANSUNION FOR VIOLATION OF THE FAIR CREDIT REPORTING ACT AND PROVIDING ME WITH PHYSICAL PROOF THE ACCOUNTS ON MY CREDIT REPORT BELONG TO ME. THIS IS MY LAST AND FINAL ATTEMPT BEFORE I SUE TRANSUNION.
"Dear XXXX, This letter is a formal complaint that you are reporting inaccurate credit information. The account is closed and paid in full. It has been over 7 years since the account was open. Therefore, I am asking for you to remove this item immediately. 
In the month of XX/XX/XXXX, it was reported that I was 60 days late on my XXXX account. This was reported to all 3 credit bureaus. 
With proof I am attaching documentation that I enrolled in school at XXXX ( XXXX ) XX/XX/XXXX -XX/XX/XXXX and my account should have been in -school deferment. When you are enrolled in school at least half-time you are able to request an in-school deferment. However, I did have to drop with my international travels. Furthermore, I did n't receive any written communications about this matter because I was out of country from XX/XX/XXXX to XX/XX/XXXX for work. Upon returning to the country I spoke with several customer service representatives who stated that they would remove the late payments since my account should have been in forbearance ( Please see page 2 ) from XX/XX/XXXX and XX/XX/XXXX. In addition, I was enrolled in XXXX during this time. 
Therefore my account was in forbearance and payments were not due at this time. However, I have called XXXX and emailed numerous times to get this matter resolved. I was assured that it was resolved until I received a copy of my credit report. Unfortunately, this matter has not been resolved. I am sure you will agree it needs to be removed ASAP. The following information therefore needs to be verified and deleted from the report as soon as possible : XXXX XXXX ... 
Sincerely,"
I requested two checks from within my XXXX account associated with email XXXXXXXXXXXX. The request was made on the XX/XX/XXXX and it is now the XX/XX/XXXX and I have yet to receive them. There transaction IDs are XXXX and XXXX. PayPal has shown a message for each transaction ID as invalid which shocks me.
Became XXXX called Wells Fargo for advice was told I 'd be able to get my mortgage payment down and a call after I paid it off or pay what I could I emptied out my 401 ( k ) paid off XXXX % of it was left with a small balance of {$11000.00} and they would not readjust the mortgage so I was paying less which put me in a big bind .they now refuse to lower my payment stating that the person who owed owns my mortgage one allow that after-the-fact I was told this is way too late for that
"We are in a Hurricane Irma FEMA designated area ( XXXX Florida- XXXX , FL vicinity ).

We applied for a {$400.00} deferred minimum payment grace period on our Chase credit card ending in -XXXX.

We have not received the {$400.00} payment deferment as promised for XX/XX/XXXX that is due by Saturday, XX/XX/XXXX per Chase Irma Relief at XXXX.

XXXX XXXX"
"Which of these best describes your issue? 
Did not receive notice of right to disputeDescribe what happened so we can understand the issue ... 

On XXXX XXXX I spoke with XXXX XXXX Banks at American Collection Services with regard to a debt from XXXX. We worked out a settlement amount and I set up payment using my debit card. By XXXX XXXX I noticed the payment was never taken so I called in. The next day XXXX called back and said there was a system error and all of my payment information was lost and he simply did n't know. I set up payment again. This time I thought the settlement was higher but did not want to press the issue so I said fine and gave the checking info from my commercial account. On XX/XX/2015 I called XXXX to re-enroll and was told I still had an outstanding debt and gave the number to XXXX Banks. At this time I could not enroll. I left a message for XXXX Banks yet again. On XX/XX/2015 he called back and this time was very aggressive. I was making the call to work out payment yet again but he only wanted to argue why the last payments did n't process. I continued to say if the calls are recorded simply pull the recording. I just want this resolved as I have initiated every single communication and it has yet to be rectified. I became increasingly frusterated with the dead end conversation and requested a manager. He put on XXXX XXXX who identified himself as the person who handles litigation. I asked if he was an attorney he said, "" I take care of asset, garnishments, and litigation ''. I asked if he was an attorney registered with the XXXX he replied, "" No just a paralegal '' his tone then changed. We XXXX agreed that the communication was poor and when we began to speak of settlement he said he did not see XXXX and could not offer XXXX. I explained that I had an email XX/XX/2015 that shows a settlement offer that they failed to take twice and asked him to pull the recordings and the email. He stated that I would have to have legal injunction to access any recordings of the calls and if I filed a complaint it was no big deal because it is a simple form he fills out to answer and the complaints are not taken seriously anyways. If I did not like paying him I could contact XXXX directly. I am hesitant to pay a company that offers a settlement and loses my payment information, then charges more, fails to take the money a second time, and NEVER even once attempts to make contact. I have never received an initial dunning notice by mail only a settlement offer by email. I am now in a situation where I can not enroll back into my MPA due to this companies inability to process payment despite my repeated attempts. XXXX made a point to say any complaints that come through he will simply use a form add names to the blanks and mark it as frivolous. Please I encourage management and the CFPB to pull call recordings. Clearly this company and its staff have very little regard for the CFPB and do not take its authority seriously. I simply wanted to pay a bill. At this time I have made contact with XXXX in hopes they will be able to process a payment."
"I would like to file a complaint about an account listed on my credit report that was never updated after paying the balance in full to the collection agency assigned to it. I have already tried resolving this directly with the original creditor, the collection agency and XXXX   with no resolution because each organization states it is not their responsibility to report my payment for their own specific reasons stated below : XXXX states that the amount was charged off and the account was closed/sold to Calvary so they no longer report any updates.

Calvary states that although I paid them for this debt, they can not report the payment under XXXX as they are a separate company. 
XXXX  states that their function is only to gather information from the original creditor ( XXXX ) and they have to go by what they say, which is no updates available. 
I understand that I fell behind on past obligations and I am ashamed of myself for those issues. There was a period of time where I had unfortunate circumstances that led me to credit issues but I worked very hard to recover from them and I eventually paid the debt I was responsible for and Ive rebuilt my credit. I did not realize that this account was still showing as unpaid until I was just denied employment because of this outstanding issue. At this point I am begging someone to please report this account as paid. 
The account listed on my credit report is XXXX, the collection agency I paid in full is Calvary Portfolio. I have the letter showing that I satisfied this debt and it is attached to this complaint."
"TransUnion is using a deceptive identity verification question, specifically, they ask about names "" previously '' used, implying that the name is no longer used. They included my last name, XXXX, as an answer. XXXX is not a name that I have previously used : It is the name that I have always used."
"I have contacted the company by phone, takes to the supervisor and asked them to stop calling me, and told her the company is constantly calling me and I consider it harassment."
"Florida XXXX XXXX account # XXXX I paid all of my bills on time, the car was current at the time I voluntarily returned it. Ireturned the vehicle in excellent conditionand was told that if I returned it it would not be placed in collections. I had a total remaining balance at the time of voluntary surrender of vehicle of {$2300.00}. The report says that I owe a balance of {$6200.00}, that is inaccurate and I was assured the the balance would be forgiven as long as the car vehicle was returned in good condition. The company violated the terms of our agreement for returning the car by reporting to a credit bureau. They sold the car within 3 days."
"The Honda Financial Services has given me a loan on a very high interest 5.50 %, I have a excellent credit of XXXX, even after paying them every month from XXXX 2013, they have n't reduced my interest rate and have n't reduced the payment at all. 

I have come to a point where I can not make the payments of the car anymore, I need the company officials to provide a solution."
"Collection letter sent to former address. XXXX is not owed money on my account. XXXX was contacted, requested letter sent to their fraud/legal dept. I 've faxed AIC to contest debt and request all information via fax and not mailed ( all copies attached ). One of AIC 's search results netted a long list of complaints by consumers receiving similar letters and or calls. This is a fraudulent scheme on behalf of AIC to collect money on debts not owed ( certainly not in my case )"
"Key Bank Rewards program is misleading by saying they are giving you XXXX points per XXXX spent. When you go to redeem you can only get {$1.00} for every XXXX points so in effect it is only XXXX point per {$1.00} spent. 
I have XXXX points with Key Bank. They say that is worth {$110.00}. 
Last year I had XXXX point with XXXX. They gave me {$500.00}. 
Key Bank is using rewards points terminology that all other credit card companies use but all other companies actually give you what they say they will. 
Key Bank is being misleading and dishonest with their rewards points advertising. 
I have spent too much time looking through Key Bank info for anything that says what the true point value is. It is not until you go to redeem that you find out."
"This regards our Chase Freedom Visa credit card # XXXX XXXX XXXX XXXX. Both XXXX XXXX and XXXX XXXX use this card. Expiration was XX/XX/XXXX. ( Do n't worry, we have since gotten a NEW C.C. because of this fraud. ) ( Another Chase Freedom Visa C.C. ) No one asked for NOR ordered ANY of these items! The ( 4 ) fraudulent, XX/XX/XXXX charges just appeared on our statement! Here are Dates of Transaction, Merchant, & Amount : 1 ) XX/XX/XXXX XXXX XXXX XXXX for {$92.00} ( Visa says XXXX? ) 2 ) XX/XX/XXXX "" "" {$5.00} ( Visa says XXXX XXXX XXXX? ) 3 ) XX/XX/XXXX XXXX XXXX XXXX CA for {$92.00} (? ) 4 ) XX/XX/XXXX "" "" {$5.00} (? ) We spoke with "" XXXX '' at Chase Visa : XXXX ( ext. XXXX XXXX XXXX ) ( M-F XXXX XXXX - XXXX XXXX CST ) Nice gal, but she needs CFPB Help! Please HELP us remove these bogus charges! CFPB : You are a strong right hand of hard-working Americans. May XXXX Bless You! With love! XXXX XXXX on Wednesday, XX/XX/XXXX at XXXX XXXX."
"In XX/XX/XXXX, I contacted the 3 credit bureaus to dispute the XXXX XXXX item on my credit reports. The loan was in in the amount of {$270.00}, however I never applied or received a loan from XXXX XXXX. The information on my credit report incorrect. I contacted AD ASTRA RECOVERY SERVIC, XXXX XXXX XXXX XXXX XXXX XXXX XXXX, XXXX, KS XXXX on XX/XX/XXXX to inform them that I never taken a loan out with XXXX XXXX and I need this item removed from my credit report but the have not resolved the issue or removed it from my credit report. The account # is XXXX the loan date : XX/XX/XXXX. I am requesting that your office investigate this issue on my behalf. Also, XXXX XXXX was not licensed in the Mississippi in XX/XX/XXXX, therefore any loans issued in my name on XX/XX/XXXX was illegal. I can be contacted via mail : XXXX XXXX XXXX, # XXXX, XXXX, VA XXXX"
"This is in followup to case XXXX. 

I sent a message to Big Picture Loans revoking ACH authorization and they did not accept this. They still withdrew money from my account. How do I get them to accept this? I also firmly believe that this is predatory lending at his finest and is illegal. They should credit my balance as payment in full completed."
"I sent a credited letter return receipt 2 weeks ago addressing Equifaxs incorrect information on my report. They are reporting a fraudulent account - XXXX and removed my freeze I was entitled to and had before my last name changed! This was a file mix and they must remove the XXXX account and credit inquiries that are fraudulent and not authorized by me! I've filed a FTC report, numerous police reports, and the attorney general. I demand they block the fraudulent account and reinstate my freeze."
"The vehicle was repossessed by XXXX XXXX XXXX XXXX, I paid the XXXX dollars via XXXX XXXX  refference number XXXX and when I attempted to call in with the necessary info I spent an hour and a half on hold until they closed, now they will sell my truck and keep my XXXX I don't think that credit acceptance should get away with this"
THIS IS MY DEBTH WITH XXXX XXXX. THEDEBTH WAS WRITTEN OFF. I DECIDED TO SETTLED FOR LESS THEN THE FULL BALANCE. I PAID THE SETTLE AMOUNT. THE PROBLEM IS THE REMAINING BALANCE KEEP GETTING REPORTED TO THE CREDIT BEREAU AS I STILL OWE. BUT I SETTLED THIS ACCOUNT.
"I had questions about incorrect information I found on the National Student Loan Data System. I called my servicer, Fed Loan Servicing. The woman I spoke with told me that Fed Loan owned my loan, as opposed to merely serviced it, and that Fed Loan did not report any payments to FSA, only credit reporting agencies. I knew this was incorrect information. I asked for a supervisor and was transferred to AES. They sent me back to Fed Loan where I talked to a woman who kept interrupting me and would not let me ask any questions about my NSLDS information. She kept saying my question was about PSLF, but it was n't. I was trying to ask about my repayment history. I was not allowed to ask her any questions, I kept being cutoff mid-sentence. She refused to open up my NSLDS information and look at it with me on the phone. Finally, I let her transfer me to the division that dealt with PSLF. The man on the line told me I was at the "" escalation department '' and was able to tell me that after a repayment review ( 90 days ) my information should be updated on NSLDS. This was a fairly simple answer to give, I have no idea why I had to go through all of these steps to get it. 

This whole thing took an hour. I got bad information, received rather XXXX customer service from one representative ( to put it politely ), was transferred three times, talked to four representatives, and was referred to AES -- which does not service the Federal Direct Loans I have. Overall this was a rather stark experience. I have no idea how people without a preexisting understanding of Federal Student Aid programs manage to get any accurate understanding/information about their loans."
"Hello, my name is XXXX XXXX and I had a judgement filed against me back on XX/XX/XXXX for the XXXX XXXX case # XXXX. I was garnished in XX/XX/XXXX from The Collection Company/Judgement Recovery my employer at that time was XXXX stating I owed {$3300.00} garnishment # XXXX. The garnishment took place right away without me being served or even notified by mail from my employer or the collection company. I filed an exemption to have only 10 % come out of my paycheck after the first 25 % was taken out as a surprise when I received my paycheck. The 10 % was granted right away. This company collected {$800.00} in total and then the garnishment just stopped. Even though I was still working with the same company for some odd reason they just stop collecting all together. My thoughts were maybe they were satisfied with the amount I paid and that was it. Well in XX/XX/XXXX I moved to XXXX XXXX   and I attempted to get an apartment in XXXX but the XXXX XXXX appeared on my credit report as not satisfied or paid. I attempted to reach out to Judgement Recovery to see what options I had to have this show paid and get it removed from my credit however I was never able to reach anyone and I never received return calls after leaving several messages. I proceeded to just move into a house where they overlooked that eviction since I had good rental history since then. I later in XX/XX/XXXX/XX/XX/XXXX started looking more into my credit and XXXX XXXX XXXX was completely removed from my credit. As of the end of XX/XX/XXXX around XX/XX/XXXX I received a letter in the mail dated XX/XX/XXXX from Judgement Recovery ( which I have attached ) stating I owe {$4000.00} and to contact them within 30 days to make arrangements. On XX/XX/XXXX ( not yet 30 days from the date I received the letter ) I woke up to a check in the amount of {$700.00} something odd dollars which I knew could not be correct as my checks are normally at minimum {$1100.00}. I went to work ( XXXX ) and immediately contacted my supervisor who adv that is not correct ( as he approved me for 80 hours at the rate of {$14.00} ) and to contact my payroll department. I did so and they advised I had a garnishment and provided me with a phone number of ( XXXX ) XXXX. I immediately reached out and got a voicemail stating that I reached Judgement Recovery. I left a voicemail asking to receive a call back this is at about XXXX Eastern Standard Time . ( I have also attached records of my outgoing calls to Judgement Recovery ). Seeing that this was a XXXX phone number I immediately thought to go to XXXX and see if I can find any info there while waiting for a return phone call. On XXXX I found there were 3 garnishment # 'S under this same exact case #. The 1st garnishment # XXXX dated XX/XX/XXXX stating the starting balance was {$3300.00} and the ending balance was {$2500.00}. The second garnishment # XXXX dated XX/XX/XXXX stated I had a balance of {$2700.00} and showed the exact same ending balance. The current garnishment # XXXX stating balance {$4000.00}. At this point I was very confused on ( 1 ) why this collection agency stopped collecting the first time back in XX/XX/XXXX. ( 2 ) Why the amounts keep changing on what I owed. ( 3 ) Where did the {$800.00} I already paid back in XX/XX/XXXX go? ( 4 ) Why are they attempting to collect on a debt that was removed from my credit? ( 5 ) Why did they wait 5 years to pick this back up when I 've been working the entire time I 've been in XXXX. I continued to call Judgement Recovery throughout my work day and just like back in XX/XX/XXXX I kept getting the voicemail with no return calls. I decided to call the attorneys office that shows on the case XXXX XXXX to see if they were able to assist me with anything and I 1st spoke to XXXX who advised to let her try to reach Judgement Recovery maybe they will answer if they see it 's her. She placed me on a hold and came back to state she received a voicemail as well. She stated she had XXXX 's cell number ( the owner of this collection company ) she could n't give it to me but she can call her to let her know I was reaching out. She placed me on another hold and came back stating XXXX is on vacation but her husband XXXX should be in the office and if I leave a message he should call back. She also advised I would need to be kinda stern in the message. I tried contacting them again and got the voicemail. At that time I remembered getting the exemption back in XXXX XXXX  for the 10 % rule and decided to contact the clerks office to figure out how to go about doing that again. I spoke to a clerk who advised me to go to XXXX and print the form off and fax it in and they will send it to my employer. The only thing is when I printed the form it said I had to reside in XXXX which I do not. I can not apply for an exemption in XXXX   because this was not filed in XXXX. So after so much stress and needing to find records of what I paid to this company previously I had to leave work early to go home. I contacted the attorneys office 1 more time and they stated there is nothing they could do and after pouring my heart out to the attorneys office I surprisingly got a call back from XXXX at Judgement Recovery around XXXX. I advised XXXX I had been calling since XXXX and he asked in a very nasty tone if I had been leaving messages which told me he did n't check the machine at all but maybe someone from XXXX XXXX got in contact with him. XXXX  advised me that in XX/XX/XXXX that the principle amount owed was {$3300.00} and that I paid {$800.00} on garnishment # XXXX. He also advised that it was closed ( never gave me a reason why it was closed ) and that a new garnishment was opened and nothing was collected on it ( garnishment # XXXX ). I asked XXXX what happened to the money I paid in XX/XX/XXXX and he replied that was for garnishment # XXXX and this is a new garnishment. I proceeded to ask if there were any other arrangements I could make or how I can get a exemption as I can not afford 25 % living in XXXX  as a single mom of XXXX kids. XXXX  advised he would contact someone and give me a call back on XX/XX/XXXX in which he never did. This company keeps going back, stopping garnishments, creating new garnishments and then disregarding the money that I 'm paying. This has been going on since XX/XX/XXXX and I 'm not understanding how this is legal to keep doing this. I 'm not for sure if the attorneys office and the collection agency are doing something fraudulent to keep getting these different judgements on the same case but I need some help investigating what my rights are as a consumer. I feel once they started the 1st garnishment in XX/XX/XXXX they should have finished it. At this point I 'll be paying on a {$3000.00} debt for the rest of my life. If you have any further questions I can be reached by email or phone. Thanks!"
"I submitted my identity theft FTC affidavit along with dispute letters stating the Section 605 of the FCRA. TransUnion sent me this letter stating they ca n't do anything right now. They are required to comply with my Identity theft block within a week when a police report is submitted in addition to the identity theft block dispute letters notarized. I 've been a victim, and they are choosing not to do their job per the FCRA. I 've attached a photo of the letter they sent me."
"On XX/XX/XXXX, I disputed hard inquiries on my Experian credit report ... and received a reply within 30 days stating that I would have to contact each creditor about the inquiries. So on XX/XX/XXXX I sent a certified letter to XXXX  XXXX XXXX to remove the unauthorized inquiry. I then filed a CFPB complaint against Experian and XXXX  XXXX XXXX on XX/XX/XXXX to ask why they will not investigate the accuracy of these inquiries. On XX/XX/XXXX Experian replied to my CFPB complaint file # XXXX, I was informed through Experian reply to contact the furnisher of the inquiry. Which I did. 

( XXXX  XXXX XXXX ) replied via mail after I provided my Social Security Number and a highlighted credit report to assist with identifying the problem that their company has verified this inquiry dated for ( XX/XX/XXXX ) with the credit bureaus as accurate. 

XXXX  XXXX XXXX did not provide any proof of CONSENT or letter in the form of any type of application for credit giving this company my approval to check my credit report. 

Importantly, Experian insisted I contact the furnisher or creditor to address this inquiry, and I have as you can see in the file uploaded of the letter from ( XXXX  XXXX XXXX ) giving me the run around back to Experian that also did not investigate initially to see that XXXX XXXX XXXX can provide proof of consent according to FCRA laws."
"XXXX XXXX XXXX XXXX XXXX XXXX, Ga XXXX XX/XX/XXXX Capio Partners , LLC XXXX XXXX XXXX # XXXX XXXX, Tx XXXX RE : Account To Whom It May Concern : This letter is being sent to you in response to notices sent to me from your company and more importantly, due to your erroneous reporting to the Credit Bureau { s }, the highly negative impact on my personal credit report. Please be advised that this is not a refusal to pay, but a notice sent pursuant to the Fair Debt Collection Practices Act, 15 USC 1692g Sec. 809 { b } that your claim is disputed and validation is requested. 

This is NOT a request for verification or proof of my mailing address, but a request for VALIDATION made pursuant to the above-named Title and Section. I respectfully request that your offices provide me with competent evidence that I have any legal obligation to pay you. 

Please provide me with the following : What the money you say I owe is for : Explain and show me how you calculated what you say I owe : Provide me with copies of any papers that show I agreed to pay what you say I owe : Provide a verification or copy of any judgment if applicable : Identify the original creditor : Prove the Statute of Limitations has not expired on this account : Show me the you are licensed to collect in my state : Provide me with your license numbers and Registered Agent or Agent of Service : At this time, I will also inform you that if your offices have reported invalidated information to any of the 3 major Credit Bureaus { XXXX, XXXX  or XXXX } this action might constitute fraud under both Federal and State Laws. Due to this fact, if any negative mark is found on any of my credit reports by your company or the company that you represent, I will not hesitate to bring legal action against you for the following : Violation of the Fair Credit Reporting Act Violation of the Fair Debt Collection Practices Act Defamation of Character If your offices can provide proper documentation as requested in the following Declaration, I will require at least 30 days to investigate this information and during such time all collection activity must cease and desist. 

Also, during this validation period, if any action is taken which could be considered detrimental to any of my credit reports, I will consult with my legal counsel for suit. This includes listing any information with a credit reporting repository that could be inaccurate or invalidated or verifying an account as accurate, when in fact there is no provided proof that it is accurate. 

If your company fails to respond to this validation request within 30 days from the date of your receipt, all references to this account must be deleted and completely removed from my credit report and a copy of such deletion { to any/all of the 3 major credit reporting bureaus : XXXX, XXXX and XXXX } request shall be sent to me immediately. 

I would also like to request, in writing, that no telephone contact be made by your company to my home or my place of employment. If your offices attempt telephone communication with me, including but not limited to computer generated calls and calls or correspondence sent to or with any third parties, it will be considered harassment and I will have no choice but to file suit. All future communications with me MUST be done in writing and sent to the address noted in this letter by USPS. 

It would be advisable that you assure your records are in order before I am forced to take legal action against your company and your client. This is an attempt to correct your records, any information obtained shall be used for that purpose. 


Best Regards, XXXX XXXX"
"I have written to Navient requesting a single contact in which to send payments for Unpaid interest of {$4400.00} only. I do not want these payments to be considered as "" overpayments '' because my debt will not be cleared as timely as I would like. This account has existed since 2005, over 15 years. Navient wants the debt to continue for another 17 years with monthly interest exceeding {$250.00} monthly. 

According to their instructions "" you can instruct us to allocate payments differently. Clearly write your instructions on a separate piece of paper included with your check. We can not process instructions written on the check or remittance slip. '' Navient has chosen to not respond directly to me ; therefore, I must ask for the CFPB 's assistance. This account is paid without a remittance slip or paper check. It is paid via electronic transfer. I am acting in good faith with this request for a single point of contact to work with."
"This has become an alaraming pattern of negligence and possible intentional negligence and malice when it comes to the billing of my card with US Bank. 
Thsi pertains to the reversal of XXXX provision credis despute the bank being in receipt of my paperwork related to the disputes, failure to provide signatures/drafts or evidence of chip usage for my card, and failure to provide doucmentation that a YELP order was received ( it wasnt and they cant prove it ). 
So the provision credits that should of been permanent credits to my account are : 1.XXXX ( XXXX ) XXXX -- POssibly the most egregios. From a city in the middle of Virginia that I have never visited 2. XXXX XXXX ( XXXX ) -- -didnt authorized the charge. Please show me a signed receipt. You cant because there isnt one. 
3. XXXX XXXX ( XXXX ) I never received the food from this order. It was ordered but must of been delivered to a different address. Again no proof provided showing it was delievered to me. 
Attached you will find copies of correspondence sent to US Bank alongside a troubling letter that US Bank references "" an attempt to reach me via phone '' with no reference to any matter. Saying "" if we dont hear form you by XXXX/XXXX/17 we will not complete the investigation ''. Well i did call and sent multiple faxes telling them XXXX XXXX wasnt a valid charge and to give me a signed receipt. The decided to make matters worse and over turn the provisional credit before their "" self imposed deadline '' of XXXX XXXX, 2017. 
I have made it clear to US Bank i will communicate in writting or email. As a small exception, I did in fact called the alias "" XXXX XXXX '' XXXX XXXX but alas no one was available. It was all in vain as US Bank had olanned on reversing the provisional credit for XXXX XXXX all along. 
This was a calculated, premeditated act by US Bank. 
Please see copies of communication with US Bank on this matter."
"I have addressed this fraudulent account previously with both CFPB as well as The Lending Club, unfortunately, the complaint is closed by CFPB immediately upon receiving a response from the company regardless if the issue remains unresolved. This is not an account opened by me. The company responded in XX/XX/2017, indicating that I have not provided them with the required documentation, which is FALSE. I have been in contact with your investigators and have submitted all the information above once again on XX/XX/2017. On XX/XX/2017, I was contacted via email by Mr. XXXX XXXX, who stated he had not received the requested affidavit, I reminded Mr. XXXX that the required documents were sent to his inbox ( XXXX ) on XX/XX/2017. Mr. XXXX responded and stated that he required an incident report be filed as well, I replied informing Mr. XXXX that an incident report was not something I could furnish as per my notarized agreement with the Individual responsible, ( which I provided to the Lending Club ), in exchange for her admittance, I would not file charges. I have not heard from Mr. XXXX, nor any representative from The Lending Club since. The Lending Club has a copy of the signed agreement and all documentation, so I am unsure why they are requesting me to violate a notorized statement. 

This situation has dragged on for many years, and I am desperate to put it behind me. I am willing to work with the company, as I've always been, to come up with an agreement to resolve this issue once and for all. The entire ordeal of having someone extremely close to me cause such chaos, and turmoil in my life financially, mentally, emotionally and professionally has been tough to move past, especially with the remnants of her actions lingering on my credit report, military, and XXXX XXXX record. I ask The Lending Club to work with me to come to an agreement that is both fair and satisfactory to both, the company and myself so this situation can be put to an end once and for all. 

I look forward to hearing from representatives of your company. 

XXXX XXXX"
Transworld Systems inc bought out XXXX. through XXXX I did the loan rehabilitation program. They did not follow throgh on their legal agreement. Now they are refusing to send me in writing the original application and terms and agreement of the loan. The ombudsement group is useless. Who is going to make these people reaponsible? You already let them get away scott free for calling my job and trying to collect on the debt which is illegal. Now they are refusing to provide XXXX with documentation about the loan rehabilitation program.
"RE : LOANME. These predatory loans should be illegal. I borrowed {$10000.00} in XXXX XXXX making payments {$840.00} per month. In XXXX, XXXX my outstanding balance was XXXX. I paid over XXXX in interest and fees to borrow XXXX for 8 months? How is this legal in California? When I received a monthly statement, there was no information regarding my balance and how much of my payments are going to principal. Apparently XXXX of my payments went towards my principal and interest acccrued daily. This is a rip off and preys on people who are in a challenging time."
"Beginning approximately six weeks ago with weekly calls, now someone calls me nearly every day from the number XXXX and leaves a message stating that they are from "" XXXX '' and are calling to collect a debt. They say to call back at the number XXXX. I have called both of the numbers back, and first it says I have reached a "" non-working number '', then immediately rings again and a recording states that I have reached "" Navient ''. Once, after going the long way through their IVR, I finally got to a person, who immediately asked for my SSN. I refused to give it to him, because this obviously sounds like a scam, and asked why they keep calling me. I was told that they ( Navient ) deal in student loans, and I told him that I have never had a student loan. He then confirmed that they have no record of my phone number tied to any account in their system, and also said that they are not affiliated with any company called XXXX."
"Paypal sent me a notice that my account was put on hold because a person with a similar name had a negative balance with Paypal. I called and explained that I was not that person and not responsible for this account. Paypal refused to de-link the other account unless I paid the negative balance. 

I tried to close my Paypal account, but Paypal will not let me do that until I resolve the other person 's past due balance. This is fraud and most certainly illegal under the laws of the United States. I am not responsible for the debts of another, and I am not willing to allow Paypal to keep my account active. I will use other forms of payment from now on."
"I purchased my home almost two years ago now. My payment amount has fluctuated due to escrow changes, but in XXXX, my escrow amount increased by almost {$200.00} more per month than it has been in the past ( prior monthly payment amount was {$700.00} and in XXXX it was {$890.00} ). My actual taxes owed for the year is a total of {$1200.00} and homeowners insurance is {$680.00}, for a total for the year of {$1900.00}. The mortgage company is charging me {$3700.00} for the year ( based on the {$300.00} per month shown on my statements ), which is more than the 1/6th total allowed by section 6 of the RESPA. 
In contacting the mortgage company, I was told they had made a mistake in estimating my property value, and that as long as I sent in copies of my property tax statements, they would fix it immediately. These statements have now been sent in multiple times by myself via email, fax and now certified letter, and by the township treasurer where I reside. I have also called almost half of every business day in both XXXX and XXXX, and answered calls from their collections department when they have called me. The individuals in the collections department have either mimicked me when I have answered ( I always answer with "" hello? '' and one individual has just repeated me without saying anything else ), or they just sit in silence instead of responding. It has now been 4 months and my account still has not been corrected."
"Received letter from CMR Financial Services , Inc, XXXX XXXX XXXX XXXXXXXX XXXX, XXXX CA XXXX stating {$270.00} is owed XXXX XXXX XXXX XXXX XXXX ... this amount was written off by my insurance and this is an attempt to pay a non existent amount."
"I have reached out several times by mail and by internet. THESE ACCOUNTS ARE REPORTING INCORRECTLY. I have never missed a payment and i have never been late on any payments. 
I would like to see how the CRA investigated this dispute. I would also like the name and the phone number of the person they spoke to. I would also like to see a print out of the late payment history from the bank they did the investigation with. I DO NOT WANT TO SEE COMPUTER GENERATED PRINTOUTS FROM EQUIFAX, I want to see the actual paperwork they received from the bank itself. 

All of these accounts are closed in good standing -- -- If the late payments are not corrected please remove the closed accounts. 
. 
XXXX.. 
XXXX.. 
XXXX.."
"Please help me, Bank of America did not investigate a fraud claim I made on XX/XX/2018, and possibly mishandled claim, as the claim made on the XXXX FOR THE AMOUNT OF {$810.00} ( CLAIM # XXXX ) was "" lost '' or not in the system '' INITIALLY. It reappeared when I called to inquire status on THE CLAIM AND WAS TOLD THAT THEIR NOTHING in the system in regards to the claim. No explaination why, but wascadvidmsed to start a new claim, so after waiting 10 days and still nothing showing, On XX/XX/2018, I initiated another claim ( # XXXX ) in the amount of {$960.00} ( for same charges, plus a few more that was either incurred during the ten day time frame, or were originally missed. ) These amounts were totaled and verbalized by the reps over the phone. I have no itemized/ documentation of the exact charges included. I expected an affidavit, or some breakdown I can look over and sign, but did not recieve one and was told no further information needed. On XX/XX/2018, temporary credit was issued for {$810.00}.

And on XX/XX/2018 I recieved a "" claim not paid '' letter for the {$960.00} claim. I called the bank to inquire more details on their decision, and was told it was probably because it was a duplicate claim. And I have recieved temporary credit prior.

Also, please note, when I called and had the second claim filed for {$960.00}, during that same call, the rep opened another claim ( XXXX ) for {$90.00} since those were new charges that posted, related to the other claims /merchant. That claim was initiated on XX/XX/2018 and claim paid and closed same day, immediately. That claim considered valid, yet other ones, from same merchant invalid?

Theres definitely been some human errors, which is understandable, we all make mistakes. But when it comes in dealing with large sums of money, that's almost a months paycheck, and then shrugged off, taken do lightly and irresponsibly, is unacceptable.

On XX/XX/2018, months later, I recieve notice, not a letter, just a notice in my messages online with "" unable to pay '' for the claim of {$810.00} ( a XXXX  more ) will be taken out of account on XX/XX/XXXX. It took the bank almost 90 days to decide the charges are supposedly authorized? I would like to know how, what actions were taken. A must have taken place that it took them nearly 3 months! When I called to ask why, I want given a reason, and was told they were authorized and case closed. The details are determined by back office, which they have no access to their information. Althogh on the end of message, it states that I can request copies of documents CV they relied to reach thisdecision. None was provided. Last rep I talked to said that their were no patterns of fraud activity given the timeline of my claim. That's it.

When I realized there were multiple charges I did not recognize I attempted to figure out if these merchants are DBA merchants first, which is why I didnt notify the bank immediately as I did not want to be sure these were indeed unauthorized by those merchants. No items were ever recieved.

I beg you, to please look into this matter further. I work a lot for that amount if money..it has caused me hardship, financially and mentally. I wanted bank to validate these charges, just ask what was items where purchased? And proof of delivery? That should've been enough that the charges were bogus right there. But I was told no investigation took place since charges were deemed to be authorized. I DID NOT AUTHORIZE OR RECIEVE HUNDREDS OF DOLLARS IN XXXX  AUTOMOTIVE PARTS, OR ELECTRONICS, OR MENS CLOTHING OR MISC XXXX.

I am at whits end here. I have contacted the bank numerous times for a better explanation, either recieved a different.response or the rep was not sure, and said its handled by back office and they have no additional information. Ultimately, the last rep I spoke with I believe on XX/XX/XXXX, told me that no pattern of fraud found is the banks reason. However, countless times in past they notified me of potential fraud, when there were valid. They've been wrong about that, could it be possible they are incorrect about the charges being invalid?

I thought debit cards, then banks must investigate? Or since its pointless, ran as credit, according to rules set by visa? at least by contacting the merchant and asking them anything, copy requests, invoices. Incorrect Merchant Category Codes were used evidently because I never purchased or recieved any items or goods or services.

There has to he some visa rule violation here, pre-compliance, compliance, miscoded mcc, merchants using other processors?

Then what exactly did I buy? When or where delievered?!

I am shocked, very frustrated, and simply tired of trying to work on this on my own. I apologize if for the lengthy, repetitive, description of events, and I hope it makes some sense. If more information or specifics needed I'd be more than happy to provide any documentation like statements or letter. I am not sure how much detail I am allowed to go into. I truly appreciate ANY HELP LOOKING INTO THIS MATTER FOR ME."
Unable to lower monthly payments to an amount I can afford
"This morning I receive an email notification from XXXX ( 3rd party fraud/financial monitoring service ) that the APR increased on my Chase credit card ( from 5.49 % to 5.74 % ). I was very surprised by this because 1 ) I had never received any notification from Chase about this change, and 2 ) an APR increase reflects that Chase may perceive me as a higher risk, which concerns me because I pay my balance in full every month. 
I called Chase to ask about this change. The first person I spoke to looked up my account history and stated that there has never been any change to my account since its inception, and that it had always been 5.74 %. After hanging up, I went and checked my individual statements. In fact, the rate was increased between XXXX and XXXX 2016. I then checked my emails and texts ( since I 'm on paperless billing and receive text alerts from Chase ), and there were no messages on this either. 
I called Chase a second time, and this time the representative said that this change was made, and notices were sent to everyone ( although I never received any specific information confirming that the information had been sent to me ). 
Since I do n't carry a balance, I am not directly financially impacted. But I am deeply concerned that a bank would increase rates without notification ( if I were carrying balances, I would have had no opportunity to make alternative financial plans in advance of the change ). I am very troubled that XXXX calls within the space of an hour elicited such difference responses in terms of what actually happened with respect to the rates on my account. I am left wondering whether the operational processes are adequate, and if this can happen so easily, what else could happen. As a customer, I do not feel valued when the rates are increased despite my impeccable payment record. One agent mentioned that I do have the option to close the account if I do not agree to these terms. This feels a bit drastic in my particular situation, but I do feel strongly motivated to shift my spend to other providers, as something feels fundamentally wrong when a bank changes rates without notification or explanation."
"In XX/XX/XXXX 2017, I received a letter from US Bank Home Mortgage concerning the cancellation of PMI on my primary residence. The loan-to-ratio value on my property was 76 %. According to the letter I received, I was required to get an appraisal on my home. I finally ordered the appraisal at the end of XX/XX/XXXX 2017.  The appraiser ( chosen by US Bank ) subsequently appraised my home for well under the purchase price, adjusting my loan-to-value ratio to a mere 86 % and thus the PMI was not cancelled. However, according to the Homeowners Protection Act of 1998, under AUTOMATIC TERMINATION, I quote "" A servicer must automatically terminate PMI for residential mortgage transactions on the earliest date that both 1 ) The principal balance of the mortgage is first scheduled to reach 78 percent ( my loan was at 76 % ) of the ORIGINAL VALUE of the secured property ( based solely on the initial amortization schedule, in the case of a fixed-rate loan regardless of outstanding balance ) and 2 ) The borrower is current on mortgage payments. ( Which I am. ) There is also a clause one paragraph dow in the Act that states : There is no provision in the automatic-termination section of the act, as there is in the borrower-requested PMI cancellation section, that protects the lender against DECLINES IN PROPERTY VALUE or subordinate liens. My PMI should have  automatically been terminated in XX/XX/XXXX when the LTV reached 76 % which is below the 78 % Federal Law requirement. I should have never even been required to get an appraisal."
"I have been a victim of identity theft repeatedly over the last 10 years, including due to data breaches on XXXX XXXX, and XXXX, all of which revealed my name, address, dob, ssn, and place of employment. While the accounts that were fraudulently obtained were all removed, the inquiries from the more recent breaches have not been removed. 

I filed complaints over the phone, and in writing to TransUnion instructing to remove the inquiries. I was informed that they were removed on the phone, and logging into my TransUnion credit monitoring product shows that they are removed. However, I received no response to my written dispute of the inquiries. 

When I pulled my report today from a third party site, all of the inquiries, fraudulent or not, are there again. If I log into TU, it shows XXXX inquiries. Trying to obtain my free credit report through their dispute and annual portals results in no report, as it appears they have blocked me from accessing them through anything other than their credit monitoring tool."
"My husband and I have a Home Equity Loan with PNCBank.

The interest rate is a FIXED Rate at 2.89 %. I went online yesterday to our account.

After doing some online bill paying, I opened up our Home Equity Loan account.

I clicked on the tab : Payment Details to see the amounts we paid in interest for the year XXXX for our taxes. I noticed something really strange. The amounts that we paid in interest and the amounts that we paid in principle didn't seem right. They were going up and down up and down. That shouldn't be with a fixed rate. I contacted PNC Bank to find out why this was happening. I spoke with 8 different people. They kept transferring me to someone else. Something is going on and it's NOT right. Please help us. I have printed out the proof dating back to XX/XX/XXXX up to XX/XX/XXXX. Maybe you'll be able to get to the bottom of this. We are not able to. 
Thank you for your time. 
Sincerely, XXXX XXXX XXXX"
"I recently used my credit card to buy some Christmas gifts, when I looked at my credit score on XXXX XXXX I saw that my score had dropped significantly from GOOD to FAIR. My complaint is ... why should my score go down because you use some of the available credit you have? My utilization went from 1 % to 15 % of available credit. This practice of Credit Reporting companies is unfair and fraudulent, they drop your score and have not waited to see if you make your payments on time or even if you make the minimum or greater payment. What they are doing penalizes you for using your available credit WHICH is then used as a reason for lenders to charge you high interest rates. This practice is more of a collusion between Credit Reporting companies and Lenders. It really is as though you take one step forward and end up two steps backwards. It literally is putting the cart before the horse. 
I have worked very diligently to get a high credit score in order to get the advantages of it. Instead of helping consumers they are suppressing consumers and working with the Lenders to keep the you continually paying higher interest rates. 
I look forward to hearing from you, XXXX XXXX"
"For three years, Navient/XXXX XXXX has put my loan of roughly {$40000.00} in a forbearance because my salary at that time barely reached {$23000.00} without giving me an option of a low repayment when I applied during those three years for the Income-Based Repayment plan. Now, I am at a new job that almost tripled my salary and when the time came in XX/XX/XXXX to reapply for my repayment plan, the only option it allowed me to select was IBR again, even though I knew it would be rejected and that I was ready to apply for the Graduated Repayment plan. So I reapplied for the IBR and the next thing I received a few weeks later was a summary of my loan and saying that once again, I owed nothing. All of the sudden, in the week of XX/XX/XXXX, I received a bill from Navient telling me that I owed {$460.00} by XX/XX/XXXX -- no prior warning and no reason given why. I called them immediately and they told me I was denied for the IBR, but I received no letter and no e-mail telling me this information and offering me to apply for a different plan. I told them to put me into the Graduated Repayment plan over the phone. A week later, I received a letter telling me the information of what my payments will now be over the timeline of the loan, but now, with my first payment due next week, I have yet to receive the bill. I 'm trying to buy a house in the next few years and I am concerned that since they are either not sending my important information and bills or delaying these items, it will cause me to hurt my credit score since they wo n't receive their payments on time. This is unfair to me, who has been repaying three other private loans the last four years and I have NEVER been late on a single payment."
I have tried to gather proof that the debt was mine such as some form of picture identity and signature but the company have refused to grant my request
"Dear Sir/ Madam, There has been a so called Collection by the name of ( XXXX XXXX supposedly for XXXX XXXX account that I never had ) ) on my credit reports which was posted on XX/XX/2018, I have no recollection of this company, I believe it's FRAUD included in stolen Identity SCAM that was posted on my reports, I contacted the credit Bureaus to remove the scam ASAP, I was told that it was verified, someone posted this scam on my name and I want that removed as soon as possible."
"The company has sent multiple threatening letters indicating various grave consequences and presenting information in misleading ways. A previous letter they sent said failure to address a debt could lead to imprisonment. In their most recent letter, they state that they have no obligation to validate the debt as I requested in a letter to their office. I also informed the debt collector that the debt was most likely already out of the statute of limitations since the original judgement was made in 2004. They responded that debts can be valid for up to twenty years without confirming or denying whether the debt was ( 1 ) valid and ( 2 ) not outside the statute of limitations. They also claimed they have collected nearly XXXX in a previous wage execution but I have no record in my bank accounts of any such action or event taking place."
"Request for VALIDATION, NOT Verification XXXX XXXX XXXX XXXX XXXX XXXX XXXX, Ga XXXX XX/XX/2018 Cooling & Winter, LLC XXXX XXXX XXXX XXXX, Ga XXXX : Account # XXXX To Whom It May Concern : This letter is being sent to you in response to notices sent to me from your company and more importantly, due to your erroneous reporting to the Credit Bureau { s }, the highly negative impact on my personal credit report. Please be advised that this is not a refusal to pay, but a notice sent pursuant to the Fair Debt Collection Practices Act, 15 USC 1692g Sec. 809 { b } that your claim is disputed and validation is requested. 

This is NOT a request for verification or proof of my mailing address, but a request for VALIDATION made pursuant to the above-named Title and Section.  I respectfully request that your offices provide me with competent evidence that I have any legal obligation to pay you. 

Please provide me with the following : What the money you say I owe is for : Explain and show me how you calculated what you say I owe : Provide me with copies of any papers that show I agreed to pay what you say I owe : Provide a verification or copy of any judgment if applicable : Identify the original creditor : Prove the Statute of Limitations has not expired on this account : Show me the you are licensed to collect in my state : Provide me with your license numbers and Registered Agent or Agent of Service : At this time, I will also inform you that if your offices have reported invalidated information to any of the 3 major Credit Bureaus { XXXX, XXXX or XXXX } this action might constitute fraud under both Federal and State Laws. Due to this fact, if any negative mark is found on any of my credit reports by your company or the company that you represent, I will not hesitate to bring legal action against you for the following : Violation of the Fair Credit Reporting Act Violation of the Fair Debt Collection Practices Act Defamation of Character If your offices can provide proper documentation as requested in the following Declaration, I will require at least 30 days to investigate this information and during such time all collection activity must cease and desist. 

Also, during this validation period, if any action is taken which could be considered detrimental to any of my credit reports, I will consult with my legal counsel for suit. This includes listing any information with a credit reporting repository that could be inaccurate or invalidated or verifying an account as accurate, when in fact there is no provided proof that it is accurate. 

If your company fails to respond to this validation request within 30 days from the date of your receipt, all references to this account must be deleted and completely removed from my credit report and a copy of such deletion { to any/all of the 3 major credit reporting bureaus : XXXX, XXXX and XXXX } request shall be sent to me immediately. 

I would also like to request, in writing, that no telephone contact be made by your company to my home or my place of employment. If your offices attempt telephone communication with me, including but not limited to computer generated calls and calls or correspondence sent to or with any third parties, it will be considered harassment and I will have no choice but to file suit. All future communications with me MUST be done in writing and sent to the address noted in this letter by USPS. 

It would be advisable that you assure your records are in order before I am forced to take legal action against your company and your client. This is an attempt to correct your records, any information obtained shall be used for that purpose. 


Best Regards, XXXX XXXX"
"We have a loan with One Main Financial and feel we have been misled in so many ways. They are using our vehicle even though it 's already being financed through a Credit Union. They never explained how much interest we would be paying over the life of the loan. We asked for help on a somewhat different matter and will not get a response either. They are very convincing to people in bad and desperate situations. So far, we have lost about {$600.00} in fees and interest"
"XX/XX/XXXX I entered into a repayment plan on a second mortgage requiring me to make an initial payment of {$1100.00} and remaining payments of {$710.00} between XX/XX/XXXX and XX/XX/XXXX. Although I submitted each payment via Chase Bank cashier 's check on time, Chase began denying my payments just before the end of the repayment agreement. Chase Bank returned the payment for XXXX XXXX claiming the payment plan was rendered inactive on XXXX/XXXX/XXXX due to missed payments for the months of XX/XX/XXXX and XXXX XX/XX/XXXX. The payments for these months were processed and sent by Chase employee, XXXX XXXX - Relationship Banker XXXX ID : XXXX. Apparently, Chase Bank had credited these payments to another account but with the assistance of Branch Manager- XXXX XXXX , we were able to correct this error and have the payments allocated and posted to the correct account. 
Branch Manager, XXXX XXXX as well as myself, expected the account to be returned to good standing after confirming the payments were sent to and received by Chase Bank, as well as these payments being properly posted to the account. 
On XXXX XXXX, XXXX I received a letter from Chase Bank ( dated XXXX/XXXX/XXXX ) stating that my repayment plan could not be reinstated because, although XXXX XXXX and XXXX XXXX payments were received and posted to my account, the payment for XXXX XXXX was missed and this would have also resulted in the cancellation of the repayment plan. Chase Bank went on to send a copy of my payment history and according to their own records the XXXX XXXX payment was received and posted to my account as XXXX-FORCE REG PMT INTEREST. 
At this point, with all the investigating and assistance from both XXXX XXXX and XXXX XXXX, there is no question that all payments were sent to and received by Chase Bank and I have in no way defaulted on the contractual agreement. This latest communication from Chase Bank, continuing to reject the legally binding contract entered into on XX/XX/XXXX, for no justifiable reason, is proof of fraud ( A False Representation Of A Matter Of Fact ) on behalf of Chase Bank. Chase Bank has met all elements considered when determining actual fraud : 1 ) Made a false statement of a material fact 2 ) Completely aware that the statement is false 3 ) Clear and unquestionable intent to deceive 4 ) Justifiable reliance by victim on the statement made by Chase Bank 5 ) Financial injury caused by Chase Bank 6 ) Communication by U.S. Mail constitutes Mail Fraud I am requesting the CFPB investigate these allegations and bring this to the attention of the Federal Authorities. Chase Bank has made every possible attempt to default on the contract under false pretenses."
"I applied for a "" rocket Mortgage '' on Quicken 's site thinking I could do the mortgage online XX/XX/XXXX. I was then called every hour for about a week with people wanting to talk to me about a mortgage. I never received any disclosures despite them reviewing all 3 credit reports. I never received any documentation about where my scores were or what products were available but NUMEROUS calls about how their agents could assist me on the phone. After over 10 days of little to no documentation in writing I requested to ONLY be contacted in writing. I received 1 email and NEVER received any disclosures."
on XXXX/XXXX/2013 I made a {$20000.00} payment to Ket Bank against my principle balance. After making the payment I confirm by phone with Key Bank that the payment would be applied to the principal only! I later found that they applied it to future payments - collecting a years worth of payments and interest in advance. I also feel they collected double interest for more than a year before their indiscretion was discovered. Now that this loan is paid in full ( and then some ) Key Bank refuses to refund me any and all overpayments made against this loan.
"I was charged XXXX XXXX dollars eleven times for items PNC Bank didn't pay. When I set up my business checking account, I told the representative that I didn't want overdraft protection. I was credited back seven of the charges and was told I can't get the rest refunded back."
"I have Bank of America borrower protection plan. I 'm XXXX. Not able to pay mortgage. But the plan never triggered and now they are foreclosing. I do n't understand. The plan states it will make the payments when I 'm XXXX. Yet, they have proceeding to foreclose after sending in all claim paperwork?"
"I called   XXXX   to update my personal information and an address (   XXXX   XXXX   XXXX   XXXX   XXXX   XXXX   XXXX   XXXX   ,  ga  XXXX  ) that does not belong to me could not be removed. The agent stated that it is linked to an account (  XXXX   XXXX   XXXX ,  XXXX  ) that does not belong to me."
"Equifax has mistaken my former address which is the same with my current address XXXX XXXX XXXX XXXX XXXX XXXX, NY XXXX instead OF XXXX XXXX XXXX XXXX XXXX, NY XXXX.Also they did n't report any employment history.I am employed at XXXX NY XXXX PHONE:XXXX.I 've been working in this location for almost 5years.Also equifax did n't update my credit score with FICO for two months giving me poor score while my score is fair with XXXX.I could n't understand that mismatch.According to XXXX my score is fair. and poor according to equifax.it was also fraud alert on my credit report placed on XXXX/XXXX/2015 for the XXXX time, the XXXX time was placed on XXXX/XXXX/2015."
"I have inquiries on my credit files with XXXX and XXXX  from this company dated XX/XX/XXXX. I did not apply for credit from them on this date. I have an inquiry from XX/XX/XXXX,  that is a legitimate inquiry. I have asked the credit reporting agencies to remove these inquiries, but they do n't have to follow the law, so that was a waste of time. I have written to the company directly requesting documentation supporting their permissible purpose in accessing my files, but all I got I reply was verification that they did, in fact, access my files ... no proof of permissible purpose. Accordingly, pursuant to the FCRA, these inquiries should be removed."
"On XXXX XXXX, 2015 I attempted to withdraw XXXX XXXX XXXX from an ATM in XXXX XXXX. There was a mechanical/electronic malfunction with the ATM machine and no funds were received by me. 

The bank is reversing the temporary credit issued in Favor of the issuing bank. 

I am adamant that the funds were not dispersed and the machine suffered a failure. 

An ongoing complaint # XXXX with USAA and I am awaiting indisputable proof that the funds were received!"
"I have a checking account at Wells Fargo bank which is currently negative. It has been so at various times in the past, and I always have brought it positive. It is at "" the bank 's discretion '' whether or not to cover a charge when balance is negative. Being that a very important ACH withdrawal was due of {$220.00} from California Tax board, I called Wells Fargo Bank to see if they were going to cover it, as I saw the transaction listed as pending. I did make a deposit at the same time which did not make my balance positive, but brought it {$260.00} less negative. The representative I spoke with at XXXX EST XX/XX/XXXX ASSURED me - let me make that clear -- he ASSURED me that the payment would POST TODAY XX/XX/XXXX. He saw the deposit, he saw the {$220.00} charge pending for the tax payment and he ASSURED me that the payment was APPROVED and would POST TODAY. Based on this representative 's information, I did not borrow the funds needed to make my account positive, as he told me the payment was APPROVED. I have a check coming in from my employer on XXXX which I was going to deposit but I did n't want to take a chance and have this ACH bounce to California tax board. I called Wells Fargo today, the same number, customer service, when I did not see the payment in pending OR posted, and she gave me an entirely different story, saying that the bank was in the process of making a decision and that i would know later today what they decide. I was furious but polite. This is the same center at the same bank, I should not be receiving two completely different stories. Especially since because of the representative 's assurance yesterday, I did NOT seek to borrow the funds necessary. The man i spoke with yesterday CAUSED ME TO NOT TAKE ACTION IN OBTAINING AND DEPOSITING FUNDS SUCH THAT THE PAYMENT WOULD BE COVERED. This conversation is recorded and the bank can hear what he told me. I lodged a complaint today, case # XXXX. An hour after I got off the phone the payment showed as returned. They clearly did not listen to the conversation I had with the representative yesterday who told me THAT THE PAYMENT WAS GOING TO POST TODAY AND THAT I WAS GOOD TO GO, in his words. Pending outcome of your investigation I will be taking legal action against this bank, and will report continuously to consumer protection bank monitoring services how the bank lied to me through its representative, and then did not stand by its word. I could have addressed this situation. Let me make that point clear. I could have addressed the situation yesterday by simply borrowing the funds until Thursday, BUT I DID NOT MAKE AN ADDITIONAL DEPOSIT YESTERDAY BASED ON THE FACT THAT THE BANK REPRESENTATIVE TOLD ME THE PAYMENT WOULD BE PAID AND POSTED TODAY. The bank has now caused a serious tax problem for me and I will take legal action if this matter is not addressed. It should never depend on who the customer happens to get not he phone, what the bank policy is or what is or is not going to happen with a pending payment. Wells Fargo is the bank that lies to its customers."
applied for the california XXXX program which court said i was intitled to 80 % reduction of fine sent payment to alliance one as instructed by their representative also sent in court papers as requested. now almost 3 months later after they have cashed the 80 % payment check they have not honored XXXX still attaching wages and i still do n't have a drivers liscence
"Received phone calls in regards to an old ACE Cash payday loan from 2013. XXXX XXXX, XXXX XXXX and XXXX XXXX all claiming to be attorneys and XXXX a process server. He threatened to serve me with officers regarding the legal suit being filled and fraudulent banking laws in Texas. Threatened to repossess my car and if it's financed advising that I am unable to drive until the debt is paid in the original amount of {$640.00} or if it goes to court, would be over XXXX. They catch you when you are not thinking and make you afraid and I like a fool gave my card information before filling checking them out. There is no listing for them and they sent document to be signed authorizing them to go into my account and draft funds. I have closed the account and never signed the document. I received calls from XXXX, XXXX & XXXX They gave a case number of XXXX"
"In the first week of XXXX we started talk to XXXX at Chase Bank about doing a refinance on our main property. He took down the information and advised that our rate at that time would be 3.275 %. I agreed to proceed with the refinance, in XXXX he advised me that my rate would have to change due to the fact that closing costs exceeded the cap amount of XXXX XXXX dollars and it would violate a law in state of Texas where the closing costs has a cap. He told me that the new rate would be 3.5 %. I agreed to the new rate as the payment did not change tremendously, at the same time I asked XXXX to do a cash out of XXXX XXXX. Nothing was heard again from XXXX or Chase Bank until a week later when he called in to have us sign and provide supporting documents as well as to collect {$500.00} dollars for appraisal fee. After asking if closing costs would be rolled into the loan, he advised that they would, and in result be deducted from the final closing costs. I was a bit reluctant to make the {$500.00} appraisal fee payment, however, I proceeded with this payment with impression I was given that the loan would close on time. After paying the {$500.00} appraisal fee, he advised I would be lock in a rate until XXXX XXXX, 2017. Once again never herd from XXXX or any loan officer from Chase Bank until the first week of XXXX At that time a new loan officer named XXXX was assigned to my loan, he then advised me that underwriting had approved a "" Conditional Loan '' but that i needed to send more supporting documents to show that I lived at XXXX XXXX XXXX I proceeded to send in the requested documents which were a copy of my driver license, payroll, electric bill, cell phone, employee information and Insurance information reflecting my address of XXXX XXXX XXXX and in which was uploaded their portal in a timely fashion. On XXXX XXXX XXXX called me back and advised me that none of the information I had submitted had helped me to proof Chase that I currently live there although it was the documents they requested and that underwriters wanted to change my rate once again to 4.375 % as they still felt it was a rental property. Although very frustrated and upset at this point, I told XXXX to give me a day to crunch in numbers and figure out if this would work for my family and I. I called him back ( XXXX XXXX ) and emailed him today to advise we would not continue with the Refi due to Chase not abiding to the original terms and changing them although I had provided everything they requested. The change in the terms they decided to do once again would not be something that would be beneficial for my family and I, therefore, there was no point of refinancing at this point with all they changes they decided to do.At this point, I requested my {$500.00} refund per "" Good Faith Estimate '' for appraisal fee as they had changed the terms two times and it was not my fault. XXXX called me and advised they would not provide a {$500.00} appraisal fee refund and stated that this fee was non refundable although again, Chase decided to change the rate even though all the supporting documents they requested were provided .I am requesting for the {$500.00} in appraisal fee to be returned to me ASAP."
"Actions taken : called both creditors and advise that I have no recollection, I was told an investigation will undergo and nothing. 






XXXX XXXX XXXX. XX/XX/XXXX {$1600.00} XXXX XXXX XX/XX/XXXX {$110.00}"
"This is the continuous effort to resolve the dispute I have with American Express on the terms and conditions they are hiding from customers. 

I made the complaint in a previous case XXXX In XXXX 2017, I have signed up for a American Express XXXX cards with the promotion to award XXXX XXXX XXXX reward points after I reach the spending limit of {$3000.00} which I did. I have confirmed multiple times with American Express customer representatives regarding this welcome reward point during and after my application. All those American Express customer representatives have promised and confirmed with me on the recorded line that I should be awarded with those XXXX points after I reached the spending limits which I did. With such promise and conditions, I was convinced and applied for this card with {$95.00} annual fee. Unfortunately, most recently they told me that there was a fine print terms in the application contract that those reward points will not be given to me since I had the similar card before. First, I do n't remember I had similar card before. Second, I did not remember I saw such fine print terms in my application form ( I have included their advisement here for your information, please help me to find where did they ever disclose such condition in the application form?? ), Lastly, I never signed and agree such hidden terms in a written document. Actually I have been asking American Express to provide me the copy of application form which I signed and agreed such hidden terms, they never did sent me a copy. Therefore, I believe this is a very unethical and wrong business practice conducted by American Express. I am urging American Express honor that they have promised to customers and correct their wrong doing."
This debt is paid in full for over a year but they are still reporting on my credit report no matter how many times I have disputed it it comes back as validate knowing that these debt are paid in full. Please look into this matter it is affecting my credit score and my personal and business life.
In and honestly XXXX move I was in desperate need of a loan and I did n't have much time to secure the funds. I blindly took out a loan from XXXX XXXX XXXX for an amount of {$200.00}. The monies were credited to my banking account on XX/XX/XXXX. Since XX/XX/XXXX I have paid XXXX XXXX XXXX a total of {$980.00} with 8 payments still remaining of {$56.00} every two weeks. This means that I will have paid them back in full at a rate of 749.98 % with a monetary value of {$1200.00} on a {$200.00} loan. Since the Inception of this loan I have been informed by a very close friend who is employed by the Attorney General 's office of Pennsylvania The Honorable XXXX XXXX that online /payday/ tribal loans are illegal in the state of Pennsylvania where I reside. To date I have paid the loan back almost five times over the initial amount. In my opinion I feel it a fair resolution to this situation is that the loan be considered paid in full because in reality it has been many times over. Even if I were paying 50 % interest the total amount payback would only be {$300.00}.
"This complaint regards Chase 's adamant refusal to halt the recurring debits scam -- -- XXXX -- -- XXXX XXXX 2015 {$39.00}, XXXX XXXX 2015 XXXX, XXXX XXXX 2015 XXXX, XXXX XXXX 2015 XXXX, XXXX XXXX 2015 XXXX, XXXX XXXX 2015 XXXX XXXX ( XXXX ) concerted efforts -- -- XXXX ( XXXX ) in person -- -- beginning Monday, XXXX XXXX 2015, in order to halt XXXX recurring debits -- -- especially, to close that specific Chase Freedom card account -- -- NOTHING. Each occasion, I was informed by a Chase account manager that the recurring debits were halted, that Chase Bank would investigate the scam & that Chase would resolve this dispute. Lies.Subsequent to the closing of all Chase accounts & direct deposits, correspondence was received from Chase executive offices, back dated XXXX XXXX 2015 & XXXX XXXX 2015 -- -- addressed to my original address, one year ago.XX/XX/XXXX 2015 My requests to communicate with XXXX president brought XXXX XXXX -- -- XXXX ( XXXX ) telephone calls, regarding Chase debits beginning XXXX XXXX 2015 & no XXXX premium member card, prerequisite for dental services, despite several requests. 
XXXX XXXX 2015 ( a XXXX XXXX XXXX presented me with a bill for estimated dental services -- -- {$3200.00}. ( b ) {$850.00} for XXXX XXXX c XXXX a document for referral to a specialist ( d ) XXXX subsequent Employee 's XXXX XXXX XXXX XXXX XXXX, document. ( e ) The XXXX discounted list covered by premium membership was offhandedly tossed into the nearest wastebasket, paralyzing me with awe! 
XXXX XXXX 2015 I walked around the corner to Chase Bank in order to halt XXXX recurring debits -- -- scam."
"Enhanced Recovery is attempting to collect upon a fraudulent debt and listing the account illegally on my credit reports. They received correspondence from me via certified mail XX/XX/2018, XX/XX/2018, XX/XX/2018 and XX/XX/2018. They have refused to reply with validation and have broken 209 CMR 18.17 in that they are illegally reporting under their own name to the bureaus. 
This account needs to be immediately removed from my credit reports."
"I was contacted by a collection agency today called XXXX in regards to a fruadulant debt from XXXX XXXX. They claimed I owe XXXX over XXXX dollars for a service I never ordered. They claimed that I have this service in my home and are not paying for it. I had received a box in the mail back in XX/XX/XXXX from XXXX. I called them to ask what this was about. They told me to ship it back free of charge, but to go the XXXX store. We did the next day. We continued to receive bills in the mail. I would call them and explain to them that I never ordered XXXX and their is a mistake. Each time I called when bills were coming in, the customer service said that it was a mistake and it would be taken care of. Now the collection agency has called me twice in the last few days. When I said I do not have XXXX that I have XXXX/ XXXX they did not believe me. I have had XXXX for over 23 years. XXXX today directed me to Identity Theft. And they directed me to you folks."
"I filed a complaint on XX/XX/XXXX with case # XXXX regarding being sued by XXXX XXXX XXXX XXXX XXXX for a credit card debt in the amount of {$9000.00} on XX/XX/XXXX in NY XXXX XXXX First District Court.  As of today the debt is {$12000.00} with interest. I have no knowledge of this debt. They are representing Creditor ( s ) : ( P ) XXXX XXXX XXXX XXXX XXXX XXXX XXXX XXXX XXXX. I attended a final court hearing on XX/XX/XXXX and explained the judge how they could not provide me any tangible proof regarding any of these requests. Yet, I provided the XXXX XXXX XXXX XXXX response to my complaint the court as well. But XXXX XXXX  XXXX lawyer said the judge my written proof is incorrect and XXXX XXXX XXXX XXXX is still the owner of this alleged debt. After 2 months of the court hearing, I received a final decision. "" The motion of my request for an order vacation the default and dismissing the action or alternative relief, is denied '' I have to pay {$12000.00} to XXXX XXXX XXXX XXXX even the company responded my complaint on XXXX saying that "" This account was referred to the law offices of XXXX XXXX XXXX on XX/XX/XXXX for collections and their office handled the account on our behalf up until the account was sold to a different company on XX/XX/XXXX. Once an account is transferred and sold, XXXX XXXX XXXX XXXX XXXX XXXX no longer has any rights, title or interest in the account. You may contact Resurgent Capital Services, L.P. to discuss the account further. Their contact phone number is XXXX. Their mailing address is XXXX. XXXX XXXX, XXXX, SC XXXX. Should you have any further questions, my name is XXXX XXXX and I am Director of Operations with XXXX XXXX XXXX XXXX XXXX XXXX My contact phone number is XXXX, ext. XXXX. '' I would like to inform you that the Law office of XXXXXXXX XXXX  XXXX and XXXX XXXX XXXX XXXX XXXX are still doing and continuing their unlawful actions. I am ready to accept any help you may offer in this matter."
"PennyMac Loss Drafts Claims is holding all of the money to get our home repaired after a mold remediation claim with our home insurance company that has already been settled. All funds have been received and kept by PennyMac since the beginning of XX/XX/XXXX. During this time, we have placed most of our home furnishings in storage and begun moving our pets and ourselves into a small travel trailer n the driveway. These extra out of pocket expenses that would not have been incurred otherwise are adding up. Between XXXX and XX/XX/XXXX, after having submitted all required documents by the contractor they are still misplacing documents and asking for them by phone. Yesterday ( XX/XX/XXXX ) XXXX called asking me for a form for the mold remediation contractor who was finished last year after all of his company 's documents were accepted. After some discussion XXXX was able to find the document in question. What's next? This is not the first time I have received a call asking for documents they already have. It seems they are not capable of keeping and maintaining important documents/records. This concerns me more than you can imagine. I have done everything I'm supposed to do and submitted every document they require and still they have delayed the process yet again. How are we ever going to get our home repaired if we can't pay a contractor? Can they legally keep the money from the settlement? I have never missed a mortgage payment or been late. I am a law abiding, working class man and I've done everything right. I have never felt so powerless and hopeless."
"XXXX XXXX and I have a loan through the company. At the time XXXX did not read the fine print and did not realize the loan would have 766 percent interest. The loan has been paid and including extra totaling XXXX dollars. The company claims that due to the 120 installments that started in XX/XX/XXXXand including a payment that was made on XX/XX/XXXXthe loan is only XXXX cents paid. That means that I would have to pay XXXX plus the "" Finance charges '' to finish the loan. We live in the state of NC where interest can not be more then a certain rate. They claim to be part of a XXXX XXXX and that since we agreed to the terms of the loan we waive the right of a jury trial and also any judgment against them and they have sovrine law. This is because they are a XXXX XXXX. When I called to speak with them, their call center said I would have to pay or collections would happen and I would owe them over 3000 dollars. I need to know what options I have. They have over 500 dollars from us. We have bank statements to show this."
"On XX/XX/XXXX I opened an account at BMO Harris Bank. The checking account number is XXXX. 

I was enticed to sign up using a promotional bonus of {$200.00}, payable with these terms : "" Well automatically apply the {$200.00} bonus promo code when you apply online. 2 ) Have at least two direct deposits of any combination of a paycheck, pension payment, Social Security payment, or other government benefits payment of {$300.00} or more each electronically deposited into the account from an employer or outside agency within 90 days of opening. 

I was not excluded by any terms regarding previously being a customer of the bank, etc. 

After making two {$300.00} transfers from my XXXX XXXX account on XX/XX/XXXX and XX/XX/XXXX, I satisfied the requirements for the accounts signup bonus. I waited 120 days from the opening of the account as their terms indicated would be required for the bonus to be paid, but nothing happened. 

On XX/XX/XXXX, I contacted them on the live chat feature, and after reviewing my account, they explained : "" After reviewing the account, I show you did not meet the direct deposit requirement. You have external transfer deposits into the account. The direct deposit have to be direct deposits of {$300.00} or more. They have to be payroll, pension, or government direct deposits. 

They are insisting on excluding them because they are external transfer deposits. I believe that the deposits do qualify, as XXXX XXXX transfers can be derived from self-managed pensions, but their system does not recognise this. They are refusing to credit my account with the bonus."
"The Loan from XXXX was NOT transferred to XXXX bank XXXX as stated in your letter. The assignment was done by MERS conveying the interest under the mortgage ( which they did n't have to assign to GMAC/XXXX XXXX XXXX XXXX ) on XXXX XXXX XXXX. Four Years after the Trust has closed and after GMACXXXX had filed Chapter XXXX, XXXX XXXX XXXX. According to XXXX Bank XXXX XXXX XXXX XXXX XXXX, XXXX XXXX, CA XXXX Phone number XXXX. They are only a TRUST not an investor they would only hold documents for the investor. The fact that the investor is bankrupt XXXX Bank is not sure on behalf of whom XXXX is collection for and why Ocwen has a lien on the property. None of the Documents mention Ocwen or XXXX Bank in anyway. 
Attached the Assignment to UNKOWN by MERS. 
Therefore the location of the original NOTE is being requested for viewing by borrower and borrowers attorney. No lean by Ocwen can exist for a note, that was never conveyed to XXXX Bank in XXXX. XXXX is NOT a note Holder, Ocwen is NOT a not holder and XXXX Bank America 's is only a trustee which holds records for investors. The question remains who is the investor that owns the mortgage NOTE- Location of the NOTE."
My name is being used for a judgement that dose not belong to me
"I have located an incorrect late payment from Capital One Bank. The account has been paid and closed since XX/XX/XXXX. When I located this account, I contacted the Credit Reporting Agencies right away to have the account remove due to the lack of validaiton by the Bank pursuant the FCBA, and TILA. However, after endless dispute letters to the Bureaus, and phone calls, the account still remains there. I have advised the bureaus that the reporting dates are incorrect, it appears to be reporting as a 30 days late XX/XX/XXXX, but it was actually late XX/XX/XXXX, and that the account is over 7 years ago therefore, it must be removed. When I call the bureaus to complaint, they told me that, they can not call the creditor by phone as I have suggested, and that all they can do, is to send the dispute through XXXX. I am in the process of purchasing a home, however, the bank is giving me a hard time because of this silly 30 day late payment, that has been reporting wrongly for the past 7 years. Please help me as to the bureaus dont want to help me."
"I am a cosigner on a student loan. On XX/XX/18 I called Navient for the payoff amount on the loan. I made the payment on the phone with customer service. I was told I would receive written confirmation and the account would be closed/marked paid in full. I didn't receive any thing so I called today XX/XX/18 and found additional payment due. If I hadn't called I would not know of these charges and was put at risk of late fees and interest as well as negative credit reporting. Was told by XXXX XXXX the additional charges were interest. Told him what I was told on XX/XX/18 and asked him how can you have interest on a XXXX  balance. He proceeded to tell me the final payment would be written off since it was less than {$60.00}. I told him I was making a formal complaint and he said he would transfer me to a supervisor. Supervisor XXXX comes on phone after a 10 minute hold wanting to congratulate me for payoff. I explained I was making a formal complaint about the misinformation I was given on XX/XX/18. She said she would forward complaint to rep 's supervisor. When I asked for the name and ID of the supervisor she said she didn't know it. But it would be forwarded. Then she said it would be forwarded to upper management. When asked who they were she again said she didn't know. But told me since balance was less than {$5.00} it would be written off and that would close the account and then I would receive written confirmation of the payoff in about two billing cycles. The problem is I will have to wait and HOPE they do their jobs and RISK negative credit reporting on an account that has been paid in full. If I lied to and misled my employer 's customers I would have been fired. These people say whatever comes to mind when they talk to you just to end the call. This not my first contact with Navient customer service. They lie and they mislead to end the calls. Should not call themselves "" customer service.! ''"
Im trying to fix my credit and this judgement t fron calvery portfolio shows up and the credit counseling company im working with has dine research and called calvary and they cant find nothing under my ssn. Also XXXX police served me a letter and had a warrent for my arrest and inpaid them {$300.00} to no get arrested and i webt to court told them it wasnt me and they told me they were going to investigate and i never heard back from them. I really need this off my credit as soon as possible thank you.
"Hi i applied for preapproval for a new home mortgage and was informed by the lender that after reviewing my credit history i had 31+ late payments on my current mortgage. this caught me completely of guard. on speaking with the current mortgage holder ( XXXX, XXXX XXXX XXXX ) i found out what the problem was. it was down to a veriety of things. 
1. in the early 2000 's i declared bankrupcy but thankfully kept my home in the process. Chapter XXXX however as i had done this the lender informed me that they could no longer contact me due to this. 

2. i missed a payment which resulted in a late charge and this was compounded out over time to result in me missing more or less all my payments. this is due to the fact as they place monies in suspence and because of this the monies were not posting to the right place at the right time thus showing a late payment. 

3. Of course I was none the wiser of this and in fact was paying over and above my mortgage every month for a number of years now. but they are still asking me to pay interest on the outstanding balance. So not alone did they not inform me about the error in the first place but now they are asking me to pay this balance in order to remove this of my credit report. in my opinion this would be akin to extortion. 

i am very unhappy with this impass and I need help in order to get this fixed. Can you help? neither the lander or the credit reporting compand are being helpfull in this case and i feel that i have nowhere else to go."
"I 'm writing to find out about the lawsuit against Freedom Acceptance. I am a veteran who was apparently sued in Virginia by Freedom Acceptance. I was the co-signer on an account for my ex-husband, but since they could not contact him, they froze my bank accounts until I made payment arrangements with them. I am still paying a debt that is n't mine. I just want to know if there is anything that I can do to stop this."
I was given an auto loan through Santander Financial XX/XX/XXXX for a little over XXXX. Payments of XXXX monthly. As of today XX/XX/XXXX I am still showing a balance of over XXXX dollars. Never missed a payment. They representative stated that any late payments are added to the interest of the loan at XXXX for each day late. Even if this were the case I would 've had to accrue over 365 days late to reflect the current balance which is impossible since I 've only had the car a little over a year. Then I was told my loan total was XXXX which is a complete lie and if it were true that means I would 've paid XXXX dollars within the last year which is also false information according to the records
""" "" '' I have disputed this collection XXXX XXXX XXXX XXXX  for months.XXXX  and XXXX  have reversed them but TransUnion is refusing too. Not to mention they will not give me an explanation as to why they wont overturn or fix this erroneous inaccurate claim that has affected my credit score tremendously.

I am a victim of identity theft.CFPB please step up and fix this ASAP, pursuant to section 605B of the Fair Credit Reporting Act. '' '' ''"
"Midwest Recovery has made numerous attempts to collect a debt that I no longer owe. They list several accounts under my name with an original creditor of XXXX XXXX XXXX XXXX First of all, the original provider failed to bill Medicare per contract. After the statutory time elapsed to file a claim, the original provider turned over the accounts to collection. I settled this account for a lesser amount with an earlier collection agency in order to remove it from my credit report. That agency represented XXXX XXXX and was called XXXX XXXX. There is no further obligation on my part -- if Midwest Recovery purchased these accounts, it was to their detriment as the accounts were settled long ago. 

I have asked Midwest Recovery to validate the debt and they have ignored my request."
"I have had many problems with Wells Fargo and they recently sent me a check as liquidated damages for opening fake accounts in my name. More importantly though from XXXX through XXXX I have been charges bogus "" account analysis '' fees on several accounts ( including dormant account ) for which absolutely no services were rendered. I had never agree ( at least knowingly ) to pay these fees and still don't understand what exactly they are meant to be for. It is for sure another Wells Fargo scam. As they were small monthly amounts that always varied, I did not notice them. When I finally managed to talk to somebody - they suggested that they reverse a couple of month. I asked WF for complete accounting and much to my horror was told that I had been charged a total of {$9100.00} in fees - so with interset this is way over {$10000.00}. I assume they have done this with millions of clients so they defrauded their customers potentially for billions of $ 's I have all the back up. 

Here is the email I received from them. It's outrageous. First they opoen ficticious accounts in my name and now this! 

Hello XXXX, As promised, I have the total fees for all accounts. Please let us know if you have any questions. 

XXXX XXXX XXXX XXXX XXXX XXXX XXXX XXXX - {$310.00} XXXX - {$330.00} XXXX XXXX XXXX XXXX XXXX - {$390.00} XXXX - {$710.00} XXXX - {$720.00} XXXX XXXX XXXX XXXX XXXX - {$240.00} XXXX - {$250.00} ( {$90.00} was previously waived ) XXXX, XXXX XXXX XXXX XXXX XXXX XXXX XXXX 
XXXX XXXX - {$190.00} XXXX - {$430.00} XXXX - {$690.00} XXXX - {$1000.00} XXXX - {$950.00} XXXX XXXX, XXXX XXXX XXXX - {$550.00} XXXX - {$390.00} Total - {$9100.00} Kindest regards, XXXX XXXX XXXX Banking Relationship Specialist ( LO ) Regional Business Relationship Management"
I checked my credit report and there is information about a debt in the amount of {$670.00} that is not mine.
"They have my address and phone number wrong. They did not have my employer, and took adverse action based upon a hard inquiry check which is being disputed."
"My wife and I purchased our home at XXXX XXXX XXXX way XXXX, Arizona in XXXX of XXXX, being young parents we were excited to have been able to accomplish this goal. All was going perfect until around XXXX of XXXX, when our only family vehicle was stolen, at this point we missed a mortgage payment and planned to catch up as soon as possible. Regrettably in XXXX of XXXX we fell behind by 1 more payment due to some unplanned expenses. Still attempting to bring our loan current and keep our house while also minimizing damage to our credit we made sure the loan did not go past 59 days delinquent. Around XXXX of XXXX we received a letter from the lender advising that we needed to bring the loan fully current by making a full payment exceeding {$1700.00} dollars. They advised if we did not pay the full amount they would refuse our future payments. I did not know they could do this and at that point I called them and told them they could not, at which point they advised me they could. So I consulted family to see if they could help which they could not so the only option was to stop paying and plan for the worst. Around XXXX of XXXX we had received written and oral communication about a loan modification being offered to us as part of the making homes affordable program. As part of the program we were advised to make trial payments in the amount of {$600.00} which as agreed we did, this can be verified by reviewing the payment history letter Ocwen sent us on XXXX XXXX XXXX. We also to be safe made sure that when we had to sign and return forms we put them with our checks and mailed them together in the same envelope. During the trial period we received a letter, the letter advised us that the loan modification was cancelled as the bank did not receive the final signatures agreeing to the loan modification. I called the bank and requested an appeal immediately, pleading with them to review the issue advising that we sent everything requested and asking them logical questions like if I did not want to comply why did I send the loan modification payments as agreed. I also advised them that the signatures were with the checks sent to them. I was told that at that point no appeal would be allowed and that the house would go to a foreclosure auction in XXXX of XXXX. Having no funds for an attorney I thought hope was lost until I met a lady recently who advised me to start a complaint with the Arizona attorney general 's office, which brings us to this point. I am humbly requesting as a husband and father of XXXX kids who depend on me for your help in righting this great wrong."
"Calls about a debt that was covered by Georgia Medicaid for a XXXX ( XXXX hospital ) stay for my daughter over two years ago. I have no idea who this company is.It was XXXX XXXX in XXXX. Called them about twelve times and told them I am not responsible for this bill then they sent it to Optimum Outcomes at phone number XXXX XXXX XXXX which has been harassing me for over two years during which time I have had XXXX. My daughter is XXXX now. 
called XX/XX/2018 XX/XX/2018, XX/XX/2018 XXXX XXXX ,XX/XX/2018 XXXX XXXX,XX/XX/2018 XXXX XXXX,XX/XX/2018XXXX XXXX,XX/XX/2018XXXX XXXX,XX/XX/2018 XXXX XXXX, XX/XX/2018 XXXX XXXX, XX/XX/2018 XXXX XXXX, XX/XX/2018 XXXX XXXX, XX/XX/2018 XXXX, XX/XX/2018 XXXX XXXX, XX/XX/2018 XXXX XXXX, XX/XX/2018 XXXX, XX/XX/2018 XXXX XXXX, XX/XX/2018 XXXX, so many more over two years. The phone rings when I am at work and is harrassment."
"In XXXX XXXX, I obtained a $ XXXX home equity line of credit from Bank of America ( then XXXX Bank ). Unbeknownst to me, the terms of this HELOC were : 10 year draw period followed by a balloon payment, with no repayment period. The typical terms for most home equity lines of credit are a 10 year draw window followed by a 20 year repayment period. During the financial crisis of XXXX, I was forced to max out the line of credit due to financial hardship from unemployment. When the 10 year draw period came to an end in XXXX, BofA ( Bank of America ) wanted a $ XXXX balloon payment. I did not have $ XXXX saved up to make a balloon payment. Also, my loan-to-value ratio prevented me from qualifying for a refinance. This situation forced me into a modification agreement with BofA. During the modification trial period, my credit score suffered collateral damage by dropping XXXX points even though I continued to make timely payments to the line of credit. The modification was completed in XXXX XXXX with the following terms : 180 months, fixed payment of {$380.00}, fixed rate of 3.25 %. Fast forward 7 months, it 's now XXXX XXXX. I receive another package from BofA with new modification closing documents. I call BofA for an explanation. The rep said there were minor changes to my agreement that amounted to my payment adjusting in small increments based on the number of days in that particular month. I specifically asked if I still had a fixed rate of 3.25 %. I was told Yes. I then said I would n't sign documents until the terms were appropriately reflected in the new paperwork. In response, I was told that 's not possible and furthermore, that if I did n't return these documents, my modification agreement would be void. Hesitantly, I signed and returned the modification documents. Fast forward another month to XXXX XXXX. I receive my first statement from BofA post the new agreement. My payment jumped from {$380.00} to {$490.00} and there 's also a note stating that in the next billing cycle, my rate will jump to 3.75 %. 
I am beyond appalled. I was blatantly lied to and taken advantage of. For starters, I should have never been put into the situation of needing a modification in the first place. If Bank of America would have put me in a consumer friendly product like most lines of credit that have a repayment period built in, then this entire situation would have been avoided. Now for them to force me into signing a 2nd set of modification documents that were purposely vague, confusing, and misleading is beyond sleazy. This situation is deserving of corrective action on the part of Bank of America."
I have three XXXX accounts that were paid in full - but are reporting as late in XX/XX/XXXX/XX/XX/XXXX when I was in school.
"I did not authorize XXXX checking my credit, I have had an account with them for some time and recently received information from them stating that my credit limit had been raised. I placed an order on XXXX XXXX, 2017 as a XXXX gift. I was charged in addition for the merchandise, {$41.00} for expedited shipping. The merchandise was never received, I noticed last week that they had checked my credit. I monitor this report frequently and did not authorize anyone to check my credit. I spoke with them today and they told me I had to call back to cancel the order because it had shipped today. I sent them an email on XXXX XXXX cancelling the order because it did not arrive on time. I called today to cancel the order again when I was notified it had shipped today. They told me there was nothing they could do and I should wait a few days and call back when the order was delivered. The persons I sent the order to will not be at the address any longer so I do n't want anyone else getting this merchandise. They told me today that the reason it was late was because they had to check my credit. I did not authorize this and would have paid for this order rather than have a hard hit on my credit report."
"Good Evening, On XXXX FedLoan Servicing granted me an administrative forbearance for my IDR ( Income-Base ) Repayment plan because they have failed to process my documents in a timely manner. My annual repayment plan is configured and renewed every XXXX for the following year. Unfortunately because they put an administrative forbearance on my account, they financially made a monetary error by capitalizing my interest which should have never happened in the first place! 

I have sent all of my paperwork in a timely manner since XXXX/XXXX/XXXX. The correct amount before interest was capitalized was a balance of {$29000.00}. The incorrect balance that my student loans is currently at is {$32000.00}. The amount of interest that should not have been capitalized at this time frame is {$2600.00}! I still have 18 years to go on my consolidated student loan plan before interest is capitalized and my loans are forgiven! 

Now that FedLoan Servicing has an administrative forbearance on my account each month will not count as a payment towards the 18 years left that I still have on my plan. This is unacceptable and the correction should be made in a timely manner! Please respond to this problem. I greatly appreciate your time and effort in reading my problem with FedLoan Servicing. 

Thank You, XXXX XXXX"
"This complaint is in relation to a HELOC application that was denied on the basis of my switching jobs. Had I known that job changes are grounds for immediate, unconditional disqualification I would have never applied for the loan and would have made other arrangements to fund the business. The business I began to pursue was a franchise in the XXXX XXXX area to open a XXXX with my ex wife. In order to finance the venture I decided to explore a home equity line of credit as it appeared to be a worthwhile avenue that would allow for some tax deductions and ease of repayment through my WF account. I am successful in many XXXX ( so far! ) and I can easily get the money from my investment portfolio if needed but I thought it would be wiser to avoid capital gains and take out a small loan, which was an avenue that was suggested by a banker at the XXXX XXXX WF branch due to the over XXXX in equity I have in an investment property in XXXX XXXX. I would consider myself to be a pretty low risk loan as I have over XXXX invested in stocks and mutual, I have a pension with XXXX County in XXXX, I own XXXX property in XXXX XXXX, and have a portion of an XXXX in XXXX that brings me income from a land contract. I probably do far better financially than many other people ( who probably deserve to do as well or better ). I take no credit for a lot of my financial success as I have had many people help me along the way which has included WF bankers on more than one occasion. 
Since my previous property was financed through Wells Fargo, and with my banking and credit ( XXXX ) history, I thought it would be a logical to work with Wells Fargo again. After beginning the loan process with XXXX XXXX at the XXXX XXXX branch I was contacted by a loan specialist named XXXX XXXX. XXXX made arrangements to speak with me on a set time and date, which she changed at the last minute, then was unavailable at the rescheduled time. I spoke with a support rep over the phone and was contacted by another representative who assured me XXXX would be available at another set time. I finally spoke with her and she gave me a list of items to submit for my application, which I provided within a day or so. I did not hear from XXXX again for roughly a week before I sent an email telling her I am XXXX in XXXX XXXX as a XXXX XXXX ( XXXX XXXX XXXX XXXX ). I tried to stress that I needed to know as soon as possible whether or not the loan was could be completed in a timely manner so that I could make arrangements otherwise. I finally received a call on XXXX/XXXX/XXXX from a coworker of XXXX stating the loan was not approved and I would receive a letter in the mail explaining why. 
I called WF loan department on XXXX/XXXX/XXXX voiced my concerns to someone and to try to get an explanation but I was spoken to by a very condescending individual named XXXX XXXX who stated my XXXX per year proposed contract was not going to be a sufficient line of work to justify the loan as the contract may or may not be extended in the future. I have worked in government service for many years, including contract work for this same company ( which I left in XXXX because I had small children who I was reluctant to leave for long periods ). I was very surprised that XXXX XXXX would disparage a work opportunity like this one and she continually interrupted me and diminished my viability as a loan applicant. Had WF known that contract work was an immediate disqualifier then they should have stated it as such in the loan disclosure or, if it is not a disqualifier, then they should treated my situation as a loan exception situation and evaluated it accordingly."
I informed XXXX XXXX XXXX XXXX that this debt is not mind and the did not respond to my debt verification and validation communication i sent them. Instead they send the debt to XXXX XXXX. This is not my debt
XXXX Inquiry from XX/XX/2017 There is no company information to dispute this inquiry on my credit report.
"My issue is that there are several XXXX dollars worth of deposit transactions to a couple of foreign binary options brokers that turned out to be fraudulent. The merchant, that is, turned out to be fraudulent. It is illegal for these merchants to do business with United States citizens unless they are regulated and licensed with the CFTC. Neither of them are regulated or licensed with the CFTC, but the merchants lied to me and said that they were. I have been making deposits to these fraudulent companies since XXXX, 2015. I only found out they were fraudulent when I tried to make a withdraw of my funds and they never sent them to me and after a few phone calls they locked me out of my account. So they stole my money! I had about {$75000.00} in XXXX account and about {$65000.00} in the other. I 'm only asking for my original deposits/investment back. 

Now, I originally filed a dispute with my debit card for these deposits as unauthorized transactions because the merchant was n't authorized to do business in the United States. Apparently, I should have categorized it differently. The debit card company investigated these disputes as such. The first dispute ( there were XXXX separate disputes about a month apart ) was found in my favor. However, I only received about {$1500.00} of the $ XXXX+ in that dispute. It was the XXXX most recent transactions at the time. The second dispute resulted in nothing. They closed the case because I had authorized the transactions. Again, I should have categorized the dispute differently. I tried to explain this to my debit card company but they wo n't reopen the investigation and refuse to issue any type of refund. This dispute also had around $ XXXX in transactions. 

Now, the reason there were XXXX disputes about a month apart is that it turned out that the same company owns both binary options brokers but the debit card transactions showed differently. So even though I was trading at XXXX companies I was basically trading at the same company. 

The total amount of both disputes is about {$55000.00}. And yes, this began back in XXXX of this year. I realize that 's 10 months ago ; however, I believe these are special circumstances because of the way I was defrauded. The company led me on for 10 months."
I contact chase bank to do a balance transfer to pay off my other credit cards and they are unable to do so and they told me that the promo is discontinued on XX/XX/XXXX and I have to wait for long time do so and Im little behind on my other credit cards bills and I would need to do a few smaller transfers and I will pay the interest along with it and chase refused to honor my request
"I have 2 portfolio recovery collections accounts that were XXXX XXXX  accounts that I had removed months ago after disputing them Because they were not my accounts and recently they were added back to my credit and Ive talked to portfolio recovery and let them know that they were not my accounts.

One account is in the amount of {$550.00} XXXX XXXX The second XXXX XXXX is {$370.00} Its also a XXXX XXXX XXXX   account in the amount of {$1700.00} in which Ive been disputing for years and a XXXX   department store account in the amount of {$380.00}.

These accounts were opened by someone else using my info around the same times."
"XXXX   XXXX   , 2017,   I  contacted the   XXXX   XXXX   XXXX  . It was explained to me that my employer met the criteria for me to have my student loans forgiven after 10 years of on time payments. I scheduled to have the  XXXX  time  XXXX  $ fee broken up into different installments, and anticipated  XXXX  $ a month payments for 10 years, based upon my income. Unbeknownst to me o n  XX/XX/XXXX  I  was alerted via e-mail that I had to fill out an 'Employment Verification Form '. I had my employer fill it out and fax it TWICE, only to have Fedloan servicing or ""   XXXX   XXXX   XXXX   '' as they also go by, tell me they should scan it and send it in an email. It was around this time that my lender,  XXXX  contacted me and let me know that in   XX/XX/XXXX  I   w ould have a payment come due with them. This was very peculiar and I started to think I had fallen victim to a scam. Why would I pay both them and  XXXX ? I asked. With no good answer I confronted the billing department and I told them that I did not think this was legitimate and they said if I did n't pay like I said, that they would report negative on my credit report. I will be reporting FedLoan servicing to the Better Business Bureau as well. Also I would like to note that  XXXX  had this company 's, ( Fedloan exchange ), California address on my student loan account along with my Idaho address. I never signed the 'Certification of Identity & Authentication to Disclose Personal Information '' Form, so Navient should not have any of FedLoan 's contact information. Also I received a letter that my employer was not eligible for the 10 year forgiveness program, which was the entire reason that I signed up. I managed to only pay  XXXX  $ before I realized the scam, and that has been recovered due to filing a claim with  my Credit Union."
"My mortgage was transferred to Shellpoint Mortgage in XX/XX/XXXX from XXXX XXXX. At that time of the transfer my account was with the Modification Department with XXXX which I was told by the Executive Office from XXXX that it would be transferred to Shellpoints Underwriting to finalize the process that I was eligible for. This was never done. I received a Foreclosure shortly after the transfer. The issue with the home is the property value which XXXX XXXX  had finally resolved with an interior inspection. For over two years Shellpoint ignored my interior requests and charged me for exterior drive by 's over four times and continuing offering modifications with a property value over {$60000.00} - {$70000.00} at the time. 

I contacted the Attorney Generals office who did research on my complaints up to the spring of XX/XX/XXXX. They advised me to send in another modification with Shellpoint which I did. Shellpoint did have an appraiser come in at that time while they had my Modification which was sent in. I continued working with the Attorney Generals Office during this time on the status. At that time they suggested I contact an Attorney upon their investigation as they found issues they feel were done inappropriately by both XXXX and Shellpoint that should be looked at on a legal level. I had sent him Documents from Shellpoint which showed the loan was in Modification. I advised him I would wait to complete a Modification first and have it reviewed. I sent Shellpoint a dispute on the value from the appraiser immediately. At this time it was in XX/XX/XXXX/XX/XX/XXXX. I never heard back from Shellpoint and continued to wait on the results of the modification. In XX/XX/XXXX I received a Forclosure notice scheduled for XX/XX/XXXX, while still NO response in regards to the Modification I sent in. Again I immediately contacted Shellpoint to ask how I could have a foreclosure while I was waiting on my modification status? Shellpoint will never respond to an email which leaves the homeowner in question constantly of what is happening. Sometimes its weeks before you receive a letter to say they are working on your request. Their correspondence is received over 7 -10 days later from the date of the letter. I worked days with my contact XXXX in regards to the Foreclosure to find out why this was done. I was told by one representative that I was declined a Modification due to my income. I explained to him that I NEVER received anything from Shellpoint stating this so I could move forward with my decision on the home. At that time XXXX took my income numbers over the phone and resent that over to Underwriting. Over two weeks later I received 4 letters from shellpoint stating I was missing information, obviously to the Modifcation sent in. There was NOTHING missing. These letters came as a cover up for their error of the upcoming foreclosure that I believe was done in error. Also, I never received anything from Shellpoint stating that the property was going to be Foreclosed. 

In mid XX/XX/XXXX I received a Modifcation Trial offer to begin in XX/XX/XXXX. On XX/XX/XXXX I sent an email to Shellpoint asking for a complete copy of my file as I wanted this reviewed by an Attorney prior to my decision. I sent two more emails into XX/XX/XXXX asking where my file was. I spoke with my contact XXXX to question where my file was as the payment is due soon. I have a response from him on XX/XX/XXXX stating he was checking with Escalations on the status. I checked with him again in another week and he said it takes a little time for them. I have advised him as well as Escalations that I need to have my file reviewed prior to payment. XXXX told me I have till XX/XX/XXXX and could pay both payments. I was told that my email address was incorrect for Escalations. However, that now is over a month ago and I still do not have my file. I have also spoke with HOPE who is questioning a few things regarding the modification and wanted to also review my file which Shellpoint is aware of. My last email from XXXX stated he showed that Shellpoint had just sent something out to me but he could not view it but would email it to me once its updated in the computer. I assumed it was my file and have not heard back. As of today I still do not have my file. My legal advisor also advised me to contact the investor on a settlement amount if I were to do a lieu in deed which I have. I received a notice a few days ago from Shellpoint they are working on this request which I have sent which I believe was the letter to the investor. 

Today I received another Foreclosure from Shellpoint which is scheduled for XX/XX/XXXX which is only 12 days away. It has been 60 days since the Modification was sent and I do not have my file for my Attorney and the Attorney General and HOPE to review. If this was sent in a timely manner as requested this review would be complete for me to move forward. Also I was told I had till XX/XX/XXXX to make both payments assuming I would have had my file long before this. 


I have stated numerous times to Shellpoint expressing I do not want a foreclosure. I want to work with them. I have also worked with XXXX in regards to my options. I have stated I am in the home alone with health issues and this has caused me severe stress. I have phone calls from attorneys on my personal cell phone. I have people sitting outside my home, letters in my door. My neighbors telling me there are people on my property while I am gone. I DO NOT want this. I am willing to work with Shellpoint and expressed even to the investor that I will most likely do a deed in lieu. So why, Again are they sending a Foreclosure. They have never responded to my requests which I have a legal right to my file. I only asked to have the opportunity to have this reviewed legally and they will and have not honored this. 

I find Shellpoint extremely unprofessional to work with. Their lack of communication is exasperating and one department does not know what the other is doing ever. My mortgage is severely delinquent, however, I have knee high of paperwork to hold up in a court of law to show how desperately I have attempted to work with Shellpoint all this time. 

I am asking your organization to assist me with cancelling this Foreclosure and your assistance in obtaining my file to have it reviewed. And to find out how a foreclosure could be sent while I was recently sent a letter they were working on my request. Also, why was I told by my contact that I can make both payments in XX/XX/XXXX if this is not the case?"
Made complaint about Professional Placement that they were reporting inaccurate information that is negatively impacting my credit score. They admitted they did not possess the documentation to validate the debt and admitted they are knowingly reporting an inaccurate account opening date. They are still reporting the information to the credit bureaus despite knowing that the information can not be validated upon request. PLEASE SEE ATTACHED LETTER
A credit card was opened in my name with Suntrust Bank.I have a fraud alert on my credit report stating to contact me at my phone number prior to issuing any new credit. Suntrust has closed the account but not tell me why this account was opened without contacting me first.
"1 ) Obtained Ford auto loan - both of us with XXXX credit scores, made XXXX payments on time. 40 years of sterling credit/NOT XXXX LATE PAYMENT. 
2 ) My husband signed up for paperless, payments were made monthly online and on time. 
3 ) My husband died and I continued to use his log in and made the payments, in addition to notifying Ford Credit of my contact information and his death. 
4 ) I made the final payment on time, with a typo ( they are claiming ) for exactly {$100.00} less than the required final payment. I did not realize it was deficient until my credit score plunged by XXXX points. I immediately paid the {$100.00}. 
5 ) No notification to me ( even though they had my email and home addresses along with my cellular ) that the partial payment was "" late '' as the account had been placed in the "" death committee '' and I could not obtain information regarding the late payment. This was even after submitting his death certificate along with my appointment by the Court as his personal representative and my passport information. 
6 ) After hours on the telephone over a several day period to different departments, I finally convinced them that I was the person with the responsibility and right to information. They were going to send me proof of the 5 years of payments and my early submission of the final payment, even though it was deficient by an innocent error. I HAVE NEVER RECEIVED ANY INFORMATION FROM FORD CREDIT AFTER MY REQUEST ALMOST 2 MONTHS AGO. 
-Is the credit providing company required to send "" late payment '' notification? 
-I know that Ford Credit will allow a "" forgiveness '' to an unusual late payment for good credit. I could not get to them in time because they closed out the account during the time I was in the "" death committee '' and before I could convince them that I had the right to work with them. They kept transferring me to the "" committee '' that would not speak to me or give me any explanation."
I sent XXXX $ threw Intermex to my mother in XXXX XXXX. In which I was charged XXXX $ for their service. On the XXXX of XXXX I received a text stating that the wire I sent has been collected. I then called my mother to see if she had received the money and informed me that she had not gone to the bank yet to which the wire was sent. I later called intermex and asked what had occurred and they replied that the money had been collected but they had not told me who did. Their website advertises safe secure wire transfers to consumers to love ones. I 've called them every single day to see how they can help me but to no avail they will not give me a straight forward answer and says it 's out of their hands it is now the XXXX of XXXX and no resolution in sight I must file a complaint and hope that I will find some kind of resolution.
I noticed when you fill up on the page of Equifax https : //www.alerts.equifax.com/XXXX ) that the social security number is not masked. I believe that sensitive personal data like social numbers should be masked.
Responded to initial contact letter with a timely debt verification request. Collection agency continued collection activity ( calls and letters ) before responding to the debt verification request.
Because of identity thief some of my accounts on my credit report is in bad standards and that not fair and some of them are closed
I did a title loan with One Main Financial. I feel like the interest they 're charging me is illegal and outrageous. I pay {$250.00} per month just on interest.
"Citibank card ( XXXX ) has been calling both my husband and I and harassing us at least twice a day, every dingle day about payments being late. In addition to this, we receive about XXXX letters of correspondence in the mail per week telling us we have late payments. All of our payments are on time, and we have never made any late payments. Since we have made a complaint with the CFPB in XXXX of this year, and the harassment has not ceased, we are contacting our attorney and filing lawsuit. I want Citibank to cease and decist all collection attempts for this now alleged debt, and any further communication by telephone or mail will be collected as evidence of further harassment. We expect a check in the mail as a provisional settlement on this account in the amount of {$1100.00} in the next 30 days, which is the total amount paid forward on this account to date."
"Roundpoint Mortgage intentionally misapplied an additional principal payment as a regular payment for the next month. They charged advance interest in doing so. This misapplication is apparently an intentional error whenever an excess payment amount is at least enough to cover the next month 's payment. This is based on conversation with their representative and also a supervisor. The misapplication of additional principal leads to consumers paying interest in advance that is not due on incorrect principal balances. Obviously, this is a potential profit center for any mortgage service and especially one the size of Roundpoint Mortgage. The company has said they will rectify the error and note my account. When asked if this is how they process all accounts, the supervisor said she does not know and would bring it up to the "" Cash Team ''. This is something that deserves a look by the enforcement authorities at  CFPB. From my conversation with Roundpoint, I would highly doubt mine is an isolated error. Date of payment XX/XX/18. Date of call XX/XX/18. Amount of payment Due {$730.00}. Amount of payment made {$1700.00}. amount of advance interest charged {$310.00}. Amount of principal not applied to balance {$1000.00}."
When I checked my credit score on XX/XX/XXXX there was two account with doctors care posted to my score stating about collections from this company. With no prior knowledge of the debt after working with XXXX XXXX directly back in XXXX trying to get an insurance issue resolved I contacted the company and asked why I was never contacted and that the files where placed on my profile with out the chance of trying to resolve the issue before hand. They stated that they send me a letter and called me 10 times but I have record that no one ever contacted me. And also when I contacted them on XX/XX/XXXX I gave them the new information about my insurance to refile and was told I would be contacted within 24 to 48 hours with a resolution. I had to contact them on XX/XX/XXXX to follow up on the progress and was told that they did n't have all the information they needed to file the insurance. AMCOL have a record now of lying and a lack of contacting you to try and resolve the debt almost as if they do n't want you to pay the debt and take you to court.
"On XXXX/XXXX/XXXX I redeemed some of my rewards points for my suntrust credit card for three {$100.00} XXXX gift cards. They never arrived. I called Suntrust and they were very unhelpful, they refused to just give me the gift card numbers, or to cancel the gift cards and send new ones. I also filed a complaint on XXXX I believe but I have heard nothing back from them, they have sent me no updates, or even an acknowledgement that my complaint was filed."
"I have a collection account on my credit report maintain under my Social Security number from XXXX XXXX XXXX on XX/XX/XXXX I sent them a certified formal letter formally requesting validation of the debt pursuant to the Fair Debt Collection Practices Act. I 'm Seeking competent evidence bearing my signature showing that I ever had some contractual obligation to pay them, validating this debt as mine and letting them know that any negative marks found on my credit reports from their company for a debt that I do n't owe, is a violation of the Fair Debt Collection Practies Act ; therefore stating to them if they could not validate the debt and provide me evidence and validation of my signature they must notify all credit reporting agency 's XXXX, XXXX, XXXX to delete the entry also reminding them that 15 USC 1692 team seq., that this letter / notice has the same effect as a dispute to the validity of the alleged debt and a dispute to validate of my claim I received a letter from XXXX XXXX dated XX/XX/XXXX stating that they are the sole owner of this debt purchase from Barclays Bank stating that after reviewing my letter from XX/XX/XXXX that they were unable to determine the nature of my dispute and they consequently denied that there records were inadequate and the debt is accurate. Upon receipt of my certified letter XXXX XXXX had 30 days beginning XX/XX/XXXX to notify the credit agencies that I had disputed the validity of this item and placed on my credit report ( Disputed by Cosumer ) which they did not place on my credit report required by law FDCPA 807 ( 8 ) and they violated the Fair Credit Reporting Act, section 623 ( a ) ( 3 ) by not placing the disclosure within the required 30 day attached is a copy of my credit report dated XX/XX/XXXX The 31st day.On XX/XX/2016 I sent a second letter to XXXX XXXX stating to them that they have not provided any available evidence bearing my signature showing that the account is being reported accurately, I formally requested again provide me any documentation bearing my signature showing that I have a legal binding obligation to pay them, and this debt is valid and to please provide me the name address telephone number of each person who personally verify this alleged account so I can inquire how they verified without providing any proof bearing my signature to myself as requested in writing. I also reminded XXXX they are liable for willful noncompliance as per FDCPA 807 false and misleading representation [ 15 USC 1962e ] their response again is the information is correct from the letter I received XX/XX/XXXX and still no verification or validation with any evidence bearing my signature on any contract saying that Iam responsible for the alleged debt.On XX/XX/XXXX I sent XXXX A third letter reminding them of their willful non-compliance, as per FCRA 623 ( a ) ( 3 ) - responsibility of furnishers of information to consumer reporting agency 's [ 15 U.S.C.1681s-2 ] did not furnish me any proof or validation of my signature on a contract for this alleged debt, there violation of Federal Law by not properly providing credit bureaus with the proper notice within the required time frame and that I had disputed the item in question.I believe that XXXX XXXX is acting in bad faith, and not have complied with the Federal Trade Commission 15 USC 41, et seq. Subchapter V Debt Collector Practices."
"I am in the process of refinancing my existing mortgage to drop the PMI Insurance, with the same bank, Wells Fargo, that is holding the current mortgage. I am not changing the terms of the loan or cashing out. I 've owned the home for 3 years and have done a lot of work, it was bank owned by Wells Fargo, when purchased for XXXX and in non livable condition. When I locked in at a rate to refinance I was asked what I thought the house was currently worth. I told the lender of comps that had sold between XXXX in the past 6 months, these homes were smaller in size and my lot was XXXX the size, I also am directly on a pond with water views. Well the appraisal that I paid for came in at XXXX, which seemed odd to me but that 's not what rattled my cage. My lender then told me that the terms of my refinance were going to have to change because my house did n't appraise out to at least XXXX. I am baffled at this. My house has about XXXX in equity which is about 56 % increase. I was only looking for 20 % to drop the PMI and now I 'm being told that my rate will be higher to do this. I 'm very angry because I had other banks who offered to push this through and would hold to my current rate which is XXXX. I stayed with Wells Fargo because I thought it would be easier and I could keep the loan with them. They were the bank who originally owned the house when I purchased it. I was not informed that if my appraisal did n't come out at XXXX my loan terms would change??? I was locked in and was told I just needed to show a certain debt to income ratio and have the appraisal come out over 20 % to drop the PMI."
I had a XXXX account and the account was in barging with FTC which a complaint was submitted and responded to and so was the XXXX alerted and complaint was responded too. Which at that point due to sprint negligence with the FTC and XXXX this account needs to be removed. Documentation and proof is provided.
"In XXXX I reviewed my credit report and found items related to identity theft I HAVE SENT POLICE REPORT, FCT REPORT PROOF OF MY IDENTITY & NOTARIZED AFFIDAVIT to Capital One for this in accurate account XXXX and specific amount {$500.00} I am citizen of the unites states of age, would like to make a complaint because for this specific account they apparently do not care about consumers rights for identity theft. I have made several attempts contacting the agency disputing fraudulent accounts. They refused to Delete & consider the ( FCRA ) FAIR CREDIT TRANSACTION ACT CONSUMER FINANCIAL PROTECTION BUREAU OF CALIFORNIA CREDIT LAWS Sections 605B,  XXXX ( f ), 623 ( a ) ( 6 )."
"I submitted a complaint re : Bank of America on XX/XX/XXXX ( # XXXX ). In that complaint I mentioned, for reference, a previous issue Id had, where {$900.00} kept mysteriously being debited and credited to my credit card account. Id spent a month resolving that issue with BofA and had confirmation that it was resolved as of XX/XX/XXXX.

Today ( XX/XX/XXXX ) 4 MONTHS after the issue was resolved, they pulled {$900.00} from my account with no notice. I called and apparently someone from BofAs claims dept went into my account and decided that the resolution that took a month to reach BACK IN XXXX was done by mistake. In addition to the {$900.00}, they also pulled {$39.00} ( a late fee adjustment reversal ) and {$24.00} ( a finance charge adjustment reversal ) from the account both on XX/XX/XXXX. NEITHER of the original corresponding adjustments appear anywhere in my account history. Ive certainly never incurred a late fee. What are they even reversing?

Background : XX/XX/XXXX - I made a {$900.00} payment to the credit card which debited my business checking account XX/XX/XXXX - A 2ND {$900.00} payment that I didnt authorize debited from my bank acct, incurring a late fee XX/XX/XXXX - I made multiple lengthy calls over the week to resolve the issue. Finally on XXXX BofA reversed the debit. At this point, everything was correct. There was 1 payment of {$900.00}. The 2nd {$900.00} payment was effectively wiped.

XX/XX/XXXX - BofA made another adjustment without my knowledge. For some reason, they reversed the the debit a 2ND time. This wiped out the initial {$900.00} payment that I actually did make.

XX/XX/XXXX - Over the next 2 weeks, I made more long calls to BofA. Nobody was ever able to explain/understand why that 2nd reversal on XX/XX/XXXX had occurred. On XX/XX/XXXX they reversed the XX/XX/XXXX reversal by debiting {$900.00} again. SO at this point, everything was right again. There was 1 payment of {$900.00} made. The 2nd erroneous payment from was made on XX/XX/XXXX/ reversed onXX/XX/XXXX reversed again on XX/XX/XXXX / then made again on XX/XX/XXXX, thus, ultimately, cancelling itself out.

This is absolutely as insane as it sounds.

This evening - MONTHS LATER - I logged in and saw these mysterious adjustments. I called and was escalated to XXXX, the night manager at their XXXX  call center she agreed that these charges dont belong there. Theyre looking into it. However with the previous claim, this makes {$1500.00} of my businesss money that theyre holding hostage. I dont understand why someone is messing around in my account. I dont understand why theyre going months back and reversing solutions that they implemented to resolve issues that theyd created in the first place. I dont understand why charge reversals are being adjusted that had never been applied in the first place.

Again - as mentioned in the other complaint - they have deep systemic issues and are very brazenly lacking in oversight. Having worked in XXXX XXXX  for years, its apparent that whats happening is not aboveboard. Its certainly negligent. Its possibly fraud.

The timing may be a coincidence. However, its alarming that these reversals occurred within days of CFPB sending BofA my first complaint. Their shockingly broken system will never be fixed, and there wont be any repercussions for the individuals who are, at worst, malicious, and, at best, incompetent.

Meanwhile, Im left having to spend hours on the phone over and over again and writing long complaints. Im still exploring legal action. I dont know how much of my money they can hold while they figure things out, before I have no other options. The arbitrary artificial balance inflations are doing weird things to my businesss credit rating. This has to stop."
"Reference Case number : XXXX And-See attached bank information form Bank of America letter and Bank of America website. ON XXXX XXXX, 2016 I received a letter form the bank ( attached ) dated XXXX/XXXX/16 that indicated my request for home mortgage assistance is "" not being reviewed because we did not received the requested documents? PROBLEM the bank has not communicated or provided a request for documents. the specifics of requested and required documents has not been made to me by the bank. Further as indicated on the bank 's website the bank should have sent me a financial information packet to complete ( see attached ). The referred to packet, needed for my request for assistance to proceed has not been provided to me. I have contacted the bank 's customer service dept as well as bank representatives XXXX XXXX and XXXX XXXX, and a bank advocate ( see attached ). In the meantime the bank as determined they will transfer service of my loan on XXXX XXXX, 2016. In my communications with CFPB, Bank of America customer service and the bank 's advocate XXXX XXXX XXXX x XXXX ) it is imperative that my request for assistance be submitted and process prior to this transfer. By phone with bank representative XXXX I expressed the same. In the meantime days are passing and I do not have communications or paperwork from the bank needed to process my request for assistance."
"I went into TD bank XXXX on XX/XX/XXXX, to revoke and auto transfer to my sons mothers ' account for my son as voluntary supplemental support payment. I did this transaction with a bank agent personally. During this time the account was started under the XXXX XXXX branding and the system used today is different, as I was told by the agent, therefore the agent had to contact a technical back office to be guided on how to revoke or stop the funds from depositing monthly on the current system. When he finally completed the task, he gave me an authorization and I signed the document. 
After the agent checked the transaction, he told me it was completed and told me to check back with him in about a month to make sure because sometimes it may lag for the process to complete, ( which I did ). When I checked back as told he asked me for my ID and allegedly accessed the system and told me everything is good. The following month or shortly thereafte, r I went in for good measure and asked the same, and again he allegedly checked and said everything is good. 
The reason for the stop of funds is because my son was no longer living with his mother because she put him out so he was with me and there was no reason for her to continue receiving the funds. Since I transact daily with card and other known auto debits using ( A i ) and phone assistance for monthly debits, I had no doubt that sitting with an agent through the process would be erred especially after an hour. On XX/XX/XXXX or XX/XX/XXXX, I went into a different branch near my home to bring a disturbing revelation to the customer service agent questioning this monthly transaction that I attributed to maybe a credit card deduction, that I may been unfamiliar with, only to find out that the funds were still being deposited to my sons mothers account despite the revocation a year ago. The rep tells me that the person that did the change didn't complete the process correctly and that it was not the banks fault because he is no longer with TD and I should have been checking my account, I was then went to the branch that the transaction occurred and spoke with a customer service agent, who tried to assist me by escalating the matter. When I returned to the branch on XX/XX/XXXX or XXXX to find out the status, the agent tells me that the banks position is that i should have been checking my account to make sure the withdrawal had stopped. Funny, I don't ever recall the bank or its agents telling me I should check my account to make sure it started, neither did the agent present any documents referencing any errors or time to remedy if noticed any errors. This type of funds transfer is not something you can do without the assistance of an in-person agent to start the process, but what this agent did, was pull out a brochure outlining that any errors should be brought to the banks attention within 60 days and the bank was only willing to refund for the 60 day limit. Ironically the brochure shown to me for the bank not to be responsible for their agents error was published date XX/XX/XXXX, so where was this brochure published in XXXX during the transaction to give rise to notice of the same? They showed me the next years stipulation to escape responsibility. I'm asking that you investigate the above complaint, because the bank suppose to employ persons knowledgeable in handling and managing transactions that can not be ordinarily handled by the customer in cases involving account to account transaction without their intervention and the customer signed authorization. I contend if this transaction was completely ( A i ) at the use of my hand on computer with nothing to sign but electronically and in my full control and I made the mistake by not following though, then it would be my fault with my money wholly because I missed a step or just didn't know what I was doing ... I would say that's on me I made the error, but when the banks agent does it, how is it not their fault with my money. Please intervene to have all the funds withdrawn from my account for that period returned to my account. The total withdrawn erroneously from my account."
"I have an excellent credit and chase credit card charge me a 27.99 % interest rate and I was told they can not lower my interest because when I open the account, that 's how the interest rate was, that 's more than 10 years ago, I told them that I am always on time making my payment and never late, I was thank for that, and XXXX XXXX a supervisor said he can not help me with that, this is not right, I ask what is the interest rate for a person with bad credit 50-60 %, apr or what is it, I told them iam am even tempted to default in the account, this is robbery and abuse for the consumers, you want us to fail on this difficult time"
This fake assets company harassing me trying to get my bank and credit card information.
"I 've applied to the Department of Education for a Student Loan Discharge based on False Certification - Disqualifying Status, as outlined in 34 CFR 685.215. They have denied me four times, citing a reason that is not supported in law. I have met the eligibility requirements to have my student loan discharged, but they are unwilling to do so since they are the holders of the debt. I am attempting to seek relief. Keep in mind, that the only reason they can come up with to deny my application is one that is specifically not included in the law. This is testament to how strong my application is."
"I took out a payday from USA on line and paid them back through my checking account. I started receiving threatening phone call and eventually from a XXXX XXXX who stated he was an attorney and my case was going to be filed in court on XX/XX/XXXX unless I pay XXXX XX/XX/2011. He had me to purchase a XXXX card and fax a copy of my ID and a note stating the last XXXX of my SS # and that I was making a payment in the amount of {$550.00}. Every year since then I keep getting these phone call. Now XXXX XXXX is calling my home, relatives and work threatening to take me to court for this payday loan that is already paid back years ago.The lady stated her name was XXXX XXXX at XXXX and XXXX. I do not owe these people."
"Alleged original creditor sent an account to primary collection agency that failed to validate the debt, because they ca n't. It is n't mine. Original creditor sent it to this company ( Afni , Inc ) who failed to validate the debt as well. They sent me a copy of a phone bill in my name with a phone number I have never had. This is the second letter I sent them : This letter is to inform your company that you have not sufficiently validate this debt as requested. 

Previous attempts to collect this alleged account have resulted in XXXX ( the original creditor ) failing to provide proof as is required by the FCRA and FDCPA. The previous collection agency, failed to provide the following proof : The amount of the debt ; The name of the creditor to whom the debt is owed ; An explanation of how the alleged charges came to be in a way that a layperson can understand ; Proof that you are licensed to collect debts in Washington State ; Proof of the last payment made on the account A signed contract with the original creditor Afni, has failed to provide the following proof : An explanation of how the alleged charges came to be in a way that a layperson can understand ; Proof that you are licensed to collect debts in Washington State ; Proof of the last payment made on the account A signed contract with the original creditor Furthermore, the documents that were sent ( postmark XXXX/XXXX/2016 ) are a printout of a bill for an account that has NEVER belonged to me ( see document page XXXX of XXXX that you sent ). The phone number XXXX has NEVER belonged to me. Therefore, the information you have provided is not only insufficient, but inaccurate. 

For the reasons previously stated, this debt is not valid."
inaccurate inforamation on credit report
"Once we open a case with you in XX/XX/XXXX regarding over {$5000.00} in funds in escrow account, Ocwen Loan Servicing has stop accepting our ( P & I ) payments from them. I have been talking to an escalation manager at Ocwen whose name is XXXX XXXX ID # XXXX ). I have also faxed documentation to Ocwen Research dept, per XXXX suggestion. XXXX confirm receipt of documentation. My question to you is if I am able to prove that Ocwen failed to pay my taxes & insurance on this loan which "" I THINK '' is a violation of RESPA laws, can I recover my attorney fees from Ocwen if I have to hire an attorney to resolve this issue. Payments that were not made happen in XXXX which was the year our XXXX XXXX bankruptcy was confirmed. Discharge of bankruptcy was XXXX XXXX. Please advise if recovery of legal fees in a private lawsuit is applicable per RESPA laws. Recently, every 2 weeks we receive a call from XXXX saying they need more time. I think the recent refusal to accept payments is to trigger foreclosure on this property. As of today 's date XXXX XXXX XXXX, they have returned 2 payments ( P & I ). Also this year I was paying home owner 's insurance quarterly ( XXXX XXXX ) and Ocwen paid the insurance for the first time since XXXX. XXXX XXXX sent me a check back after Ocwen submitted payment. We pay our taxes quarterly so maybe they will send in the taxes for this year also."
"While reviewing my credit reports, I noticed some inaccuracies on my student loan account. I called XXXX and requested copies of all forbearance requests for the lifetime of my loan. Once received, I confirmed that the information that had been reported was incorrect. On or around XX/XX/XXXX, I submitted mailed correspondence to XXXX regarding multiple late payments showing on 4 of my student loan accounts. As best as I could remember and now with the paperwork that I received from them, I was covered under forbearance during the dates that late payments were reported. I filled out all of the paperwork ( per their website ) required along with an explanation that the late payments should be removed. I also asked them to update the consolidation of my student loans as it currently showed that I owed double because the loans that were consolidated weren't updated to reflect a {$0.00} balance and closed. While checking my reports today, I saw that the individual loans have now been set to a {$0.00} balance and closed but the late payments were not removed. I called and spoke to a rep ( I do not recall his name ) that told me the only thing I could do is write another letter because they if they updated those accounts and didn't remove the late payments, they weren't going to at all. 

Here is what I sent to XXXX : According to my credit report, there were 6 late payments reported on 4 different accounts. The disbursement dates of these accounts are XX/XX/XXXX ( 2 accounts with that date ) and XX/XX/XXXX ( 2 accounts with that date ). Under Section 623 ( a ) ( 2 ) of the FCRA, I am requesting that these late payments be removed, and the record be reflected to an "" on-time '' status for those months when the late payments were reported, the same as it does for any other forbearance or deferment period. I am making this request because my account was indeed protected under a General Forbearance during these dates. I've also enclosed documents from XXXX stating that these accounts were in Forbearance during the time these late payments were assessed. 

My credit reports states : XX/XX/XXXX - Late XX/XX/XXXX - Late XX/XX/XXXX - Late XX/XX/XXXX - Late XX/XX/XXXX - Late XX/XX/XXXX - Late Document from XXXX states : Sequences 001 through 004 were on General Forbearance from XX/XX/XXXX to XX/XX/XXXX. ( See enclosed. ) This clearly covers these dates. 

I have attached an FTC advisory opinion which interprets Section 623 ( a ) ( 2 ) of the  FCRA. The issue posed in the advisory opinion is how a lender is to handle a situation when subsequent information updates a report that was allegedly accurate when it was made but no longer is accurate in the present time. 

The advisory opinion states that the Section 623 ( a ) ( 2 ) of the FCRA addresses the duty to correct and update information by furnishers, or persons who furnish information to consumer reporting agencies ( CRA ) such as credit bureaus. In particular, this section requires a person that has furnished to a consumer reporting agency information that the person determines is not complete or accurate to promptly notify the consumer reporting agency of that determination and provide any information needed to make it complete and accurate. Thus, on its face, this provision requires a furnisher to provide corrected or updated information to the consumer reporting agency that it had reported to originally. This duty extends to all student loan accounts reported to CRAs, regardless of whether they were accurate at one point, because the section requires the furnisher both to update accounts as well as to correct. 

Additionally, since my loans have been consolidated, the balance on all previous loan that were included in the consolidation should reflect a {$0.00} balance. However, they are not, and it looks like I owe twice as much in student loans. Please update the correct balance information promptly to the credit bureaus."
"I am asking that CFPB acts as a liaison in this matter. I am in a great distress financially, mentally & emotionally with my contract between Santander Consumer USA and myself. When I purchased my car back in XXXX of XXXX my credit score was in the XXXX 's ( due to a XXXX ). Currently my credit score is above XXXX. I purchased this car with the intentions of re building my credit worthiness. Consequently this decision to re build my credit with Santander backfired. I am upside down on my car loan. I owe more than what is worth. Per Santander my account balance is {$11000.00} but the pay off amount is {$13000.00} because of late payments and fees. Per the contract all of my payments have been applied towards interest first for almost XXXX years now. The contract states I will end up paying {$27000.00}. My vehicle is a XXXX XXXX XXXX XXXX with over XXXX miles. It is currently valued at {$2500.00} for a trade in. As of XXXX of XXXX I have been trying to re finance my car loan for a lower interest rate with other banks to no avail. Santander 's interest rate is XXXX. I tried to re finance my car with Santander but they refused to work with me although they offer loans to consumers with poor credit & good credit but does n't offer refinance options ( Santander advertises that they strive to work with their customers ). So far this advertisement is false, inaccurate and misleading. Recently XXXX XXXX declined my car loan application not because of my credit but because of the worth of the car. I am asking for a high loan and the car is not worth it ( attached an email correspondence from XXXX XXXX ). The only company that can help if WILLING is my own finance company Santander. Since in possession of my car I have spent over {$6000.00} in car repairs out my own pockets and {$7500.00} has been paid through my insurance company. In total repairs of my car throughout the past XXXX years has been {$13000.00} ( the car was sold at {$13000.00} before finance charges ). Total money invested to date including car payments and repairs is {$26000.00} out of pocket not including the work XXXX XXXX from XXXX, CA performed on my vehicle due to a RECALL. I still have a remaining amount of {$13000.00} owed to Santander. If I were to pay off the car today a total of at least {$40000.00} will be invested on this vehicle which is farce. This is an injustice to any hard working citizen like me. I have taken all steps necessary to prevent litigation and filing a complaint with the XXXX against Santander who offered me a high interest rate for having poor credit back in XXXX and causing me to have emotional & financial distress. Back in XXXX I paid over {$600.00} to fix the XXXX. On XXXX XXXX, XXXX I paid for XXXX ( receipt attached ) .The following still needs to be repaired on my car : XXXX need to be replaced ; XXXX need to be replaced. Although there is a contract between myself & Santander I am aware that the contract can be disputed through litigation. My next course of action depends on Santander 's response. In addition Santander has been adding more distress to my situation by reporting my late payments to my credit report and lowering my score preventing me from continuing to rebuild my credit worthiness. Late & deferred payments are due to out of pocket car repairs which has prevented me from being on time. Santander is far from working with their customers."
"I obtained a 30 year variable conventional mortgage from First Citizens Bank and XXXX XXXX on XX/XX/XXXX. The First Citizens representative never asked me if I would qualify for a VA mortgage. Had she done that, I would have opted for that ( VA ) mortgage instead of the XXXX I wound up with. What I found out after obtaining the conventional mortgage was that included in the monthly payments would be a PMI of {$120.00} per month. If I had the VA mortgage there would not be any PMI at all. I feel that First Citizens should have told me about the VA mortgage instead of just telling me about the conventional XXXX. 
It was not until I spoke with an agent from XXXX XXXX in XX/XX/XXXX that I was made aware of the fact that I should have a VA mortgage instead of a conventional XXXX. Since that time I now have a 30 year VA mortgage with a fixed rate which does not have any PMI attached to it. My complaint is should I get reimbursed for the years of PMI which I was paying due to First Citizens failure to inform me about the VA mortgage. 
What makes matters worse, is that the original mortgage was sold to XXXX XXXX XXXX which eventually folded and XXXX picked it up. XXXX has sent me a letter stating that they are not responsible for the PMI problem because they, "" Did n't originate my mortgage loan ''. 
I hope that my explanation of what transpired will be sufficient for you to help me out with this problem."
"XXXX, XXXX and Trans Union are not responding to my requests to investigate, verify and remove XXXX account from my credit reports that does not belong to me."
"Account number : XXXX I was shocked when I reviewed my credit report and found late payment on the dates below : 30 days past due as of XXXX 2012 I am not sure how this happened, I believe that I had made my payments to you when I received my statements. My only thought is that my monthly statement did not get to me."
"Our firm, XXXX XXXX, XXXX has been monitoring our client 's request for mortgage assistance to Bank of America to ensure its compliance with Regulation X. During the past few months, we have run into several issues while our client continues to try to get her loan modified by Bank of America. This will be the third CFPB complaint we 've had to file pertaining to this mortgage loan. The borrower submitted a Loss Mitigation Application to Bank of America on XX/XX/XXXX via facsimile transmission. We emailed an exact copy to Bank of America 's prior counsel at XXXX XXXX XXXX XXXX ( "" XXXX '' ) on XX/XX/XXXX at the specific request of XXXX to direct any and all loss mitigation communication to their office only and not to send anything directly to the bank. Pursuant to a letter from XXXX dated XX/XX/XXXX, there was no foreclosure sale scheduled as of XX/XX/XXXX according to Bank of America. 

As discussed in our previous complaints, we continued to have issues with Bank of America throughout the review process, including the borrower 's home being set for foreclosure sale while the active review was still pending. The evaluation of the borrower 's application was finally completed and she was offered a trial modification plan on XX/XX/XXXX, which was sent to our firm by XXXX XXXX XXXX XXXX. ( "" XXXX '' ), Bank of America 's foreclosure counsel. Due to the lack of information provided in the offer letter, the borrower asked that we request some additional details about the trial offer. Since it has been very difficult to get anyone on the phone at Bank of America to discuss the borrower 's loan account, we reached out to XXXX via email with our client 's questions. After receiving no response from XXXX, we also submitted a Request for Information via US Certified Mail to Bank of America 's designed address for such correspondence. We still have n't received any additional information pertaining to the terms of the proposed modification. 

Despite the foregoing, the borrower sent her first trial period payment pursuant to the terms of the offer letter via US Priority Express Mail on XX/XX/XXXX, which Bank of America received on XX/XX/XXXX. Even though our client made her first payment and Bank of America received the payment before the stated due date ( i.e. XX/XX/XXXX ), our client 's home remains set to be sold at foreclosure auction on XX/XX/XXXX. The borrower has called the clerks office several times and was informed that there has n't been any efforts made by Bank of America to cancel or move the sale date. We also reached out to XXXX regarding the upcoming sale and we were told that Bank of America has not given any instruction to postpone the sale date. 

Moreover, we continue to have trouble trying to contact Bank of America in connection with the borrower 's loan. Every time we try to call, we get an automated message about technical difficulties and then the call is disconnected. This has been happening for several months now. Recently, we can only reach a live person by using a different client 's loan number and then asking the representative to subsequently pull up this particular loan once we have someone on the line."
"Wells Fargo opened an on-line "" platinum card '' without my knowledge and without my authorization, consent or signature. I never received this card, and there is a {$5000.00} line of credit associated with the account. I can see it in my on-line account. This was done around the time that my home mortgage was being processed which is also owned by Wells Fargo. Looking back, it appears Wells Fargo issued me an unauthorized line of credit, adjusting my debt to credit ratio. This affected my credit score, which affects the APR I pay to the Wells Fargo mortgage. As a result I am now paying additional interest to Wells Fargo, through my mortgage at a cost of thousands of dollars over my 30 year mortgage. Also, this affects any other loan amounts I finance because of the unauthorized adjustment they made to my credit score, such as vehicles, appliances and home improvements. I have worked very hard to manage my credit score, and that they fraudulently adjusted it is very very frustrating. 
Additionally, around this same time, they cancelled a savings account I had with them since 1992 which was in excess of several XXXX dollars. Again, they adjusted my credit history, by cancelling an account that had a clean history in excess of 20 years. I went into their office to complain, and they offered to open a new account, but the history would be lost. They stated that "" they have lawyers, and that they will win and I would lose if I try to resist what was happening ''. XXXX things that have never happened before, both happened as I was attempting to purchase a home. Beyond incompetence, this appears to be malicious fraud. I would appreciate assistance, as I am a hard working individual, and they are a large entity willing to use their "" lawyers to beat me '' if I resist their tactics."
"I was paying XXXX payment towards my school ( XXXX XXXX XXXX ) loans for a couple of months, then I rec 'd XXXX different letters with XXXX different addresses from Navient stating that I was late on them. This was a shock bc I was paying a little more than the minimum payments. Then come to find out my payments were only going to XXXX loan and not being applied to all my loans ; therefore I was late. Then I made XXXX big payment in hopes to be up to date, but then was notified I was late again bc the loan dates are different on my loans. Then I come to find out that XXXX loan payment is different and is not part of Navient but should be paid directly to the school. It has been most frustrating bc I am being told that I am always late and my minimum payment has ballooned up to $ XXXX/mos for Navient alone."
I have not has any personal dealings with Payliance. never sent anything in the mail stating that I owe them and how. I just say this information on my credit report one day.
"We noticed last week that we have been charged roughly {$60.00} a month for almost two years for security protection on our Lowes credit card bill. We called them, the amount totaled {$710.00}, they said they would refund us via check within a week. We never agreed to or signed up for any protection service, we are on a budget and really could have used that money over the past two years, reguarldess we waited on the refund only to see today they simply credited it back to our account balance. I called and explained we pay our bill on time they illegitimately obtained the {$710.00} and I would like it back, Ive could have used it over the past two years and want it back now. They werent helpful at all and essentially said we should be happy we got the refund on our account balance. In my opinion they essentially have stolen {$710.00} from me and when they are called out about it they are going to keep it and apply it to my balance? Thats ridiculously bad business for such a big company."
"I have tried over 10 times to get my annual credit report for Transunion. I keep getting an error when it sends me to Transunion 's page to try again later or call ( XXXX ) XXXX. I call and request my report and still nothing its been over two weeks, I want to speak to a live person at XXXX but that seems to be impossible. I call Transunion for the online department and the tell me they can not verify my identity because they can't pull a report that i have to check with the dispute center because it seems that i have a split file. I then call the dispute center and they tell me that i do not have a split file and my name, address, social and dob match perfectly. They then tell me to call the Transunion online department which then tell me to call the dispute center and its a big circle of nothing. I want to be able log into the the transunion dispute center at dispute.transunion.com but it again  tells me to call ( XXXX ) XXXX. I already have a username and password created. I have spoken to supervisors all over Transunion and nobody seems to know what they are doing."
"I filed a compliant on the CFPB website back on XXXX/XXXX/2016 that CMRE was reporting inaccurate information and when I called to correct the information. CMRE required me to pay the debt before removing the dispute preventing my from refinancing my home loan. CRME provided the following response - The company has provided a partial response to your complaint number XXXX describing the steps taken so far to address your issue. They stated they are still working on your issue, and you should hear from them again within 60 days. 

View the details of your complaint and the company 's response so far at : XXXX CRME removed the debt form my credit report in XXXX 2016 and now has listed it on my XXXX credit report without any notification for disputing the debt and violated Under the Fair Debt Collection Practices Act"
"I got behind on my mortgage in XX/XX/XXXX, due to Wells Fargo said they did not get a payment that would have kept me out of foreclosure of over {$1400.00} the XXXX county Veterans services had help me with. So the XXXX county Veterans services gave me an affidavit to send to Wells Fargo, and never got a response from that neither. I was only making {$9.00} a hr and paying child. So I lost my job in XX/XX/XXXX, due to workman 's comp. injury. I received unemployment until. XX/XX/XXXX. I haven't got a job yet but am due to start one next week. I had XXXX XXXX XXXX of the XXXX XXXX XXXX XXXX help me with getting a modification. He can tell you all about my situation. His ph number is XXXX. I was told to get a job/decent income to stop foreclosure by him and Wells Fargo. I been having car problems but like I said I start a job next week. Wells Fargo did send me the {$1400.00} back. XX/XX/XXXX. So they did get the money XXXX county Veterans services sent them, but told me and XXXX XXXX They did not get it on time, XXXX County Veterans Services sent it the day before and would have stop foreclosure. Now they telling me my house is sold. I asked XXXX XXXX to ask Wells Fargo for a few more weeks, two weeks ago. But they did not respond back. I did not get the letter about a sale date until this week after it was sold. I lived at this house since XX/XX/XXXX. I was in foreclosure before in XX/XX/XXXX due to divorce. My ex-wife was responsible for the mortgage payment then and I was not living here, she was paying for it over a year but stop paying before she moved back to XXXX XXXX. After the divorce. So Wells Fargo took almost three years to do the remodification then and was told by them not to send no money until it was over. But I was working back then and sent money twice and they spent some back to me. That was in XX/XX/XXXX/XX/XX/XXXX. When they did completed the remodification my Mortgage payment went up from {$290.00} to {$360.00}. per month. I should have reported that back then. I was told that was not right. My question is why they such in a rush to do this remodification now, when it took longer the first time.??"
"The lender, or the lender 's collection, keeps calling my sister 's phone number, despite my request for them to stop. My sister has noting at all to do with the loan. She was never listed on any of the documents or anything else to do with the loan."
"I have called the company responsible for reporting an account in "" Open '' status multiple times over the last year, at least 5 times. Each time I call they refer me to XXXX who maintains they only report what they are given. There is an account that has settled in bankruptcy a year ago, and the company each month since then reports it as "" Open Collections '' status and it should be "" Closed '', as this was included and closed in bankruptcy."
"I recently received a background check with Sterling Talent Solutions. I was not properly notified when this background came in and on my report are two incidents that are not accurate as well as incorrect information. In addition, to these issue which took place over 24 and 19 years ago. This information in the first place should have never been included in my report as it is over 7 years old. I have recently filed a dispute with this issue. But the reason for my complaint is that I should have been notified right away if there was a problem as well as this information should not have been allowed to even show on my report even if they say they verified it. I understand the need for background checks but information that is not completely accurate or some what incomplete should not be allowed to be used."
"In XXXX, Discover notified me that they were going to replace my card due to a possible data breach that was not due to their system. I asked what vendor had the breach so that I could consider if any other action was needed on other credit cards or personal information. The response I got was that they could not release the vendors name. I did not feel that the explanation was adequate so I recently asked for clarification on the reason I could not get that information. I was again told that they could not release the information, but was not provided with the specific reason such as limited by law, company policy, or agreement with vendor. I want to know the reason for the limitation to understand if it is a legitimate reason or just words so I stop asking."
"I have been having problems with Navient Private Student Loans. Every time I contact them to provide me with information and help I am told one thing by one person. I call back to speak with that same person and I have their extensions and id numbers but I am always transferred to someone new and they say that I am unable to speak with the previous person. I have been told several things about lowering my bill all have been different from the last. I am unable to pay the insane monthly payment of {$1300.00} they said they could lower to just interest payments at {$1000.00} something. I was told they could even lower that but I would have to wait until my bill is 1 day past due or more so I would be in default then they could lower my payments. I asked if they could just do it now and the last XXXX people have told me that I have to skip a payment in order to do that. The first person said I could lower it to only {$700.00} a month for the first 12 months which would help out the most but now they are saying not guarantees and that I can not even be assessed for that until I am past due. They are charging extremely high interest rate ( 12-14 % ) and I do not even remember agreeing to those high of terms. Something seems very off about the whole thing and process they are taking. I talked to them about doing a debt settlement because i had contacted a law firm, XXXX XXXX, and the debt settlement payments would only be {$1000.00} a month so way lower than Navient. All of my loans were done through XXXX XXXX and now it says Navient."
"On XXXX XXXX, I placed a payment of {$100.00} on my account with XXXX, which was over the minimum amount due on an account with the balance of {$3200.00}. On XXXX XXXX, I posted a second payment for the rest of the balance due of {$3100.00} that was the balance on the account on that date. On XXXX XXXX, after there was {$0.00} balance on my account, I was charged interest in the amount of {$44.00}, with that amount due during my next billing cycle. This was also after I had ONE late payment ( the only one in my credit history ) with XXXX, and they instituted a penalty rate on my card AND decreased my credit limit to make it appear that my card was maxed out, without notifying me, several months after the late payment occurred. This ended up hurting my credit score, when I otherwise had excellent credit and payment history."
"I answered my phone at around XXXX on XXXX XXXX to an unknown number. The man asked if he was speaking to me ; I said yes. He asked if I lived at X address ; I said no, that was an old address and asked what this was regarding. He mentioned a debt I owed to a health club membership and said that it had been turned over to his collection agency. I asked for my address to be updated and for information regarding the debt be sent to me and told him that I fully plan on paying off this debt. He updated my address and provided me with a reference number and phone number to reach him at. 

He then proceeded to ask me about my employment status and the amount of my rent. I said that I am unemployed ( I have a small child that is totally dependent on me for care ) and that my fiance covers living expenses. He asked how long I had been unemployed and then asked if I was prepared to make a payment. I said two years, I had to quit the day my daughter was born as we do not have any one else to help us with her care, and said that I would like to start making payments in XXXX. I had my debit card out, ready to give him my card number for automatic withdrawals to start in XXXX at this point. 

Instead of closing the deal, the debt collector got really nasty. He started talking about how I have n't worked in 2 years, how I 'm living off of my fiance 's income. ( I actually work very hard as a homemaker and a mother to my child with absolutely zero help or babysitters or family to help, but did not have a chance to explain this. ) At this point, I realized that my particular debt collector was a misogynist, but I tried once again to tell him that I would like to start making payments in XXXX -- again, card in hand. He told me nastily that he could n't wait until XXXX. I said I have no extra funds currently, so he was going to have to. Here is where his misogynistic tactics actually scared me : "" We most certainly do not. '' If I had already made it clear that I do n't have the money to make payments this quarter, how does he think he 's going to get the money from me? Does he want a pound of flesh? That 's literally all I have to give right now. I do n't understand how it would benefit him to threaten me like that. Again, I blame his blatant prejudice against women. I was so scared at this point I hung up on him. I need to pay this debt, but at this point I am terrified to call the contact number he gave me."
"In or around XX/XX/XXXX, my former JC Penney credit card account was turned over to XXXX XXXX XXXX, a Debt Buyer in XXXX, VA. 

XXXX XXXX began reporting this alleged XXXX XXXX to all national credit bureaus, in or around XX/XX/XXXX. 

XXXX XXXX blatantly misrepresented this alleged Matter from the very beginning, by reporting it as a Brand-new Collection Account, each and every month. 

They did this in : XX/XX/XXXX/XX/XX/XXXX/XXXX/XX/XX/XXXX/XX/XX/XXXX/XX/XX/XXXX/XX/XX/XXXX ; then, in XX/XX/XXXX/XX/XX/XXXX/XX/XX/XXXX. 

As XXXX XXXX is a Collection Agency to begin with, if an account is with their office, then it is automatically a Collection Account. 

Reporting the Collection Account as being a Brand-new Collection each and every month is a blatant misrepresentation of factual credit account activity, and an attempt to make XXXX types of negative reporting 's, on the same account, at the same time. 

Following my Disputes regarding this Matter with numerous Consumer agencies, I observed that Experian, as of XX/XX/XXXX, removed the inappropriate reporting 's of "" Collection '' from XX/XX/XXXX through XX/XX/XXXX, a total of XXXX reporting 's removed. 

However, XXXX continues to report ( as well as inappropriately reports ) this same Matter as being a Brand-new Collection as of XX/XX/XXXX. 

This is a lie. 

If XXXX reported this was a Brand-new Collection beginning in XX/XX/XXXX ( 11 months ago ), IT IS NOT a Brand-new collection almost one year later, in XX/XX/XXXX. 

This is nothing more than an underhanded maneuver by XXXX XXXX to "" update '' this alleged Matter by XXXX year, thereby significantly increasing the negative effect on my credit scores. 

Further, as XXXX XXXX has removed the XXXX ( XXXX ) highly inappropriate reporting 's following my Disputes of this Matter, this would clearly indicate that the prior reporting by XXXX XXXX was in fact inappropriate ; that is why they removed it. 

This would bring significant doubt as to the credibility of XXXX XXXX, and their credit reporting, as a whole. 

Last but not least, XXXX XXXX reports an alleged balance of {$2000.00} owing on this alleged Collection account, to XXXX. 

However, at XXXX, an alleged balance of approximately {$1400.00} is reported ; a difference of nearly seven hundred dollars. 

This represents a very significant discrepancy in credit reporting between XXXX different bureaus, by the same alleged creditor. 

Given the multiple occurrences of contradictions and discrepancies in their reporting of this alleged Matter, I respectfully request this Matter be fully removed from all major credit reporting bureaus."
"Navient reported incorrect loan amount on my credit report. I contact the about the loan and disbursement amount and I need received the amount they reported on my credit. On XXXX XXXX, 2017 Navient report Two separate loans in the amount of {$XXXX} and {$XXXX}. This is false and illegal."
"We had set up an auto pay program with Great Lakes as early as XX/XX/XXXX for our daughters student loans. There were not any problems until our daughter decided to take graduate classes at XXXX. Without our knowledge XXXX sent out a notice that our daughter was back in school. Great Lakes without our knowledge or consent put our daughters account into deferment and changed our auto pay to {$0.00} essentially canceling the payment. This was done on XX/XX/XXXX. We did not notice the XX/XX/XXXX first payment was not made until XX/XX/XXXX. When we called Great Lakes we were told that students were automatically put into deferment when they went back to school. We told the representative we did n't want to be in deferment, and we wanted the auto pay to start back up. She said we could go online and reset auto pay. 
I set up auto pay for {$250.00} to come out on XX/XX/XXXX.  On the evening of XX/XX/XXXX we noticed the payment had not come out of our checking account. When I logged into our daughters account I saw where Great Lakes changed the auto pay account again. They changed the payment date to XX/XX/XXXX and changed the amount to {$210.00}. I also saw that they charged capitalized interest of {$38.00}. Also by changing my pay date from XX/XX/XXXX to XX/XX/XXXX they are trying to accrue more interest on the account. When I tried to resolve the issue with Great Lakes. When I tried to resolve the issue Great Lakes refused to take responsibility for setting up their computer program this way. If this happened to us, how many other people are the scamming? Is it legal to put someone into deferment without their consent? Am I financially responsible for them putting our daughter into deferment without consent and essentially stopping my auto pay causing interest to accrue and capitalize? Please help."
"I would like to file a complaint against a Chase Bank that is located on XXXX, XXXX, CA XXXX for treating customers in an inappropriate way. My son and I were at that mentioned location yesterday XX/XX/2017 at XXXX pm. Their hours show they closed at XXXX pm. We were greeted by a young lady who asked us what was the reason we went there for. We told her that we wanted to open an account. She wrote down my son 's name and we were told to take a seat. We were waiting and there were XXXX groups of people in front of us. At about XXXX, we were told by the young lady that they could n't help us open an account today because they stopped opening accounts at XXXX pm. She suggested we could either make an appointment for another time or come back the following day. When I heard that, I was so upset. She should have told us about XXXX when she knew about the situation. It would not be a big deal for me if we had been waiting for ONLY XXXX minutes, but we had been waiting for half an hour and were told we could n't open an account. They wasted a half an hour of our time for nothing. So I told her I wanted to file the complaint with the manager. She told me the manager was not there so she let me talk to the XXXX teller, who also told us that they could n't help us today. My point is if they already knew the cut off time to open a new account is XXXX pm, why did the young lady not tell us at XXXX? Why did she wait XXXX minutes to XXXX pm to inform us that they could n't help us to open the account today. I have no problem with leaving if we had just been waiting for XXXX minutes but we were waiting for half an hour and were sent home. This is not an appropriate way to serve the public. The reason I am filing a complaint against Chase Bank is because I do n't want them to treat other customers the same way that they treated us. I still think that they should have stayed longer to help us to open the account because we did n't walk into the bank XXXX minutes before they closed. I left the Chase Bank angry and upset."
"Back onXX/XX/XXXX after a escrow analysis that would have raised my mortgage payment, my husband who is sole borrower requested if lender Mr. Cooper formally Nationstar would get rid of cushion in order to keep payment same. They agreed and refunded us approx {$1400.00} dollars in which we returned half back in escrow account. After paying XXXX payment I got XXXX statement which said their was {$1600.00} in escrow. Since I knew I would be paying XXXX payment on the XXXX we called and they told us they pay town on the XXXX of quarter due. So onXX/XX/XXXXI planned to call and make up difference in escrow to cover a tax payment Due XXXX I was shocked to find out they had made payment without telling me on XX/XX/XXXX and I have no statement as of today stated that payment. My current statement which was issued on XX/XX/XXXXindicated nothing of this transaction. My escrow account became {$730.00} negative so I made an over the phone payment to escrow today to bring us to positive balance. I will be able to provide documents when I get access to scanner. 

My husband went back thru old statements and discovered they had down this in past paid 2 weeks early and there were months they paid on XXXX ( town gives grace period till the XXXX ) which is what we were told via customer service when we lost cushion so I could keep track and know when I had to have the escrow covered for property taxes. 

In summary all my closing papers indicate is that they must escrow and pay taxes. This is very frustrating because I need three months worth of escrow payments to make these quarterly tax payments and I was not given chance when they paid XXXX quarter early. How early are they allowed and they did this with no indication on statement I do not call them every month for additional dismemberment info, I was going by latest statement which was not even correct. My husband requested taxes be taken out so that is pending. I just want to know if they had the right to do this. I also believe that the constant increases were partially due to them paying taxes early before I had the chance to give them my payment by the first. The past tax increase would have only been a XXXX $ increase that is why we asked for cushion to be removed. We FHA streamlined 4 years ago to bring payment down that is why the cushion was removed, we have never been late since start."
"I submitted my assumption application on a townhouse that my ex had lived in. He moved out at the beginning of XXXX XXXX. I started paying the mortgage on XXXX XXXX. After extensive repairs I submitted my assumption application to OCWEN mortgage company. The assumption application stated the transaction ( closing ) would take about 4 to 6 weeks. On week 6 I called for a status to be told the assumption department was running behind in its processing and it should not take long. On week 8 I called for another status and was told by the processor that the underwriter had the paper work and I should have an answer soon. I explained that I wanted to purchase another vehicle and I was waiting for the closing to go through before moving forward. The underwriter said it will not impact my credit report because it had been pulled and submitted already so it would be fine to purchase another vehicle. On week 11 I called and asked for a status on the application and the processor said he needed additional information such as where I worked, copy of pay stubs and new bank statements. All of which I had submitted before. I was promised that I would have an answer within days. On week 12 I called back again and there is no status. I have been paying the mortgage on the property since  XXXX XXXX."
"I was looking to establish a credit line ( through XXXX XXXX ) online for the purchase of a new cell phone. I was notified after electronically applying, that "" additional information '' was going to be needed to properly process my application. "" Barclays Credit Card '' requested that I send them photo copies ( both sides ) of my Drivers License AND my Social Security Card.. I have a "" XXXX '' credit score across all three reporting bureaus. Although I'm personally offended ( considering my credit worthiness ) I also believe some type of "" scam '' is somehow in place if Operator License info and both sides of a Social Security Card are being requested - especially in today 's day and age, with all the attempts at ID fraud etc.. PLEASE look into this!!!"
"I took out an auto loan from M & T Bank in XX/XX/XXXX. I have historically paid my payments at the local branch or online through their web portal. I have consistently paid my account and it was current as of XX/XX/XXXX. In XX/XX/XXXX my primary bank changed hands and the routing and tracking numbers and account numbers for accounts all changed. It has caused much confusion. Thus in late XX/XX/XXXX/XX/XX/XXXX when I learned that M & T had not received my payments placed through their online system I sought to rectify it and immediately made payments online, confirming the new tracking and account numbers. Then I heard nothing. In late XX/XX/XXXX into XX/XX/XXXX I attempted to go online several times to make regular payments and when I attempted to log into my account a message appeared that the M & T website was down. I even called to get further information when I was simply told, "" Many customers have been having problems, try again later. '' The problem continued. In early XX/XX/XXXX I was finally contacted by an M & T representative by phone. When I was told that there continued to be issues with submitting payments online I offered to bring a payment to the bank to satisfy all payments that were not received and get the loan back on track. At that time I was told by the M & T Representative that was no longer an option, I needed to pay the loan off in full immediately or my car was to be repossessed! The representative acknowledged that they could see that I was trying to make payments and that each payment submitted receieved a message stating "" Success! Your payment has been made! '' However he was completely unwilling to assist me in getting this loan back on track. He stated that even though he could see the banking errors involved, that he would not reinstate the loan upon restitution. I then tried speaking to his supervisor without any support, he simply stood behind the decision to use the nuclear option with me even though they could see I had been online trying to make payments. I then took my issue to the PA Department of Banking and Securities. I just wanted to make the situation right. The PA Banking Department went back and forth with representatives for several weeks, being told, "" I 'll get back to you tomorrow ... .I 'll look into things and see what we can do ... I will have an answer back to you by XX/XX/XXXX ... '' It is now XX/XX/XXXX and still no answer. I received a form letter from M & T dated XX/XX/XXXX ( it should not have taken 8 days to get here when mail from PA to NY is typically 1-2 days in transit ) stating that I have 10 days ( from XX/XX/XXXX? ) to give M & T the full balance of the loan. I have also tried to harness the assistance of the PA Attorney General 's Office. I received a letter from them dated XX/XX/XXXX stating that M & T has 21 days to reply to them. As of yet, there is still no response. My contact at M & T is a XXXX, my contact at PA Banking & Securities is XXXX and my contact at the PA Attorney General 's Office is XXXX. PLEASE HELP!!"
I have a paid tax lien showing on equifax. Date of filing is over 7 years ago No DOB or SSN on the records. I have disputed twice with equifax to no avail.
"Early in XXXX I requested that M & T Bank drop the PMI insurance from my mortgage. I was subsequently sent a notice that the PMI would not be dropped because I had not met 2 of the criteria in order to do so. One of the criteria required me to make an additional lump sum payment towards the principle, which I did. The other requirement was that the loan had to be in effect at least 5 years. I was told verbally by M & T that that period would be in XX/XX/XXXX. When I called in XX/XX/XXXX to find out when I would receive a new payment break down, I was told that the PMI could not be dropped until XX/XX/XXXX because the 5 year mark was on XX/XX/XXXX. The payment statement that I received from M & T shows an increase in the monthly payment due to their escrow analysis, which includes the PMI charge that I will no longer be responsible for. I called M & T Bank today ( XX/XX/XXXX ) and asked again for a new escrow analysis so that I would know what my correct payment should be on XX/XX/XXXX. I was told that I could not receive that new payment figure since the 5 year mark ( XX/XX/XXXX ) had not yet arrived. I asked if I called on XX/XX/XXXX if they would then send me the correct payment amount so that I could make my XX/XX/XXXXpayment on time. I was told that the analysis may take up to 60 days before it takes effect.

It is obvious to me that M & T Bank is stringing us along, and probably thousands of other mortgage holders as well, in order to collect additional PMI payments.

The resolution to this problem is simple. I need the correct payment amount for XX/XX/XXXX that does not include the PMI. 

Thank you in advance."
Navient has reported me 90 days late on my credit report twice on my credit report when they were unable to contact me about my loan deferment has ended. I have disputed this information twice but they continue to avoid correcting my credit report and they levy fees that are not interest related.
"On XXXX First Source Advantage sent a settlement offer for a debt. On XXXX a request for validation of debt was sent to the debt collector. On XXXX a second request for debt validation was sent to the debt collector. Although federal law requires a 30 day response, the debt collector has yet to validate this alleged debt and now they are in violation of the FCRA and should immediately removed this unverifiable information from my credit report."
I am identified as someone who may have had personal information hacked.
I lived there for 3 yrs and we like the apt but the change owner and we had XXXX there made us take it down i then i write them a letter say i am move to XXXX due to i had XXXX and i need my mom to take for me through the time i was go through treatment and while my husband worked. So see what i have to do to take this off my creditor
"In XXXX of XXXX I closed my credit card account with First Progress. It was a credit card account which required an initial deposit of {$300.00}. At the time of closure I had a zero balance. I called customer service and confirmed that the balance was XXXX, requested to close the account, and I verbally requested an immediate refund of the initial deposit amount of {$300.00}. The customer service person stated that I would have to fax over a written request for the deposit money to be returned immediately. I faxed over a written request for the immediate return of the initial deposit money. I received confirmation from First Progress on XXXX/XXXX/XXXX indicating that they had closed my account as requested. Greater than eight weeks have passed and to date XXXX/XXXX/XXXX No refund of my deposit has been issued. I am requesting that my refund be issued immediately."
"In XX/XX/XXXX, the monthly mortgage payments increased tremendously, making it impossible for me to stay current with the loan. The bank started a legal action to foreclosed on my home that same year, XX/XX/XXXX, but the case was discontinue. However, in XX/XX/XXXX, the bank started a new foreclosure action against me. I have been trying to resolve this issue because I have the best intentions to stay in my home and pay my mortgage. However, the bank is not allowing me to modify my loan. I tried to applied for a loan modification but I was denied on XXXX XXXX, XXXX and I was denied as well on XXXX XXXX, XXXX. I am a good candidate for a loan modification but it seems that the bank 's interest is not help homeowners whose best intentions are to pay their debt. The bank 's interest seems to be foreclosing on homes. There has to be something wrong with that. It does not make sense."
"My name is XXXX XXXX .I have a few items of personal information on my file that is inaccurate First I would like to request a opt-out of your disclosing future information until further notice including the and other furnished XXXX XXXX XXXX XXXX XXXX EXPERIAN inquires regarding all personal information. My current and only address is XXXX XXXX XXXX XXXX XXXX OH XXXX. I am a business owner my company is XXXX XXXX XXXX XXXX XXXX XXXX. I have had issues with addresses on my credit report that do no belong to me. The following addresses are not accurate please delete them : XXXX XXXX XXXX, XXXX OH XXXX XXXX XXXX XXXX XXXX, XXXX, OH XXXX XXXX XXXX  XXXX XXXX, XXXX, OH XXXX XXXX XXXX XXXX XXXX, XXXX, OH XXXX XXXX XXXX XXXX XXXX XXXX, XXXX, OH XXXX XXXX XXXX XXXX XXXX, XXXX, OH XXXX XXXX XXXX XXXX XXXX XXXX XXXX OH XXXX, XXXX XXXX XXXX OH XXXX XXXX XXXX XXXX XXXX XXXX, XXXX XXXX OH XXXX XXXX XXXX XXXX  XXXX XXXX OH XXXX XXXX XXXX XXXX, XXXX XXXX OH XXXX XXXX XXXX XXXX XXXX XXXX XXXX XXXX OH XXXX XXXX XXXX XXXX XXXX, XXXX XXXX OH XXXX XXXX XXXX XXXX XXXX, XXXX XXXX OH XXXX"
I have made attempts after attempts to get midland funding and XXXX XXXX XXXX off my credit report. It make no sense I have sent proof and as a consumer my rights is taken away ... these buresus should be ashamed for letting a company do this ... i have been challenged these inaccuracies for months even after I sent in proof nothing has happen.How can a person send in proof and they so nothing to an account..sad is what these companies is.Two companies can not collect on the same debt and I have sent proof many times.
"I have disputes the accuracies of the reporting for both accounts I have with this company. I sent dispute letters XXXX XXXX XXXX XXXX, XX/XX/2018 and XX/XX/2018. All of which I still havent received a response. This is way past the 30 days the company has to respond"
"What happened? 
Dear Sir /Madam My name is XXXX XXXX XXXX XXXX based in  XXXX , XXXX Citizen, Father of XXXX XXXX ( XXXX ), who was a XXXX at XXXX University , XXXX , ( year XX/XX/XXXXto XX/XX/XXXX ). I am a XXXX XXXX ( now retired ) worked for XXXX .XXXX for forty years. Salle Mae gave XXXX a loan of {$210000.00} in the year XXXX and of which {$200000.00} has been already paid off without any break for the last 9 years. But Navient which took over from Salle Mae is still demanding XXXX more ( presumably interest- simple mathematics ) which is too much to pay after settling the capital almost. Secondly our guarantor Mr. XXXX XXXX, US citizen based in XXXX, should be released from his role as a co-signer, otherwise, his daughter will not get a student loan to go to university this XXXX and her future carrier will be in jeopardy. As per Salle Mae, if a client has made 12 payments uninterrupted, we could request the co-signer to be removed from the contract. We made multiples of 12 uninterrupted payments over the last 9 years. Since we took the loan in XXXX now the whole family financial situation has completely changed. Though XXXX qualified from XXXX in XXXX she could not find a suitable job in the USA to pay off her student loan. She was very disappointed and came back to the XXXX and could not get a job in the XXXX either. Last XXXX She got married in XXXX and settled there. She has found a suitable job in XXXX but the salary will not be enough to pay off the student loan and also consider the exchange rate.in XXXX Rupees As for me I am retired from my job as a XXXX in XXXX on XX/XX/XXXX and is a pensioner and I am still paying her loan with great difficulty. I feel now that since I retired my income has gone down considerably land I am solely depending on my pension only. Besides my wife is very ill with XXXX and on XXXX and I look after her 24/7 alone. I want the monthly payment amount reduced considerably."
"I refinanced my loan throu gh PenFed and it was ma ndatory to open an account with them which they call i t Regular Share.  They said that I do n't need to deposit any money to the account, and they 'll deposit a  XXXX  dollar  gift into the account for me. This  XXXX  dollars are unavailable and I can never transfer any part of it to any other account I have. Then I noticed that my monthly payments ar e 9  cents higher than it should be. I mentioned it  to PenFed and they conf essed that they do this unfair activity. They add that ""  XXXX -dollar gift '' to principal balance of the loans . PenFed p robably makes couple  of million dollars only out of this unf air transaction. They have done more unfair activities over my refinancing process, thi s one was the most obvious and simple one."
"XXXX ( Fedloan ) owes me {$38.00} for overpayment I made when paying off my student loan. You have until this Friday to XXXX me my check or you are getting a greeting from the State of California. You and I are still not done. 

When I said I would stay on your XXXX until the very end. I meant it. 

Thank you for my final payment notices, now give me my money you XXXX XXXX XXXX 

I should tack on compounded interest daily, should I make it {$100.00} for non- payment, you are two months behind."
"I have deragatory marks on my credit report that I am disputing because they are false. The amount of debt they are claiming I owe is {$1100.00} I have paid and continued to pay the direct physicians office on these bills that have since been reported on my credit. I am NOT DELINQUENT. I have contacted them directly to get assistance in having this lifted off my credit report and I never am contacted back, and was hung up on when I explained the error."
"I sent two endorsed checks for deposit into my Key Bank account. The checks were sent by USPS with signature required. The checks were for {$41000.00} and {$910.00}. Per the USPS, the envelope containing the checks was signed for in the XXXX Post Office by XXXX XXXX on XXXX XXXX 2017. Since that time I have been in contact with numerous Key Bank "" customer service '' representatives. Each time I have to start over and recount my activities to date. Each time I am promised a representative will get back with me. After the first 3-4 calls, I have had no one call back to follow-up or provide status. The last contact I had was with the bank was XXXX when I was informed the package had been located/received in the XXXX office XXXX XXXX. I was further informed by the USPS Postal Inspector who was handling my inquiry, that they received word from the bank that the envelope with my checks was located in central processing/XXXX. This was the last information I have had and as stated previously, Key Bank has been less than responsive/helpful. Your assistance in helping me to get the checks located for certain and credited to my account is requested."
Student loan from XXXX was paid off over ten years ago and this account still show on my credit report this account is to old to be on my report
I DO N'T KNOW ABOUT THIS DEBT.
"I 'm currently applying for a loan modification & have been approved for a trial modification twice. 

XXXX Ocwen approved for trial payment of XXXX. 

I declined & applied again asking Ocwen to consider the ( Full Appraised Certified Value ). 

The appraisal was obtained on the suggestion of Ocwen in XXXX. 

Ocwen again approved the trial modification in late XXXX Payment XXXX The payments are based on a BPO ( Broker Price Opinion ) of XXXX XXXXXXXX this was done in XXXX. 

Another BPO was done in XXXX $ XXXX A certified appraisal with color photos on XXXX/XXXX/XXXX with a value of XXXX  XXXX was uploaded to Ocwen. 

Ocwen also did a exterior appraisal on XXXX/XXXX/XXXX value XXXX XXXXXXXX Ocwen has yet to consider the analyses of true value of home. This appraisal as of XXXX/XXXX/XXXX has not been reviewed. 

Ocwen 's front office is very kind they have assured me on multiple occasions that they will have the Full Appraisal Analyzed & compare To The BPO. 

Full Certified appraisal was uploaded on XXXX/XXXX/XXXX Ocwen instead ignored the Full Certified Appraisal & elected to get another BPO on XXXX/XXXX/XXXX I have been extremely proactive & have spent many hours asking Ocwen to consider the Full certified Appraisal or Send their own XXXX & I will pay for that XXXX as well. 

As of this complaint all we have now is a call with the Relationship manager on XXXX XXXX. Whom is extremely friendly & sincere. 

Based on Ocwens value they perceive the value to have gone up $ XXXX in a years time."
"Its been brought to my attention, that theres been false allegations, debit collection practices that are now, known to be of a violation within the Fair Credit Reporting Act. Companies by the name listed ; XXXX XXXX XXXX, known as collections. Bank Of America, known as another creditor. All parties and credit bureaus were contacted, on several occasions, in regarding the alleged accounts listed. There was a noncooperative response from all parties, whom disregarded the request for validation, not verification ; letters which was delivered and received. XXXX XXXX XXXX, for the amount of {$500.00}, merchant XXXX XXXX and Bank Of America, for the amount of {$1400.00}. Theyve all been contacted, via certified mail, several times and failed to provide validation, only thing received was amounts that is claimed to be owned, which theres been a request to delete it off my credit report and name completely. These false marks has been negativilty impacting my life and kids, hurting my ability to not only gain credit but the credit ability to open credit."
SANTANDER CONSUMER USA MADE A HARD INQUIRE ON MY CREDIT REPORT WITHOUT MY CONSENT
I 've contacted Best Buy numerous times regarding my refund of being enrolled in thei r Debt Protection  program. I was told my account was sent to the Accoun t Maintenance Depa rtment to issue a refund within 30 days.     Th e Debt Protection Customer Service Department or Best Buy Credit Card Services can not provide any details/ status updates on the refund. I '  m continuously passed between the two different departments with no results or solution.      It appears I was unknowly enrolled in this program on  XXXX / XXXX / XXXX . I cancelled the plan on  XXXX / XXXX / XXXX .     As of  XXXX / XXXX / XXXX  no refund has been issued and I have not received any proof of evidence into enrollment.
"My original lender was XXXX XXXX and my loans were turned over to Navient where they went through several changes and went from stafford to private loans without my consent. They have gone from subsidized to unsubsidized repeatedly without any explanation. They are listed multiple times on my credit report. They are listed as XXXX XXXX, US Department of Education, and some as Navient. They each have multiple listings for the loans and I ca n't make any sense of it. I have been turned down by lenders due to the inconsistency on my credit reports with my student loans. Under the Navient website they have multiple loans for multiple amounts which I do not recall taking out, many of which have the same disbursement dates which I do n't understand if it was disbursed on the same day then why is n't it just one loan instead of multiples? This is very misleading and shady. I can recall once I was in prison which was suppose to be covered under either forbearance or deferment but I was denied eligibility. The school is also saying I owe them for loans that were returned to the lender and I had to drop the class but still show in my balance. Something needs to be done about these predators."
"I have been calling Equifax and XXXX to remove or at least update my XXXX  XXXX University Personal Loan item from my Account. 

The account was paid in full XX/XX/2013, however my credit reports now says that the item is over 120 days unpaid which is not true. I am submitting an authorized letter from XXXX  XXXX University stating that the account was paid in full XX/XX/2013. 

Please have this updated to the correct status or remove it completely because it is full of inaccurate information."
"I have sent 3 letters to the company that is reported on my credit report on XX/XX/2018, XX/XX/2018 and XX/XX/2018 and have not received an response back for either letter sent that they received. The letter has asked for the company to provide the instrument of original indebtedness to validate that the loan being reported is actually mine. I haven't received a response at all."
"Our home mortgage was sold in XXXX of XXXX to Freedom Mortgage. Throughout the life of our loan, we paid into an escrow account that paid our taxes twice per year. Once in XXXX and again in XXXX. When the loan was sold, Freedom claimed that our account was set up to only make a single tax payment from our Escrow account, however we have records that indicate in XXXX it was paid in XXXX and again in XXXX. Freedom conducted an escrow analysis in XXXX of XXXX that indicated we had a "" projected shortage '' of {$3900.00} dollars. Which was absolutely ludicrous as our taxes are only {$5700.00} per year and we pay roughly $ XXXX/mo towards our escrow account. Every time we tried to speak with Freedom, they said they "" would start an investigation '' and would "" follow up '' with us or we were disconnected or was told contradicting information. XXXX representative told us that the {$3900.00} was a shortage from XXXX that they paid for us so that was why we were having to pay it back another said it was a "" projected shortage. '' Multiple times we requested that they change back our payment schedule to twice yearly, however they never did and instead broke up the {$3900.00} shortage into 12 month payments for us to "" pay back '' which resulted in an approximate increase of $ XXXX/mo to our mortgage. We have recently refinanced with another lender just to be done with Freedom but in the meantime have paid the increased mortgage amounts to avoid late fees/credit reporting as we have outstanding credit and have never missed or been late with a mortgage payment. I 've never felt so cheated about something in my life and Freedom has continued to show poor business practices through our refi sending the wrong payoff amounts multiple times over, which I can only believe was intentional to stall the loan payoff through the end of the year. At this point, the payoff was wired to Freedom today from our new lender, we had to increase our loan amount by roughly {$2500.00} because they did n't send the accurate loan payoff number, they now have over {$5000.00} in our escrow account and we have very little faith that they will return that money within the 30 day requirement."
