,review
3371,The most amazing concert experience I have ever had the opportunity to attend. Such a magical show where I felt welcomed. Love my fellow Swifties!
3626,"An 80's classic that still holds up tremendously well, Back to the Future is iconic from start to finish. This truly is a masterpiece in setup and payoff. Whilst some might find the exposition towards the beginning tiresome, it kept me engaged as I knew that the payoff was coming in the second half. The humour really is second to none, and the characters are genuinely great. They could have ended up being stereotypical, but they ended up working really well. The score is another fantastic element - it's one of the most iconic scores of all time. Michael J Fox is obviously iconic as Marty, and his delivery is really good aswell. The effects mostly hold up well, but they don't need to because of how strong the story is. It really is one of the most simple yet enjoyable films of all time. My only tiny gripe is the final scene with Doc Brown returning and taking them to the future. I think it restricted what they could do in the sequel, and feels quite tacked on and annoying. I know it is an iconic scene, I just don't think it really works at all. Still, this isn't a big enough issue for me to not give this the 5 star rating it thoroughly deserves. It's a truly timeless film (Get it? Because time travel) and I'd definitely recommend it."
206,"Now I know when you read the title of my review you may think it's such an oxymoron but it's exactly what it says: Pulp Fiction is a awesome and brilliant and smart film but it's overrated. People like to toss the word ""overrated"" as if it's a synonym for ""bad"" but it just means something is being valued more than it should be. In other words, I don't think Pulp Fiction is 8.9 great but like an 8.1-8.3 kind of great.Pulp Fiction with its witty dialogues, non-linear structure of storytelling, entertaining moments and characters, subtle details in screenwriting are not enough to convince me that it is 8.9 good. And I've watched and studied this film as much angles and layers as a film student could and still fail to see why it is 8.9 and is on par with The Godfather, The Shawshank Redemption, 12 Angry Men, Schindler's List, and The Dark Knight - all of which are titanic achievements in cinema.But don't let those dilute you to think I think this film sucks, like I said it deserves probably 8.1 to 8.3 at the most. So I will lay out why I think Pulp Fiction is still great.The witty dialogues: Quentin Tarantino easily stands among legendary screenwriters such as Aaron Sorkin, Eric Roth, Tom McCarthy, etc. in terms of dialogue writings. They are smart, entertaining, engaging. How Tarantino wrote the diner scene where Vincent Vega and Mia Wallace was spending an entire minute of screen time ordering the food and still keep the audience intrigued: this is because he uses exotic terms for the food and uses the character's reaction to those exotic names. That's how to make it interesting.Furthermore, it adds such smart details into the plot for example the fact that Butch and Marsellus spent minutes agreeing that Butch should throw his fight only to be sabotaged in under 30 seconds after Butch interacts with Vincent Vega. Vince calling Butch a ""palooka"" and ""punchy"" (both are affronts to a boxer, more than that, a person with a warrior complex like Butch), then Butch sees that Vince and Marsellus are good friends hugging each other. This crucial 30 seconds change the plot forever, causing Butch to not throw the fight and the lives of him, Marsellus, and Vincent Vega to be subsequently changed forever. This was such smart writing.Of course, the entertainment in this film is such thrilling: the OD of Mia Wallace and the anticipation on whether the situation can be salvaged; the rape scene and how our characters overcome that in a satisfying way; Samuel Jackson's character Jules' wittily intimidating lowkey comedic dialogues.and the diner robbery then the showdown between Pumpkin and Jules is such breathtaking. Then of course, the iconic Pulp Fiction dance, what can I say?Pulp Fiction's message hidden in hindsight is ultimately that of redemption or choosing the right path for life. For Mia Wallace, she chose the druggie life only to be end up on the verge of death, after the morbid experience we can see her soften somehow. Maybe then she will turn to righteousness and redemption. Next, Butch's family background were all warriors which is why he chooses to be a boxer but then the warrior element doesn't come in until he made decision on whether to save Marsellus Wallace his enemy or not from the degenerate hillbillies. Which is why he chose a Samurai sword out of all things. Finally, Jules' arc is that he realizes he only survive an ordeal through ""divine intervention"" and deliberate that this is a sign and if he doesn't stop being a proxy in this business now then more a dire fate may ensue upon him. Hence why he shows mercy to Pumpkin a diner robber and he rethinks the interpretation of his Bible verse.Overall, we can see the source for a person's switch to righteousness doesn't just come from religion (which is what most people think because they only focus on Jules' arc), but it comes from many things: a brush with mortality (Mia Wallace), family values (Butch), salvation from a foe (Marsellus Wallace), and faith (Jules). The only character who was not enlighten to this revelation was Vincent Vega because his lifestyle is too deeply embedded in this criminal and toxic underworld. Furthermore, he's too absent-minded and too shallow to comprehend a deeper deliberation in life as Jules. Hence why he does not buy into Jules' interpretation of divine intervention.The dialogue writting of Tarantino is just like his plot writing: it starts with one point then spirals into a whole different place in a way that is entertaining. This is because real life dialogues and real life events are exactly the same. This is why Tarantino's writing is so great. And overall, Pulp Fiction is great is awesome is smart and easily win a place in my top 30. But of course, as I said, I still don't get and probably never will understand why it is 8.9 and is top 6 of the best film ever made despite of how much I said I love it above and the many explanations and readings of this film that I have read."
4178,"Coldplay has been in my bucket list for a while and was finally able to make it to their concert. I gotta say, it was an amazing experience! The show is extremely well produced, so much energy and it's clear they enjoy performing and interacting with the public... Only downside is that the show was a bit short for what I have seen in other concerts, but still worth it!"
6958,"N2 of the eras tour in New Orleans was absolutely magical! From beginning to end. From Gracie Abrams to the surprise of Sabrina Carpenter there was not a moment when excitement wasn't at peak. I have never experienced so much friendship, love, and joy in one place in my entire life. Taylor Swift is the most amazing performer ever!!!! Like ever!!!!! I cannot put into words all of the emotions we went through in those 3 and a half hours. It truly was sparkling night. It was rare and I was there! Thank you Taylor Swift for emblazing  into my heart a night never to be forgotten. And never to be outdone."
3387,The show was amazing I don't think anyone will top it
1798,Best performance ever. The hard work and dedication from Taylor and her entire team and crew is unmatched.
5329,"Tarantino is the best. No one can touch his style of mixing the story line up. This is my all time favorite movie. I once heard someone say there was so much violence in the movie and so many deaths. I countered and said ""There's less than ten deaths."" You only see about seven people die and it's not gun to the head, it's like when Bruce Willis cuts the guy with the sword it's with the other's guys back to us so we don't see a whole lot, just a red line across his stomach after wards.I like what Samuel L. said about the movie. ""It's not about death, but rather redemption."" I personally think this movie is semi-religious. Well it has a lot of religious symbolism, even though there is no allegory like John Travolta, for example, is God. It's not like that. There are three main stories, seven deaths, and everyone is given a second chance to change their life."
6455,"John Travolta & Samuel L. Jackson at their best.Four stories, one great film.The small time robbers (Tim Roth & Amanda Plummer), The gangsters (John Travolta & Samuel L. Jackson), The gangsters' wife (Uma Thurman), The boxer (Bruce Willis & Ving Rhames).In my opinion Quentin Tarantino's best film.You will need to watch this movie more than once to truly appreciate just how good it is. You will see something new each time you watch it.The dialogue is natural, convincing and witty. there are so many great characters in this film it difficult to pick any one. The main characters in all four stories give excellent performances but so do the supporting characters, such as the drug dealer and his girlfriend, The shop owner and police officer, Harvey Keitel as the Wolf, Christopher Walken as Captain Koons."
240,"Better than universal, but nowhere near as good as it used to be.  Crazy expensive for what is actually provided.  Way too overcrowded for the capacity of the parks - barely impossible to move around for much of our visit, yet alone get on anything.  Staff and food were extremes of either very good or absolutely terrible (very little in between.).  Increasing changes in the parks are also dull - for example conversion of Splash Mountain to Tiana’s. Just dull, and no need to change something that was really good for something that’s average at best and spent most of the time during our visit broken down.   The shoehorning of stale movie IP into parks was also tedious.  Disney used to have imagination and use the parks as a way of creating new stories.  Now it’s all about extending the life of some pretty overused and tired franchises.   Hotel was crazy money for the quality of the room.  Transport was slow and, again, overcrowded.  Overall, Disney World isn’t what it used to be and wouldn’t be somewhere I’d rush back to again - it just isn’t worth it anymore."
7027,"The instructor was awesome.  He was easy to understand and to keep up with, but went at a good pace - he didn't go too quick nor too slow.  Additionally, the course had everything I was looking to learned and I now feel confident that when I go into Adwords, I can make some great ads."
893,"Also love Disneyland but they’re just lacking a bit of their magic at the moment. I mean the place is iconic and soooo much thought and details areIncluded into everything, but maybe the staff is dealing with a bit of post Covid handover. They’re all masked up and not as interactive with the guests as they used to be. Also numerous rides were down through out the day. It could have just been our visit and they were quick to bring back.Regardless of an average score, Disney is always a great destination to hit up."
4568,"The ancestor of time travel, the day after the imitation of the textbook. Every time You look at Zemecis's script, it's like a perfect answer to Field's play-beginning and end, how to grasp the contradictions, how to cover the details, how to control the rhythm, and how the dog is a gorgeous, flowing double setting at the climax that still looks exciting after 30 years.Although the concept of time travel is not carefully dealt with, back to the Future is a comedy about youth, imagination and growing up, while science fiction is a gorgeous coat with many echoes in it. The story about time travel has a wonderful sense of balance."
635,This course is awesome for starting out with Google Adwords! Corey has a wealth of knowledge and is great at explaining everything in detail with the focus of telling you why you should do what he recommends. I'd definitely recommend this course to anyone looking to quickly get started and up to speed on Google Adwords! Thanks Corey!!
18,"Pulp fiction is a story about the two gangsters, Vincent Vega (John Travolta) and Jules Winnfield (Samuel L. Jackson). At the same time it is about the boxer Butch Coolidge (Bruce Willis). The two separate stories get mixed up with a couple of other stories, and some people might find this confusing, but it isn't - it's brilliant! The story jumps in time, and that is why a dead guy can be alive in the next scene. The movie is driven by extremely well written dialogues, and the acting is really great performed.Either you love this movie or you hate it. Most people love it. If you hate it, see it again! I give it 8/10"
5628,"Don’t be discouraged by the line - it moves quickly! First you must pay, then get in line for the gelato. First experience so far and it was wonderful!"
3975,"It was such an amazing experience finally seeing Taylor in person after purchasing tickets well over a year ago. Her voice is truly ethereal, I would go 10 times over if I could"
4965,"What more is there to say? Visiting Disneyland has always been our childhood dream, and finally, after more than 50 years of waiting, we made it! Better late than never, right?We went on a weekday, yet it was understandably crowded. The security check and entrance process were smooth and efficient. We initially bought regular one-park tickets, but seeing the crowds, we opted to add the Lightning Pass. It was a great decision, saving us a lot of time, as we only had one day to explore.Entering the park, we noticed that the Disney Main Railroad was closed for repairs. We headed down Main Street to the Sleeping Beauty Castle and then to Fantasyland. Star Wars: Galaxy’s Edge and Adventureland were absolute highlights! We also visited the Haunted Mansion, where the Virtual Queue was a brilliant option—allowing us to enjoy other attractions while waiting for our spot.The wind was quite strong that day, making the evening pretty chilly, but thankfully, we brought our sweaters. We managed to experience many classic and fan-favorite attractions, though ""It's a Small World"" was also closed for refurbishment.We stayed until 9:30 PM, eagerly waiting for the laser light show since there was no parade or fireworks that night. Still, we enjoyed every second, fulfilling a dream we've held since childhood."
6661,"This movie is so good every piece of dialogue is gold.Tarantino pays homage to classic film making while at the same time solidifying his own place in movie history. Its a great way to build his legacy after Reservoir Dogs and just shows how much work he puts into every aspect of his craft. The jumbling plot is great as it moves back and forth in time to create a unique atmosphere within itself. The story is unique and goes through a lot of twists to keep its self fresh and ready for re watch again, again and again.I only wish it was longer, so I could stay in its rich world longer. All I have to say is thank you Tarantino."
3098,"I Went with my granddaughter and we had so much fun! We took the metro from Paris, which took us straight to EuroDisney!  It was a fun experience that I highly recommend!"
2787,"Lovely baby wash, very gentle and keeps my baby’s skin soft. The bottle design could be a bit easier to handle with one hand."
5978,"""You know what they call a Quarter Pounder with cheese in Paris?"" It's inane, but it's entertaining and it sure seems witty when they're saying it, especially when you learn that this conversation is occurring on the way to knock off a group of possibly armed drug dealers. This is the casual manner in which you would like to talk with your friends and co-workers just before the big event goes down. This is dialogue that makes you feel hip just listening to it.Forget the salvation and redemption bit, this movie is all about making you feel hip. You feel hip when you get to listen in on the clever repartee, hip when you can be titillated by the gratuitous violence but still act blasé about it, hip when the sudden time jump doesn't bother you in the least. This movie makes you feel more hip then any other which has been made in quite a long time.Look beneath the hip surface, however, and you're left with little more than violence as entertainment. Violence in movies works best when used as a necessary device to support the plot, characters, and message. Tarantino reverses this relationship, creating plot and characters purely to support an entertaining sequence of violent situations. Each act of violence has its own specific purpose - make us laugh, make us jump, make us cheer, give us a vicarious thrill - and Tarantino is extremely skilled at making this work. This is the greatest strength of ""Pulp Fiction"", but ultimately its greatest weakness as well.The out-of-sequence scene demonstrates the extent to which the creation of entertaining violence was the driving force of the production. No doubt this was originally intended to be seen in its proper sequence but had to be removed because not only does it add nothing to the plot and character development, it actually bogs things down and gets in the way. Not wanting to lose his biggest laughs, however, Tarantino simply sticks it on the end and has the added bonus of now having a non-traditional narrative simple enough to not confuse his audience but sufficient to make them feel hip for being able to ""appreciate"" it.Is being hip enough? Not to be a classic, at least not in this case. Almost any hip movie is going to be firmly rooted in its own time period, but ""Pulp Fiction"" has lost it much more quickly than others. Although very entertaining and memorable in the initial viewing, its appeal fades quickly. When the hipness is gone, there's nothing left but violence, which doesn't make for a very pleasant viewing experience. Hip classics such as ""Ocean's Eleven"" and ""Goldfinger"" stay classics because they still give us fun and adventure even after the hipness has turned to camp. ""Pulp Fiction"" just gets ugly with time. Guns, drugs, and a couple hillbillies right out of ""Deliverance"" aren't enough to make a classic film."
5747,"we are a family who is always loved Disneyland. We’ve gone every other year for a long time sometimes two years in a row. We just went and although we had a good time, it cost a ton….because we had to buy lighting passes an individual passes to get on the rides. not really sure why Disneyland takes reservations as it was incredibly crowded the whole time we were there. This is also considered a low crowd time, but there was in fact so many people. Listening to some of the people in lines I know that so many of the people were locals which I understand them reaching out to local people, but for the people like us who come from far away to go there and paid thousands of dollars to go there, it’s really sad that we are caught in such incredible crowds and unable to really enjoy our experience. It’s too bad that Disney no longer wants people to have a quality experience they seem to be focused on the quantity of people so they can make money"
3490,"Several parts to this review. Received item decently fast. Upon arrival 7-10 of the pieces were broken. Contacted seller, they immediately shipped more pieces out. Received the pieces this time with nothing damaged in shipping. Unfortunately the wrong color was shipped. Not the end of the world, contacted seller again. They apologized and sent replacement pieces as well as another product of my choosing.

EXCELLENT customer service and product. Thank you for the great light fixture!"
1167,"We went to Disneyland resort with our three kids using the park hopper. The experience was excellent,  and we utilized the park hopper to switch between the Disneyland Park and California Adventure. We loved the close proximity of our hotel to Downtown Disney and the two parks  Only a few negarive critiques from our experience.  Disneyland offers a restaurant package in which guests can receive a preferred seating ticket to view one of the evening Fantasmic show with a dinner reservation that same day. We booked dinner at River Belle Terrace. The dinner was completely overpriced for mediocre food. Rhere was zero variety of food options for kids. The plates were $55 per adult (over 12) and $30 for children.  Futher, the preferred seating was a scam. You were seated on the flithy ground to view Fantasmic,  and the fencing was a visual barrier directly in your face. This seating location was nowhere near the value for the $350 dinner bill. On the other hand, I recommend using mobile order throughout the park, and we found that Flo's Cafe at California Adventure and Alien Pizza Planet at Disneyland were good value for money especially finding food to appeal to our three kids. We took advantage of the early entry for Disneyland guests at both parks. Make sure you ask a cast member where the entry is for hotel guests, so you do not inadvertently end up in the general line. The experience at Disneyland Hotel was excellent.  We loved the pool, and our room was nice, clean, and the cleaning staff kept it tidy and stocked with towels throughout the week. The poolside food service at the pool was also excellent. Good food and friendly staff. I also utilized mobile ordering at the hotel pool which was convenient. We ate at the Goofy's Kitchen at the Disneyland hotel for a character breakfast.  We found the price to be worth the experience.  The buffet style breakfast was delicious,  with hundreds of options for food and made to order omelets. Your family will have the opportunity for a professional photo with Goofy and other characters visit your table. Staff were very helpful and friendly.  Overall,  I would stay at Disneyland Hotel again in the future.  Just beware of dining options at the park. Utilize your Disneyland app, and order food via the app to make your experience easier (especially with kids!) We did not purchase magic bands, and that worked out just fine for us."
6894,"The show was amazing!  The opened dome, lighting, pyrotechnics, wristbands, and ENEGRY made for such a fun concert!  Coldplay played a good combination of newer songs and old favorites. Chris and the band also had great interaction with the crowd. 
The venue was comfortable, clean, easy to walk to, had good food and drink options, and the staff were friendly and helpful - I  would definitely consider traveling to another concert there."
5241,"I love this film and can rewatch it every day if I can. The critiques of this film usually have a complaint about the ""scifi"" aspect of it, whether it justifies the science behind time travel or not. I would say that Back to the Future is like an extended episode of The Twilight Zone. It falls more on the adventure-comedy genre than science-fiction. Everything that's happening here taken place in a fifth dimension that is beyond science and superstition.You're traveling through another dimension, a dimension not only of sight and sound but of mind. A journey into a wondrous land whose boundaries are that of imagination."
2152,"Definitely one of the best ice creams I’ve ever tasted! Generous scoop size and the ice cream is super creamy, so yummy! Highly recommended when you are visiting Rome"
1242,"This product is great.  I'm old and I have wimpy skin. I love this product.  My skin often disagrees with products.  But,  this one is 💰. It smells nice and subtle.  It doesn't have a too. Much extra krap in it. And because I use so much the pump is extremely convenient."
2827,"This is perfect storytelling, acting... An instant classic : an homage to B movies of the golden age and very modern in his conception at the same time. Samuel Jackson plays Tarantino's screenplay like a music instrument, John Travolta seems to be back from the dead, Harvey Keitel is hilarious, Uma Thurman's part is so moving, Bruce Willis is so bad ass, Maria Medeiros so cute... Every songs of the soundtrack are unforgettable. Each frame absolutely gorgeous... Tarantino is a genius and his love for cinema explodes everywhere in this movie. With ""Wild at Heart"" by David Lynch, it's one of the greatest rock'n'roll Palme d'Or in movie history. If you haven't see it yet,how lucky you are !"
7283,"The.Coldplay Concert was one in a million. Chris, Jonny, Will and Guy performed incredibly amazing . All sounded so good . The show was definitely a performance that all should see!!!"
944,COLDPLAY IS THE BEST BAND ever!!!!! THEY GAVE US Exactly what we wanted. They put on the best show ever. I can’t wait until they come back to Atlanta again so we can see them and have another amazing night with amazing people amazing lights amazing sound amazing love.
552,"A good surprise I've been seeing this film, I had very little hope that this film came to like me, especially has a point engaging and keeps you entertained from beginning to the end without even making the slightest effort, even conversations are curious and entertaining, Tarantino is a director very category by works of cult like Pulp Fiction and Kill Bill insuperable. The actors in this film are especially great among all make a perfect union that raise my score.The performances are quite correct, in my opinion highlighting the Uma Thurman, a pretty violent movie and too strong at times, is one of those films that scare even without cause tension and leaves you the willies at times. One of the things that also seemed luxury have been the musical interventions that appear, especially in which Uma Thurman dancing with John Travolta, that scene is epic, music can not be better because stick with the film, despite if not my genre I've been pleasantly surprised, just have errors, almost perfect, is not the kind of film that I usually fix although I have done and I am delighted for movie lovers this noventera wonder can not pass unnoticed."
1579,Maybe i saw the whole triolg 100 times !!!!! One of the best triolgys ever
2850,"I dont have any words, this is just a masterpiece of cinema, when i see this movie for the first time i love it and every time i see it is even better and better and better...."
7404,"It's a teenage movie, it's a comedy, it's a science fiction adventure... and there's nothing better.Back to the Future is a smart inventive all-time masterpiece and I have never known any other movie that I have seen that I have watched over and over again and again, that's how much I love this movie. The cast and their chemistry on screen are unforgettable: Michael J. Fox as Marty McFly is an energetic teenager with a passion for music and someone who does not want you to call ""chicken"".Christopher Lloyd as Dr. Emmett Brown is a scientist who wants to invent something unique that works and to change the world. With his new invention of time travel that he made out of a DeLorean. Christopher Lloyd's performance was not nominated for an Oscar because his performance was the most fascinating part of the movie and one of the most interesting performances in a movie that I've seen in a long while. More praise goes to Chrispin Glover's performance as George McFly. He was my favourite part of the movie, especially the two scenes where he tries to woo Lorraine Baines and says ""I'm your density"" one of my favourite movie quotes. The moment in the film (SPOILERS just in case you haven't seen it yet) where he stands up to Biff surprised me and showed me that he could stand up for himself and the woman he loves. Lea Thompson was fantastic as well as Lorraine Baines.Back to the Future was something that surprised me because I never knew now how much I would love it. I don't know if I've ever felt this good about a movie in a long time since I first watched Jaws or Whiplash.10/10"
7223,"This app is really good I really enjoy being able to watch my favorite Netflix shows no matter where I am. How ever I have not been able to find some of my favorite shows that I just took a little break from and so far I’m going towards the conclusion that they took it off Netflix, so pls stop taking shows off of Netflix because some of the shows don’t have the full episodes on YouTube and then some of the shows are in apps that I don’t have or have to pay for. If you do travel a lot though or even if you just want to watch Netflix a lot like me then this is a great app for you. Also sometimes the app glitches and just closes all of the sudden in the middle of me watching Ching my show or something and it has done that a few times and it’s really annoying when it just keeps doing it."
4192,"Pulp Fiction is without a doubt Quentin Tarantino's best work. The film is a long, violent parody of the gangster genre with some excellent performances. The dialog is very profane with countless F- words. It also sounds very geeky at times. However, its razor-sharp, slyly self-aware and frequently very funny. There are multiple story lines which intersect, and the screenplay won a richly deserved Oscar. Samuel L. Jackson is in tremendous form and has a memorable speech. Travolta, Bruce Willis and Uma Thurman are all good. The film remains engrossing throughout and is highly recommended.Overall 10/10"
4737,"Its not my all time favorite film, but man this is am awesome film for sure. Let's start off with the best thing about this film, the writing. The writing is fantastically well done. Every character has a unique style and it makes them all a whole lot more memorable. The comedy is on point, each bit of comedy is done perfectly hilariously. The action although not a lot is great. Its very bloody and over the top. The basic violence of Tarantino and it is awesomely brutal. The set's are done perfectly too. The 50s diner is amazing to look at. The entire film is done with such a unique style to any film I have ever seen. Overall its a must watch film and I highly recommend this film to everyone who hasn't seen it."
5947,"Back To The Future is one of those films that is universally loved and is one of the most referenced contemporary films of all time. Has there been any other time travel film that has created such an impact as this film? Not that I have seen, but it is arguable as I have not seen many time traveling films.Back To The Future is written by Robert Zemeckis and Bob Gale. I am just get this out of the way and say that both are not the greatest of writers but they did have created an a concept that is so ambitious and at the same time so accessible that it is hard to not appreciate their writing contributions. Back To The Future's premise is the reason we watch this film and it's the reason that we keep getting hooked to it. Back To The Future's plot is ambitious, at times too ambitious that certain plot holes may be present in relation to the impact of Marty's influence, and the film also has an abundance of humor scattered throughout the film. The humor is one of the main reason that the film is so accessible and beloved, the jokes can be related to both the younger generation and the previous generation even if either generation is from the 50-80s era. The story of just having Marty's mother be infatuated with him, and lightly touches on Freud's Oedipal Complex, is hilarious and ridiculous that it still has it's effect with every viewing. Back To The Future also manages to create the most unique of friendships, a high school student and a slightly off scientist, because these characters are so well written that I didn't really mind the unbelievability of their friendship. Both writers have created a protagonist that is very close to a real teenager during the 80's and made him so appealing that every adolescent males want to be him and all teenage girls want him.Robert Zemeckis now is regarded as one of the greatest contemporary directors and Back To The Future is one of the reasons why that is so. Zemeckis was able to execute a film that has such an ambitious plot while maintaining a campy coming of age tone that can appeal to a multi-generational audience. Back To The Future and Romancing The Stone definitely made Zemeckis an important director and those become a stepping stone for him to create films with more artistic license. Back To The Future was able to create this sense of nostalgia and walk a tightrope between two generations of adolescence. Zemeckis was able to project that ability to recreate a time of adolescent youth that is relatable and fueled by references that defined that time period; Zemeckis has definitely created something that was similar to what George Lucas did for American Graffiti.Dean Cundey started off as a cinematographer of the most popular Horror films of all time, including Halloween and The Thing. After working with Zemeckis on Romancing With The Stone, he did a complete turn around working in much more light-hearted and optimistic films. Cundey did a decent job here and was able to juxtapose two different looks for the film, the dark and dirty look for the 80s and the warm and colorful look of the 50's. Cundey's photography isn't as in your face with nostalgia, like The Godfather, as it consistently takes a more contemporary style throughout the film. Cundey shoots this film to serve the plot and maintaining that accessibility and light hearted tone that Zemeckis wanted instead of drawing attention to itself. The cinematography for this film may not be as loved as the film's writing or musical score but Cundey doesn't slouch with this film.Alan Silvestri was brought in to compose the score for Back To The Future and what a wonderful job he has done here. Silvestri's score here is one of the most memorable film scores that competes with other films like Star Wars and Indiana Jones. It has the ability to stick under your skin and will have you bobbing your head when it comes on. Huey Lewis' ""Power of Love"" is so catchy that it just stands out and had me singing the lyrics every time it comes on. The song is able to blend in with Silvestri's score which prevents me from drawing too much attention to it and feeling like it's out of place.Michael J. Fox is the star of this film, embodying this character who is a product of a rebellious and erratic generation. Fox brings personality to McFly by acting like how cool teenage adolescents were like in his time period. When he is sent back in time, Fox was able to portray this fish out of water kind of personality and emotion that makes his entrapment believable. Christopher Lloyd plays the slightly intense scientist who has created time traveling. Lloyd definitely has given such a memorable performance and nobody else was able to capture his performance in any other film. Lloyd was able to balance humor and the seriousness with such flourish that he was to place weight in the story of the scene. Lea Thompson and Crispin Glover play Marty's parents and both do a very good job and was able to embody both their young and older self, though at times Glover at the start of the film was quite over the top and had me cringing a couple of times. Thomas F. Wilson was good as a cliché looking bully ""Biff"". He was able to give off this toughness quality that is able to make the McFly's feel inferior.Back To The Future by now is regarded as a classic and I can see why. This film will appeal to every generation and it's legacy will continue to grow as time passes. Back To The Future is still Zemeckis' best film and will forever remain as a timeless piece of cinema."
5838,"We had the best time at DisneyLand. The parades, the rides, the characters, everything was awesome and my 6 year old niece loved it.They were also really accommodating to disabilities which made the day so much easier."
81,Soooooooo good! What a wonderful event. It was so amazing to see Taylor! The ticket process was easy. I was one of the fortunate ones to get the code. I do not like the scammers and scalpers however. Selling tickets for thousands of dollars is ridiculous.
2619,"Super amazing app with full free version. It has helped me and my team to meet project and tasks deadlines, even exceed expectation... Keep improving, you've got this💪⭐🌟🌟⭐🌟✨"
1931,Coldplay was fantastic when they were on stage & loved how they moved around so more people saw them. It was a super long day tho as we were told to get there by 4:30p. So we got there by 4p and they came out abt 9p and played for less than 2 hrs. I think after waiting so long it would have been nice if they played a lil longer. However the songs they performed were great and overall it was a wonderful day!
3452,"Would it be too much to say Tarantino re-invented the cinema with this film? I can only speak for myself, but I had never seen anything as cleverly constructed, well written and electrifying as this milestone. You can tell - especially in gangster films - they never looked quite the same after 'Pulp Fiction'. Probably the most influential film of the last 20 years, it's got simply everything: amazing performances (especially Sam Jackson); it features some of the most quotable dialogue ever written; it has arguably one of the best non-original soundtracks ever - it's such a crazy, cool, fun ride that you feel stoned/dizzy/drunk after watching it eachtime. Despite originally thinking it was slightly overhyped, seeing it again and again has brought me to realise what it is. It's 'Pulp Fiction' and it's amazing."
5539,"This was a great idea for a movie! I really enjoyed watching it and it was amazing, I recommend anyone to watch Back to the Future as it is very fun and interesting."
2925,"I have loved this movie since it release and watch it at least 3/4 times a year. It never gets old Michael J Fox is amazing, Having a great baddie in Biff always elevates the star. Christopher Lloyd is fantastic as the Doc. The whole cast is picked to perfection. A pop culture classic that never ages for me."
2749,"""Back to the Future"" may be the most entertaining movie ever made. It hits on all cylinders. It's funny, romantic, emotional and very, very exciting. The last half hour or so is edge-of-your-seat stuff. The cast is perfect. They all deliver solid performances, especially Christopher Lloyd. Lloyd hits the ball out of the park. ""Back to the Future"" is as enjoyable now as when it came out. ( I saw it in the theater at MovieWorld in Douglaston, NY.) It truly is a movie that never gets old. Honorable mention: Alan Silvestri's music."
2077,Excellent hospitable staff members who helped me with tickets 🎟 as I missed my dates  and were kind enough to swap the dates.
6634,"It's no wonder that fans spend so much time debating what was in the suitcase, reading far more into the story than Tarantino probably intended. The film is so intricately structured, with so many astonishing details, many of which you won't pick up on the first viewing, that it seems to cry out for some deeper explanation. But there is no deeper explanation. ""Pulp Fiction,"" is, as the title indicates, purely an exercise in technique and style, albeit a brilliant and layered one. Containing numerous references to other films, it is like a great work of abstract art, or ""art about art."" It has all the characteristics we associate with great movies: fine writing, first-rate acting, unforgettable characters, and one of the most well-constructed narratives I've ever seen in a film. But to what end? The self-contained story does not seem to have bearing on anything but itself.The movie becomes a bit easier to understand once you realize that it's essentially a black comedy dressed up as a crime drama. Each of the three main story threads begins with a situation that could easily form the subplot of any standard gangster movie. But something always goes wrong, some small unexpected accident that causes the whole situation to come tumbling down, leading the increasingly desperate characters to absurd measures. Tarantino's originality stems from his ability to focus on small details and follow them where they lead, even if they move the story away from conventional plot developments."
3985,"The concert was great, but traffic getting to the venue was a DISASTER. There were no traffic police and  I guess the parking attendants decided to start letting everyone in at the last minute because whatever they were doing wasn’t helping the flow of traffic. Basically, I stayed 5 minutes from the venue and it took me 45 minutes to get to fedex field because of stand still traffic. So I missed 45 minutes of the show. The LED bracelets were great but I wish they would’ve worked for every song."
6626,"Loved it, a bit too long walk to parks from hotel but it is fine. Amazing rollercoasters and attractions , my favorite was toer of terror or something like that.  Workers really bring that disney magic vibe.  Everywhere is super clean, gardens beautiful. I have so many good pictures and feelings from that place. I highly recommend, but make sure to choose right time to come as some attractions can be under maintance. I have been there 2 times from another country."
2123,"A complete masterpiece coming from the great Quentin Tarantino. Both the dialogues and the plot is amazingly interesting and well-written. Near-perfect performances from almost every actor (even brett is fabulous), arguably the best original screenplay ever written and great directing performance by tarantino. Simply a superb film that everyone must watch at least once in their lives."
5088,We spent the day at Mickey's kingdom! It was a magical moment despite the crowds. My girlfriend loved it! We'll be back if we ever come back to Paris.
1244,"I’ve been to many live shows and I really feel this band puts a lot of effort into showing gratitude and appreciation for the audience.

Not only do they include the audience and involve them but put on an amazing light show by giving every person who had a ticket an LED wristband, dimming all the lights and then controlling an entire light show through the entire audience which include multiple colors different flashing series of light waves across the stadium even drawing shapes.

They also had amazing backdrop on their monitors and fireworks and fire on the stage.

They changed outfits several times were costumes and even allowed someone to come up and propose during the show.

It was my first time seeing Coldplay, and I would have no problem getting tickets to see another show when it was local again"
2220,"So I will say - having not gone to a Disney park in about 25-30 years - I was really looking forward to this. What Disney does which is different from the other amusement parks is how well it integrates all their characters and elments into the whole experience. Most of the lines are very well designed at Disney parks, with a lot of interesting easter eggs and things to see and discover while waiting in line, which does make things more bearable when you are in there. The thought that goes into the design of these parks is really cool. The rides are less ""thrilling"" than other places such as Cedar Point, or Canada's Wonderland, but the whole experience is more interesting and fun. Star Wars: Rise of the Resistance is one of the best experiences I have had at an amusement park.My biggest complaint is the price gouging on literally everything - it is very unfortunate that everything is prohibitively expensive for most people, and it seems as though there are lots of people that have saved up relentlessly to be able to afford things like this. The food, the water, the merch, snacks, pictures - everything was very pricey, and not of the quality you would expect from a place like this. However, I would say that given the design of the park and all the cool things to see, this is definitely worth going to!"
3106,"THANKYOU FOR THIS LECHURE, HONESTLY ITS PRETTY SIMPLE TO UNDERSTAND THE VIDEOS AND BEST FOR WHO DOESN,T KNOW ANYTHING"
1524,"Yes it is very expensive, to get it, to eat, to drink, to buy anything is crazy money but if you plan your day well it can still be magical. Look tbh we only came for Galaxys Edge but managed to get a good feel of what is still a realtively small place so easy to get around. Arrived 830 due to traffic but parked easy and on the tram in minutes. Had planned to use the monorail but messed that up but it was no issue. Through the gates and both Star Tours and HyperSpace Mountain done by 930. It was season of the force so all Star Wars themed which was great. Up to Batuu and onto the Falcon for 2 rides, and some photos infront of the fast hunk of junk.Now the queues were starting to build so out with the Genie + and a ride booked for between 12 and 1 whilst we headed to ROTR which has no lightning lane unless you pay $20 each. In good news the ride broke so we got a lighting lane for post lunch.Talking of lunch we got a package at the Plaza which gave a pass to the reserved viewing area for the parade which made Mrs D very happy. It was pricey, go back to first paragraph. But the chance to sit down for as long as we needed to eat, rest, drink and plan was well worth it. Genie + then said ROTR was back on so we headed up there and once again when we got to the front of the queue the ride broke again (it does break down a lot) so back on Genie + to get another ride in before the parade started 5.30.Parade done and whilst watching it use Genie + to book Big Thunder Mountain and that was then done before a walk back north to Toon Town where both Mickeys Runaway Railway and Roger Rabbit were both not open, these rides seem to break down alot these days.Wait for a bit, give up and back to Star Wars land for 2 rides on Rise of the Resistance. WOW WOW WOW worth the entrance fee alone. Ivy built a lightsaber for $250 and I had a Ronto Wrap and time for the fireworks above the spires which is something for Season of the Force which runs for a few months.Post fireworks the park sort of gets a bit messed up, with paths closed and people walking towards each other, with hindisght should have layed low for a bit longer. Bit of merchadise shopping and then a quick ride on Indianan Jones on a Genie + booking made whilst in Battu.Right so the positives, lovely and clean, small park but feels big so easy to get around. Never felt too busy, might have got lucky on a weekday post spring break. And Genie + does work if used rights, also remember you get free ride photos, not that many of them do that sort of thing these days which is a shame. And making a big point for time out twice helped get through a 15 hour day, remember we were only there for 1 day so had to make it count.Negatives are cost, not surpried now that the whole of the USA seems to have doubled in price for most things, but how can most people afford to come here. Also how often the rides break down especially ROTR is not on, it wasted a couple of hours of our time due to this. Battu is not that great, a big shop for Star Wars merchandise with 2 brilliant rides. Hardly see any sequel chracters and when you do they don't stop for photos, and original trilogy fans like me want to see more of our guys not just the First Order. Harry Potter at Universal edges Galaxys Edge IMO.   Also why is there not much if any GALAXY EDGE merchandise on sale here, I want to wear something in the UK that people know I went to Batuu, and not some generic star wars item. All we found was a lanyard, and some pins and magnets but I think Disney needs to stock up on specific black spire stuff. If they had I would have spent more. I even took a walk to the Star Wars shop in Downtown Disney to check I had not missed any merch but they had the usual stuff found in the park too.Would have liked to have had done the Mark twain boat, Disney Railroad and looked at a bit more on Main Street, but ran out of time that I might have had not waiting for rides that broke down too often. It is good, not magic or anything like that. The people who think that are living on past good times that might be there but not at this price with these crowds. it is well worth a visit, Genie + essential and I am glad we went just to tick off the Star Wars stuff which was an important part of our trip to the US that was delayed from 2020."
6654,"Best concert ever!!! We all LOVE COLDPLAY Everything...the stage, the songs, the attitude, the feeling, the lights, the production, the atmosphere....A1"
2535,"I love all of Tarantino's films. Pulp Fiction has the right mix of comedy,dialogue,and violence that I have never seen. This film is only behind Kill Bill Vol.2 on my favorites list and it has changed the way I view film. I am glad that I heard about this film and decided to watch it one day. The great performances in the film will live on forever. This film will never be matched and the genius of Tarantino indelibly etched into history. I will always be watching for his next great hit because Tarantino always keeps you at the edge of your seat. The engrossing stories he comes up with always keep me excited. I always watch them when they come on and I never get bored. I do not know if I can say that with any other movies."
4546,"Everything was amazing besides the long lines for merch(given the artist it was understandable) however after waiting almost 3 hours, almost all of the merch was sold out but there were people who had purchased multiple pieces of the same item preventing others from being able to buy merchandise"
66,"Pulp Fiction is a movie crowded with turnarounds where the timeline doesn't follow the traditional scripts in Hollywood movies. Quentin Tarantino's creative writing is acid, sarcastic and irreverent. One of the best of his generation.
Pulp Fiction - A must-see movie."
1647,"I started using Calm 3 years ago during one of the lowest points in my life. What a difference it has made for me!
The sleep stories are amazingly beautiful and effective, the guided meditations perfect for beginners or seasoned meditators and the inspirational bits just what I need when I’m feeling down. 
My favorite is the Daily Trip with Jeff. Love all his series, especially the beginner ones. He literally teaches the fundamentals of meditation in such an easy and unpretentious way. 
I am very grateful to all the creators and contributors behind this app."
3777,"Perfect movie, I'm celebrating my 100th time watching Pulp Fiction, Best dialogue ever written and said on the screen, this movie inspired generations to do movies, I really love this movie, QT is a Master, all the acting was great."
5843,Classic toys & Lego is great…. But this is what the box looks like. My kid saw it on our porch & it blew his bday surprise. Yayyy
1907,"Me and my partner came here for 5 nights and stayed in the Newport bay hotel this hotel was lovely the room was Clean and big, we had a few issues with the bath not really holding the water properly and house keeping not changing the bed unless reminded too but we quickly got this sorted by speaking to reception, the park it’s self was good aswell lots of shops for all the merch we found different things in the shops so not all the same stuff everywhere the only slight issue we had was the food quality obviously we know this is a Disney theme park and the food wouldn’t be cheap but that wasn’t the issue the quality was not great in cowboy cook out and pym kitchen, however Walt’s, plaza gardens and remys were great overall the park was busy however does get quieter in the mornings and evenings"
4094,"As a parent who appreciates the value of open-ended play and creativity in education, the LEGO Classic Large Creative Brick Box 10698 has truly exceeded my expectations. This building toy set is not only an excellent choice for back-to-school fun, but it's also a powerful tool that fosters imagination, problem-solving, and fine motor skills in children.Pros:Abundance of Pieces: This set is a treasure trove of LEGO bricks in various shapes, sizes, and colors. With over 790 pieces, the creative possibilities are virtually limitless.Open-Ended Play: The LEGO Classic Large Creative Brick Box encourages kids to explore their imagination and build whatever they can dream up. There are no strict instructions, allowing children to create their own unique designs and stories.STEM Learning: Through building and playing, kids naturally develop spatial awareness, problem-solving skills, and fine motor control. This set seamlessly integrates learning into playtime.Versatility: The included pieces can be used to build structures, vehicles, animals, and more. The diverse selection of bricks ensures that kids can bring a wide range of ideas to life.Parent-Child Bonding: Building with LEGO is an activity that can be enjoyed together as a family. It provides quality bonding time and a chance for parents to engage with their children's creative endeavors."
6700,"We had the best time at Disneyland and created such amazing family memories that will be treasured forever! We went during Spring break and wow, it was busy. We purchased a 5 day ticket with Genie plus. We loved every minute of our time at Disney and Doug at the Matterhorn made our trip extra special. My advice is enjoy the experience, hug your family, friends, buy the ears, laugh a lot, get there when the park opens, sit down and rest during the day to take in the atmosphere, stay for the fireworks, bring a jacket, you will get wet on the grizzly rapids and have the best time!"
3318,"I recently got the Apple AirTag for my pup, and it’s been a total game changer! It’s super easy to attach to her collar, and the setup was quick and straightforward through the Find My app. Now, I can always track her location with just a few taps on my phone—whether she’s in the backyard or on a walk. The precision is surprisingly spot-on, and I love how it gives me peace of mind knowing I can locate her if she ever gets out of sight. The battery life is great, and the AirTag is small and lightweight, so it doesn’t bother her at all. If you’re looking for a reliable way to keep tabs on your furry friend, I highly recommend this! It’s a must-have for pet owners."
3423,"Regardless of what great actors and actresses were in this movie, I found it to be very repulsive.  The dungeon scene was something that should have been shown on Mississippi burning only they had the decency not to go there. All in all this movie was difficult to follow and I consider myself an intelligent person.  Violence and filthy language taken to an extreme is how I would characterize this one."
3554,"What makes a good comedy movie? Just lots of dumb, pointless humor and no real plot. But what makes a good movie? A film with every feature containing quality, even the humor. So to have a really good comedy movie, at least in my opinion, it has to have EFFECTIVE humor WITH a point behind it, mixed with a good plot, good acting, storyline, and have a realistic feeling behind it. In other words, the humor must be something believable and of the possible. And it must all blend seamlessly with the rest of the quality parts of the film. And we get all of that in Robert Zemeckis's classic science fiction/comedy film ""Back to the Future"". This is the kind of comedy film that I wish we would see more often. It's like ""Forrest Gump"", it takes a realistic approach to life and then just blends it with the humor so that the audience doesn't concentrate so much on just laughing, but also understanding the plot and characters just as they would with a serious film. And as soon as they're done laughing at the lifelike jokes, then they focus back on the rest of the film.One thing I notice about a lot of comedy films that teenagers in particular seem to cherish and love is that the humor is crude and oftentimes, disturbing. And I suppose that if ""Back to the Future"" was made for teenagers alone, then the humor would be exactly the same. In this film, there is a subplot which some might think would end up being just disturbing and agitating to the audience. But when you look at it, it's not at all uncomfortable to the viewers, but instead works out effectively by not concentrating so much on just getting an uproar out of people. Of course, there is lots of jokes in the movie, mostly because of comedian Christopher Lloyd, who is at his top notch in ""Back to the Future"" as well as ""Back to the Future 2"". Not as much in the third part of the series. But he is especially keen in the first entry of the famous trilogy. And once again, his character of Dr. Emmett Brown is goofy and funny, but also has the traits where if you bumped into a person like this on the street, you wouldn't just sit back and laugh like he was just a dumb comedy feature. The character seems like he could be a real person.""Back to the Future"" is a very great film. Not just as a comedy, but also as a science-fiction film. The explanations of the time machine aren't just thrown together as they are with many films. The time machine isn't just 'created' by the scientist and not explained how it works our what it takes. There is a fairly logical explanation, and maybe a theory, as to how time travel could be possible but it doesn't so so into depth to the point where only professors would understand what's going on. That's the thing about this film. Nothing just happens. There's an explanation and a point for everything. And that's what I like to see in all films. Whether they're serious of just plain funny. Or both."
3886,"Good, but not worth the price or the wait. There's much better gelato out away from the city center a bit. Try Scialla Gelateria Artigianale - best gelato of all the half dozen places we tried in Rome!"
1901,This course is Top notch and I highly recommend this course to anyone out there hoping to become a top 1% digital marketer
660,"Not only is Back To The Future my personal favourite film, it would surely rank as one of the best family films of all-time, if not the best. The combination of a wonderfully creative story, perfect casting, great comic delivery and an incredible ending make for an astounding piece of cinema.As with all time-travel stories, there are some serious flaws of logic that you can't help notice (how did they know the lightning would strike at dead-on 11:04 and not in any of the other 59 seconds of that particular minute?). But these glitches are minor and are thoroughly overridden by the exhilarating story.Christopher Lloyd and Michael J Fox are the heart and soul of this film and these two men turn in performances that will forever be remembered by everyone who loves Back To The Future."
3998,Had a wonderful trip. Parks were a little busy but got to do everything ew wanted to do. Stayed at Pop Century (our favorite resort).Stayed away from spending crazy money making dinner and lunch reservations and just did quik service. Food was stellar almost everywhere we tried.
1370,"Tarantino, you genius! If you loved Reservoir Dogs, prepare to have a new favourite film! Quentin Tarantino blows us all away once again with 1994's ""Pulp Fiction"" with Oscar nominees Samuel L Jackson, Uma Thurman and John Travolta. Despite the scenes being in a mixed up time order, this is one every college student should have in their DVD collection. There are some scenes in which you can't help but laugh, even though a serious point in the film. I won't name any right now, because this is a SPOILER FREE REVIEW, PEOPLE! COME ON! But anyway, Pulp Fiction is sure to have you dying for more! The only thing I have wrong with this movie is Jules' Bible passage, which (despite being FRICKING BRILLIANT) does not appear in the Bible. But that doesn't matter, it's a brilliant film!"
2910,"Just kidding! It is one of the best films ever made. Lea Thompson was so hot. I would ""park"" with her anyday of the week, and twice on Sundays. Doc Brown is hypocritical about knowing too much about one's own future. It is weird that Marty McFly (presumably a minor in high school) is friends with a single old man scientist. Crispin Glover is probably the best part of the movie. That dude is ultra strange! I want to see the Eric Stolz version of the film. He apparently was Marty originally and filmed a lot of the movie before he was replaced by poor Parkinson poster-boy Michael J. Fox. Truly sad what happened to Fox in real life. He was a rising star and could have done a lot more with his career. But, such is life. 88 miles per hour!"
4130,"The outrageously funny dialogue of this movie is what really drives it. Quentin Tarantino writes some of the most entertaining dialogue there is to write between two characters. Despite its over two and a half hours long run-time, Pulp fiction does not drag in the slightest as it is basically multiple exhilarating movies rolled into one with an all-star cast that perfectly fits in Tarantino's zany universe. You actually are left wanting for more as the end credits begin to roll. Even after watching the movie more than a dozen times, I still can't remember what scene comes next. However, It's non-linear narrative structure isn't what makes Pulp Fiction a near masterpiece, its true strength comes from the excitingly fresh characters and the crazy events that take place in the film. And of course, the quirky-smart dialogue. The characters in the movie are always talking yet always so interesting. You never really think you'd enjoy a movie about the lives of two mob hit men, a boxer, a gangster's wife, and a pair of diner bandits, it all just feels so random, yet it intertwines so brilliantly. I love it. Undoubtedly, one of the most quotable movies ever and most certainly my favourite movie of all time.So, Pulp Fiction, 10/10? Correctamundo."
4843,"Gave as a gift! Worth the hype, quality is superb! Easy to travel mug, color as described, easy to clean, can keep water cool or warm up to described length of hours."
812,"Second trip here (been here in 2018 before all hell broke loose in 2020). This time to celebrate my birthday. Parks are excellent. Stayed at Pop Century - Skyliners were the best. Went to Hollywood Studios for the first time.Three complaints, though. Since COVID-19 and Bob Chapek’s bad business practices (he’s canned now, thank God!), there has been some changes that I do not agree with, and one thing my mom has been complaining about is the Genie system. The system is broken: it costs money for Genie+, unlike the old FastPass+ system; you don’t get to select rides way in advance, like before you check-in; and Lightning Lane books out way too easily, making you wait in the Standby Lane for almost an hour or more! They really need to reinstate the old FastPass+ system - it’s much easier!Also, another complaint that really doesn’t affect me (we drove from Alabama), but gives other people hell: booking flights with Walt Disney Travel Company directly, and the Magical Express. Those two got the axe by Chapek (another one of his bad business practices). I really wish those two can come back, because it makes it convenient for people who just want everything in one package. Maybe even resort luggage delivery and resort airline check-in (the old vendor, Bags, went bust so I think it’s time for Disney to start providing luggage delivery and resort airline check-in on their own to replace Bags)? I hope so. It would be very convenient for those who don’t want to haul luggage on their own. I highly doubt the new Magical Express service will be complementary unlike the old one, though.My final complaint: package pickup at resorts. This really needs to come back. I went on planDisney and asked about it, and their answer seemed very promising, but I do hope it comes back for the next time I visit the resort again. If Disney can afford to bring back resort package pickup again, they can certainly bring back Magical Express and start their own airport luggage service to go with it as well.Other than those complaints, the resort is great! Got lots of birthday wishes, and the restaurants I went to even acknowledged my birthday with special desserts. You gotta love Disney! They care about their guests!"
5614,"It's the best movie I've ever seen.Pulp Fiction made my believe to the chance stronger.It really exists,I mean luck.The screenplay is wonderful,dialogs are interesting and the characters are understandable.Tarantino's made a miracle that will never be forgotten.Pulp Fiction's incredible dialogs and great acts and informal story,made me not to move until the end.Mr.Director and his movie changed my idea about all the movies I watched after that.There's a dialog throughout the movie from the Holy Bible:""And I will strike down upon thee with the great vengeance and furious anger those who attempt to poison and destroy my brothers.And you will know my name is the Lord when I lay my vengeance upon thee.""It may be about me.At first I suspected him and I wanted to poison and destroy his brothers!But he really did it!He revenged me and after he got finished I really felt damned and crushed.I thought Pulp Fiction is not a good one to spend your time and watch it.But it actually cost. I'm sure it was one of the movies that its beginning was the end of it.Or in better language,it was one of the first postmodern movies.Take it easy. How can your luck be bad?This movie has lots of bad chances.Your boss's wife overdoses and is dying on you and this thing must be unknown.What will you do?You get out of the toilet and see your enemy is standing right at opposite of you and wants to kill you with your own gun.Or you're talking to your friend and he's sitting at the car's behind seat.You look at him during the talk and your pistol's in your hand,suddenly your gun takes the shot by itself.You haven't shot the legs,hands,or even the chest;You've shot straight at your friend's head!And when you wake up,you've taken s--t in the car and it's full of blood and skull pieces.What will you do to hide from the cops?There are many things like this.Well it's great.Enjoy the acts and screenplay.Some dialogs are so funny some are about bad things.Pulp Fiction is a real pulp fiction.PULP FICTION IS THE LORD."
6616,My great granddaughter loved this Lego set. She and her grandpa played with it for a long time.It was a birthday present for her 5th birthday..
1231,"A properly weighed mix of blockbuster filmmaking & quality storytelling, Back to the Future is pure sci-fi delight that's as intelligent as it is entertaining and makes for one of the most fun, creative & adventurous examples of time travel subgenre. Featuring a lively concept, filled with interesting characters & packing no shortage of thrills, it remains one of the defining works of 1980s Hollywood cinema.Co-written & directed by Robert Zemeckis, there is hardly any wasted scene in this picture as it quickly acquaints us with its story setup, and establishes its tone with an instantly captivating opening segment that bears similarity to Spielberg's style. Every moment is accounted for, no residue is left behind, and once the main story kicks in, Zemeckis makes sure the momentum is never lost and keeps the interest alive till the end.The writing is no slouch, for it makes sure the plot is constructed in a way so that every action only develop the arcs of characters involved without deviating from course, compromising with its entertainment factor or slowing down its 88 miles pace. Further assistance comes from its era-appropriate sets, kinetic camerawork, consistent dose of action, excellent wit, breezy narrative flow, exciting score & fab inputs from Michael J. Fox & Christopher Lloyd.Overall, Back to the Future simply takes its conventional setting & straightforward premise, refines each little detail as meticulously as it can, and never loses sight of its primary goal, which is to take its viewers on a highly enjoyable & incredibly fun roller-coaster ride. There are several shortcuts it could've taken but it doesn't, plus Zemeckis' commitment to improving every scene to the very best of his ability is a reason why it continues to impress even today. Strongly recommended."
1780,"This course is a great start for beginners delving into web development, as it encompasses a wide range of tools with just enough information and practical knowledge to keep you engaged and learning and not be intimidated and run away."
2918,"Sometimes after seeing a lot of good movies people want to watch something undefined and different,but it does not necessarily mean that the movie is good.When the theme song is the best part of the movie you surely can understand the quality.Sometimes ranking and charts do not show the real picture,this movie does not have a good story,a good screenplay or good dialogues but still it is in the top 10.But believe me this movie can neither give you entertainment nor any sense of understanding.Yeah i agree the movie is not boring,but it is not enjoyable either.Movies like shawshank redemption,godfather or lord of the rings,all of them has a magic-feature.Sometimes it is screenplay(Shawshank redemption) sometimes its dialogue(Godfather) sometimes it is the story (The lord of the rings) .But all of them had the important feature called continuity.I think it is a very important quality of a movie to keep it's continuity.This movie is divided into four parts which actually made the movie look like a comedy-puppet dance just with humans(Because the parts do not define one-another). The most embarrassing thing about this movie is after watching it you will think who is the fool yourself or the writer and directer.Yes this movie is different but not always Difference make something great at least in motion pictures at least.Whatever this is a must see movie for all because you can differentiate the better movies after watching it."
6573,"Maybe the best show we’ve ever seen for lighting, fireworks, lasers etc.  Musically, the band didn’t fail to deliver an exceptional performance.  Overall, one of the top 10 best shows we’ve ever seen and we’ve seen an incredible number of shows."
3997,"It's definitely worth it to buy this course. Specially i was struggling one of the important topics in programming API that Angela deep dive into this field. She taught both frontend and backend topics detailed, subtitle is clear. Teaching process is fun, Angela's advertisement is valuable at the end of each section and keep motivate me. I highly recommend this course to new beginners."
2446,"what an absolute banger of a show.  even the $20 tickets wayyyyy up and to the side were an awesome experience.  it was like a giant stadium-sized party.  Chris Martin is adorable, Bruce Springsteen was the best possible surprise and I will never shut up about this."
4066,"The concert was absolutely amazing.  I bought tickets to take my nephew.  I didn't consider myself a Swiftie but liked some of her songs.  I was blown away by the entire production and Taylor Swift.  We were fortunate to have Gracie Abrams as an opener.  Then during the surprise song, Taylor pulled Sabrina Carpenter on stage.  Everyone went wild.  I have to say Swifties are the kindest people.  The entire concert weekend was a blast!"
6705,Getting to see the ERAS Tour on the last night was the greatest experience of my life. I just can’t believe how lucky I am to have gotten tickets. I would 100/10 recommend seeing Taylor in concert! She’s amazing!!
4827,"wow. how do i put my opinions of this film into words. it is my favourite movie purely cos its fun, entertaining, understandable but with a bit of a mind tester the first time u see the trilogy but it has the certain spark many other movies don't. michael j fox became my fav actor after this movie. even tho i was only 8 when i first saw it. its the only movie that i can watch over and over again without getting bored. this is a timeless classic with comedy, science fiction, action, special effects and adventure all packed into one. this is an almost perfect movie even tho i cant see what could be improved. but nothing is perfect is it. this is very close. I'm pretty sure everyone has seen it but if not. get out there and watch this. it will blow u away. it is absolutely outstanding cinema"
3111,Top concert for Coldplay fan. A bit challenging with the sound from time to time. But overall a great show. I am so happy that I could join the concert👍😃
2112,Quite literally the best concert I have ever Attended!  The band was energetic and put their all into the entire show.  Great interaction with the fans and the passion they give make the show!  Mercedes Benz Stadium was a great venue to attend!  Very clean and the most polite and accommodating staff!  I would repeat this night anytime!
5886,"Excellent project management app, the free account offers more than enough options for personal use."
6800,"To me this movie has it all, a great premise, a clever script, and a wonderful storyteller in Tarantino. The acting is superb, but truly it didn't even need to be all that great. With so many lines which will be repeated long after you see this movie, it is pretty much an instant classic.I've seen Pulp Fiction more times than I can count (Probably about 50) and it's the only film that I can still get joy out of after seeing it that many times. I was terribly confused as to what transpired the first time I saw it, but then after a few more viewings I began to realize the genius in this film isn't that Tarantino makes the viewer understand the film, he makes the viewer love it. From the ""Big brain on Brad"" scene until the ""Bad Mother F--ker"" scene, this movie aims to please. In that sense it is probably the anti-classic, but since we already have a surplus of sex, drugs, and violence in film and on television why not just roll them all into one, multiply by one hundred, and make a movie out of it.Unfortunately this will probably be Tarantino's last great film judging from the pathetic aftershock which turned out to be Jackie Brown."
113,I love the desktop app but the mobile app keeps having issues.....displaying the incorrect view and throwing me put all the time.
6411,Absolutely amazing.  It could have all been recorded music and the production would still be worth it.  Amazing to see how they are trying to decrease their carbon footprint and giving back to environmental causes as well.  I was so sad when it was all over.
5177,"Back to the Future is hard to describe......imaginative? Yes. Cool? Yes. Hilarious creative sci-fi film? There we go! This is the best time travel movie of all-time, with no doubt. I'll Explain. Well played stereotypes: Yep. Especially the mid 50s stereotypes. Good acting: Yeah! Feels realistic. Aging: It never gets old, I watch it almost every time I get to do it. For kids: Noo. 12 or 13+ in my opinion.But still, this movie does it and is way better than the DC crap coming out recently. I advise you to rent Back to the Future from Amazon or Blockbuster (is that still around). I have a good feeling this film will last for generations and generations to come. 10/10."
361,Most energetic and visually pleasing show I have ever seen. The band genuinely looks like they love what they are doing. This was my first Coldplay show. I will tell all my friends that they are a must see. I feel like it doesn’t even matter if you know the songs.
2010,"Taylor Swift was fantastic! The arena was electric with high energy and anticipation as the clock ticked down to the opening. I had tears & goose bumps when she appeared to open her show. I watched the fans around me, of all ages, singing along. I watched the lights throughout the audience and stage, and it was incredible how it all worked together, so impressive! The coreography, dancers, singers were great and they looked like they were having fun. 
Most impressive was Taylor's performance! Over 3 hours of, singing, dancing, playing guitar and piano... high energy & emotion throughout. It was an experience I will never forget!"
551,Used to work great for me but recently it has been very buggy. When trying to create a task create button doesn't like to work and sometimes acts as a cancel button.
6988,"Good day, dear friends and dear readers of reviews! Today I want to write about one of my favorite and many times revised American crime thriller 1994 ""Pulp Fiction"". The director of this film is the incredible Quentin Tarantino. The duration of the picture is two and a half hours, they fly by as one minute. The cast is very strong: John Travolta, Samuel L. Jackson, Uma Thurman, Tim Roth, Bruce Willis and a lot of other great actors that I love and respect. A bouquet that is necessary! I really like the work of Quentin Tarantino, his style is always very different from others, it is difficult to confuse with someone else. Perhaps this picture of all his most cool. The film has everything you need to have fun. Bright actors-stars, atmosphere, humor, dynamics, music and much, much more! This film is memorable from the first time, but you still want to review it. Everything is unrealistically cool, romantic, unusual and interesting. I look and take my breath away. I know all the dialogues by heart for a long time, they are simply incomparable! All the movements of the dance Uma and John have long learned and danced. Who hasn't tried to repeat them? In general, it is very difficult to find fault with something in this film. In my opinion, the picture is perfect! I don't see the point in retelling the plot, everyone knows it anyway. And if there are those who have not seen the picture yet, then I strongly recommend it to raise the mood and get pleasure. I hope that those who love this film very much, I just decided to remind you about it just in case. I wish you all a great mood and a lot of positive emotions. Thanks for your attention."
7200,"Concert was perfect. Coldplay did excellent. Even though I was sad, they made me forgot my problems and enjoy the spectacular show."
54,"""Back to the Future"" good film or astonishing film?""Back to the Future"" is a film loved by many. Specifically, ""Back to the Future"" is exciting and adventurous. Moreover, it has great acting. Subsequently, the series of events was so good they had to make 3 movies to fit the whole plot of the story. ""Back to the Future"" is a brilliant movie.Fundamentally, ""Back to the Future"" is extremely thrilling and venturesome. Presumably, the main characters Marty McFly (Michael J. Fox) and Dr. Emmett Brown (Christopher Lloyd) go back to the future. Accordingly, the main character, Marty McFly, goes to the past in a time machine made out of a DeLorean. Ultimately, he causes a lot of issues and starts to fade away. Significantly, the main attraction that people look for in a good film is the acting. Furthermore, when the director of ""Back to the Future"" ( Robert Zemeckis), hired actors such as Lea Thompson, Crispin Glover, Thomas F. Wilson and Claudia Wells, you won't get anything less than superior. Additionally, the characters in the movie do not leave in the second and third; each piece to the puzzle overlaps and you'll find characters in the same place that they were left in the very first film. On the other hand, time travel isn't real and is initially impossible. Some may find it childish and absurd. Conversely, isn't that why people watch movies? To get the feeling that they went somewhere else; to feel as if they really preformed the action the character just attempted. ""Back to the Future"" is an adventure like no other and is suspenseful throughout the entire production. Comparatively, most films have an easy plot and the story line is plain yet dull. However, ""Back to the Future"" is not like that at all. To demonstrate, the first movie of the series was spectacular. Initially, it had a great special effects and left you on a cliff hanger in the end when Dr. Emmett Brown says ""roads, we don't need roads"" and the DeLorean takes off into the sky. Henceforth, the characters go through three main settings; The Past, The Future, and The Wild West. The very end of ""Back to the Future"" is astounding and inspirational. Predictably, I would greatly suggest seeing this movie. Therefore, are you into suspenseful adventures? If they are you're thing, I would say that you need to look into seeing ""Back to the Future"". Ultimately, you will not regret it and you certainly will love what you have seen."
3688,This concert was epic and easily the best concert I’ve ever been to. The concert was interactive and so much fun. They played for 2 and some hours. The crowd was awesome. We were all still singing walking out of the stadium!  It felt like we all knew each other. I look forward to being able to see them again.
6200,"Some things like var don’t work in chrome anymore, so there are parts of the course that should be updated. She’s already added a lot of new content, but I wonder how often people get stuck. Still the best teacher around."
459,"Concert was Amazing, and Coldplay really blew my mind away. On the other hand, Stadium Personel didn't know where anything was located. I got there on time to make it to the VIP Nation Pre-Party, and everyone told me to go to a different place. long story short, I never made it to the Check-in on time to enjoy at least 5 mins of it."
2102,Taylor delivered!!!! She and her dancers/singers had such great energy until the very end. I would go a thousand more times! Only thing was it was very crowded and barely had room to dance but other than that it was amazing!
4884,"Overall the show was amazing, great effects, lights, the showmanship and dynamic between Chris and the public was energic. Just great!"
3502,"All excellently well, very good organization and one of the best concerts I've ever been in my life, I would see them again."
4442,"I have seen Coldplay at venues across LA far and wide, big places, small places and their shows are always incredible.  I can tell you for this particular show that the seat map at purchase versus what I actually got sucked.  The angle from the map and the angle of the stage did not line up correctly and I got a very obscured angle of the stage.  

Buyer beware a bit.  Again, GREAT SHOW.  They are terrific and I will see them again, but this was not a great experience and I guess its easy to blame Ticketmaster for not coordinating that right with the stage set up when you sell tickets 9-10 months in advance."
6167,"Wish i could connect to multiple phones at the same time! But, works great for a set of keys."
623,"I can’t say have never seen a better show but I can say if I did, I don’t remember when. They have a large library of hits to choose from and managed to touch all phases of their music. Great crowd interaction, choreographed fireworks and a stadium wide light show.  Well done"
3930,Helps me keep track of my flight risk dogs. Worth the piece of mind. I tried one of the dog tracking devices; it was useless as it never could get cellular service despite paying for a subscription. This works perfectly. I was worried about my dogs accidentally ingesting one; but I found a great holder for the tags to put on a collar. I also used them for our luggage on our European trip. It’s nice to get alerts about items no longer being with you. Highly recommend
2197,"First, I would like to tell that the concert was perfect. Taylor is an amazing singer and her and her team’s performance was impeccable. However, I am very disappointed with Ticketmaster sales, because my family and I couldn’t be able to join any queue. Although there are a bunch of people who can get tickets and resale those for extremely overpriced costs. It is very unfair. Since I thought that Ticketmaster’s register fans policy was to avoid resales and scams."
6369,"Disney parks are no longer the wonderful fun parks 😕 Far too expensive, not worth the money,  and  has lost its magic😒  The whole complexes is run as a total business to exploit as much money out of you as possible while you're there,"
2616,"Just don’t bother. Disney used to be quality in every aspect. From rides to dining to costumes. Not anymore. So many rides are “experiences” with motion simulations via a screen and a seat that jiggles the rider about. I could stay home and sit in a bouncy chair for that experience with a VR headset and save a fortune. Why would I stay in an overpriced noisy hotel room for rubbish food and coffee I don’t get to have UNTIL 0700 that is ridiculously expensive and weak for that matter, just to be jostled around in a chair in front of a television screen? Cheap out rides. Awful. The wigs on the costumes for the princess were laughably wretched. Party City had better quality costumes. The mermaid tail on Ariel was horrendous. This is a company that made the American theme park a destination and the costumes appear as though some soccer mom whipped them up for her children for a Halloween trick or treating party last minute while hopped up on copious amounts of candy and caffeine. The shows and parades were hilariously bad. To the point of irony. I don’t know whether to laugh or laugh harder. Disney isn’t paying their employees enough for the embarrassment they have to endure on the daily to be put through for these poorly choreographed performances. Some group of CEO’s are rolling in the money while every corner has been cut in the park. It is evident from this visit. The world lost a wonderful place when Disney fell into the slow creeping catastrophe that it we walked through on our visit. If I could have a tea with whoever is making the call behind the scenes simply to ask “Why?” I would and hope it be not be about lining personal pockets. For us to anyone looking to attend the parks, our advice is simply not to spend the money in these tight economic times. Walt Disney would be ashamed of what these people have done to his legacy. They’ve turned it into a disastrous joke. Get a VR headset and save yourself the hassle."
400,"Nice cool, cool people nice people noice people  like kool aid cool mom dad hi cool aid best aid out of all aid fanatics cool"
7022,"Best ice Cream in Rome hands down,
Great value to price ratio. Tastes are just amazing. Especially recommend to taste the nutella taste!"
3249,"COLDPLAY was a fun concert with a strong feeling of a huge group coming together as one with the band. With all of the negative in the world COLDPLAY let the crowd know for a couple of hours the world can still be beautiful and peaceful with the fun audience help creating the show working together with the bracelets the band provides for a beautiful light show. As Chris said, ""this is like Christmas"", I had turned to my cousin who accompanied me earlier and said the same thing. The seats were good and the crowd seated around us were nice people. The opened roof made it cooler and the fresh air was nice and made it easier and more comfortable to breathe and feel less stifling. Four people other than myself, that I knew was in the building and it was a nice feeling sharing the experience together. COLDPLAY was like when Freddy Mercury used to bring the crowd together with the band to make the show unforgettable. LOVED IT!!!"
6624,"Robert Zemeckis' Back To The Future is a highly entertaining, well imagined classic of a blockbuster. The 80's spawned a rich variety of franchise films and the Back To The Future series can be considered one of the better ones. Central to the success of the film are the performances, this is a science fiction blockbuster relatively light on special effects and more concerned with character and plot. All the actors are great, Lloyd and Fox of course,but praise must also go to Crispin Glover who plays his wet blanketed nerd with a heart role to perfection. The script is sharp and the production design is outstanding with a picture postcard image of the 1950's well realised and the Deloreon time machine a great touch. Zemeckis' last film Romance In The Stone proved how well he could handle entertaining popcorn movies and he succeeds beyond expectation here with a highly energised, fun packed time travelling adventure to remember."
3453,"I initially saw this movie because there was alot of talk and press at the time the movie came out. It brought back Travolta's career. Look at the load of movies he pulled out in the 90's after this. And it put Samuel on the map for good. It also acknowledged other underrated great actors.This isn't my favorite movie and I would never have to see it again. It was very disturbing to watch but very real. This movie also went against Hollywood's usual conduct of restraint. This movie had no restraints.I can't even give a summation of the story, but I applaud Q. Taratino for his artistic merit. He is very innovative and different. This movie was based on content, originality and style. I personally thought his best work was True Romance, From Dusk till Dawn, and Resorvoir Dogs. The key is in the script writing. He focuses on real characters with real dialogue. Not the cheesy kind and isn't afraid to touch racial/social differences that may be offensive. I truly think he is one of a kind and Pulp Fiction proved that."
1625,"Literally the best night of my life. Don’t think another concert could top that, unless I go see them again but it was amazing!!"
5561,"Light was even more beautiful in person. Great price for the size and statement piece you get. Unfortunately the cord provided was faulty and needed to be replaced. Luckily it was cheap and easy to do so, but was a slight inconvenience. Overall still very happy."
6244,"The Eras tour was phenomenal! The ease of entrance into the venue, the helpfulness of the Caesar Superdome staff, and Taylor and her dancers, backup singers, stagehands, were amazing and brought the stadium down with a Once in a lifetime experience! Thank you for everything!!!"
3690,"I had a great time, everything was in order; the only thing that I can point out is that there were not enough lockers since we didn’t know that there was an specific size for the bag that we can enter in the place other than that everything was great, I loved it"
339,"This trilogy is best of the best, how can one create such a masterpiece ?"
6086,"Fabulous concert experience as always with Coldplay ✨Music of the Spheres World Tour was filled with amazing energy, giant colorful balloon globes, a sea of confetti and shared voices from around the world! Incredible! Thank you, Coldplay 🌎🩷❤️🧡💛💚🩵💙💜 #ColdplaySanDiego"
1895,"Time travel from 1985 to 1955, back to 1985,, on to 2015,, back to 1985,, back to 1955,,, then onto 1855,,, ending with a last time jump back to 1985!! I know,, a lot to keep up with,,,Classic all the way!! What else can be said about this treasure of a movie from the 1980s/my childhood?Quotes - ""Great Scott!"" & ""This is heavy.""8.5 rating is right!!"
6348,Excellent In-depth Ultimate Course explained in detail with great enthusiasm with Robin & Jesper. I have learned many things that would have taken years and trails to learn for me and my company. I am implementing their methods step by step. Keep up the great work. 7 Star Course.
4337,Just incredible vibe! Taylor and anll her crew are amazing! They put an unforgettable show!
851,"I remember watching this film in 1986 and was just totally dumbstruck this at the time was the best film I had ever seen and it seemed like an eternity for parts 2 + 3 to come. This movie had everything comedy, action, imagination and best of all a great plot which carried on throughout parts 2 + 3 I would recommend this movie to anybody and by just watching this you will see for yourself why you must see the sequels. This movie rates in my top ten movies of all times, whilst the trilogy of back to the future is second only to the Star Wars Adventures. If anyone wants my opinion this will go down as one of the greatest movies of all time of that I am sure don't delay its well worth a look and is great for the whole family to enjoy."
1766,"I just watched ""Back to the Future"" and I have to say, it exceeded all my expectations. The concept of time travel can be a tricky one to pull off, but this film does it with ease, taking us on a wild ride through the past and present.Michael J. Fox delivers a phenomenal performance as Marty McFly, capturing both the humor and heart of the character. Christopher Lloyd is equally impressive as Doc Brown, bringing a sense of eccentricity and charm to the role.The script is brilliantly written, with clever jokes and witty one-liners that had me laughing out loud. But what really makes this movie stand out is its ability to tackle serious themes such as the importance of family, and the consequences of our actions, while still keeping the audience entertained.The film's pacing is perfect, keeping me engaged from beginning to end, and the special effects still hold up surprisingly well for a movie that was made over three decades ago.Overall, ""Back to the Future"" is a true classic that deserves all the praise it has received over the years. It's a movie that will make you laugh, tug at your heartstrings, and leave you feeling inspired. I can't recommend it enough, and I'm already looking forward to watching it again."
4966,Thorough. Nice pace. Great tips and recommendations for other websites/companies/resources. Walk through videos very helpful.
7238,"Had an amazing time at Disneyland Paris! 🎢🏰✨ The rides, the magic, and especially the grand closing fireworks made it unforgettable. Highly recommend this trip for anyone looking for a magical getaway! 🎆💫 #DisneylandParis #MagicalMoments"
5860,"While Taylor Swift was flawless, our seats were not. We paid an insane amount for resale tickets, which we accepted, but arrived to find out clear view seats were in fact obstructed by the balcony of box seats. We were surrounded by empty seats (for good reason) and were unable to fully enjoy the show and experience with my niece on her 12th birthday. The screen to see what was happening wasn’t working in the beginning, and the errors tour was in full swing. We made the best of it, but not being able to see the main half of the screen where all the details are was extremely disappointing, especially for a child at her first concert."
2912,"Seen many concerts in my day. This one was one of the best! Large venue open air, an energizing crowd and a great band! Made for a memorable night. Concert worth the nightmare 1.5 hour exiting parking post concert!"
4609,"I love my Stanley! I bought this for the gym because I got tired of breaking my glass water bottles. This holds about 4 16oz bottles of water. It is solid and leak proof. I’ve had this for about 5 months now and I use it every single day. No issues! It is easy to clean and it looks just like the picture. I love this tumbler. I haven’t used it for coffee or any hot beverages because it’s just a workout water bottle for me, but the quality is top tier!  I just wish the straw was a bit longer though."
4855,"What else is there to say about Pulp Fiction that has not been said? I am tempted to stop writing here but a one-liner review is never going to do justice to Quentin Tarantino's cinematic masterpiece. So, if you will, let me ramble.After the breakthrough at Sundance that was Reservoir Dogs (1992), one would be hard-pressed to find a film-making talent as precocious as Tarantino at that time. Here was a man who, before he started making films, worked in a video store. Such was his fascination for movies that he began to write stories while at work, obviously influenced by the culture he was immersed in.What happened afterwards was the stuff of legend. His ""stories"" became Reservoir Dogs, and two years later, he made the Palme d'Or winning Pulp Fiction at age 31. To my knowledge, the only American filmmaker I could think of who won the coveted Cannes award at a younger age was Steven Soderbergh for Sex, Lies, and Videotape (1989) at 26.The fear of making an explosive debut like Reservoir Dogs is that it is tricky to score again. With Pulp Fiction, Tarantino not only scores but has created the perfect goal for himself. Easily one of the top ten films of the nineties, Pulp Fiction is a lengthy film that weaves four stories together in a non-linear narrative structure that continues to impress with each viewing.The four stories are as follows: One, Vincent Vega (John Travolta) and Jules Winnfield (Samuel L. Jackson) are two mob hit men who work for Marcellus Wallace (Ving Rhames), a ruthless gangster boss, and are assigned to retrieve an important suitcase. Two, Vincent is tasked by Marcellus to take his wife Mia (Uma Thurman) out for the night leading to an unexpected circumstance. Three, Butch Coolidge (Bruce Willis), a boxer, betrays Marcellus by not losing his match, and runs away with his betting money instead. Four, two small-time robbers are dining in a restaurant when they decide to spontaneously rob its patrons.One way or the other, the four tales are linked to each other. Expertly crafted by Tarantino (who won an Oscar for original screenplay together with co-writer Roger Avary), Pulp Fiction pushes the envelope for cinema writing, influencing a new generation of filmmakers such as Alejandro Gonzalez Inarritu (Amores Perros, 2000; 21 Grams, 2003). While it takes some time to understand what Tarantino is trying to do, there is never a moment of confusion in his storytelling.The performances in the film are outstanding, and are made even more memorable by the brilliant interchange of dialogue among the characters. The signature Tarantino verbal banter is laced with witty remarks and nonsensical debate over irrelevant issues from foot massages to quarter-pounder burgers. Tarantino picks at the itsy-bitsy of American popular culture and brings his stylish brand of film-making to the forefront of that very culture he is trying to redefine.Pulp Fiction's lasting legacy lies not only in its imitable screenplay (there are so many quotable lines), but how it revitalizes a tired genre – the gangster crime-thriller – to suit contemporary tastes. As much as the film is about violence, drugs and sexual fetishes in suburban America, it is also a powerful tale of redemption, most notably encapsulated by a thought-provoking monologue by Jules in the final act, which in itself, is a stunning closure to its prologue.SCORE: 9.5/10 (www.filmnomenon.blogspot.com) All rights reserved!"
6668,"Really cool chandelier! Pretty easy to put together. I LOVED that he sent along extra parts and I needed one, so I was grateful for that. Smart looking. Highly recommend. I got the smaller size and it was perfect above my 6 seater wooden kitchen table."
2974,"What a great show! Amazing all around experience with great music, light show, fireworks, and more. seeing Coldplay is a must!"
5958,"We had such a magical time with our 4 year old. You see a lot of grumbling and complaining in reviews but an unbiased view is just go to have a good time and immerse yourself in it. Plenty of characters to meet, rides were decent, shows were good but some were amazing such as lion king and the magical mickey one. Parades all awesome and firework show spectacular. We did lunch with the princesses which was brilliant, also reserved standing for the fireworks which felt worth the money. We found 99% of the staff were super friendly and helped to make the experience."
4193,"Pulp Fiction has essentially defined the indie movie. I first saw it on TV some time last year and have since put it on both my favourite movies list and least favourite movies list.Odd, that. Even though everybody seems to like the movie, to me there isn't that much to like about it.The dialogue is supposedly just ordinary chit-chat that people may have on a daily basis, but it's like that in that for the most part the dialogue is actually a sort of boring idle chat while you wait for the interesting bits. The parts of dialogue I think of in particular involve the whole chat between Vincent and Jules between the end of the opening credits and reaching the dudes' apartment (you know, about foot massages and the boss's wife etc). The same goes for much of the conversation during the Vincent-Mia ""date"", the conversation between Butch and his girlfriend, etc. Royale with cheese is interesting the first time but after about the 5th time I lost interest.Also there's the characters - Jules is supposedly one of the coolest characters in modern cinema but what's to like? He's just a black guy in a black suit who quotes the Bible and uses ""the m/f-word"" a lot. Even his redemption doesn't quite interest me so much. Likewise, the vast majority of the characters are unlikeable on some level - Vincent is a drug user who makes several bad mistakes over the course of the film (you know what I mean), Mia is a lower-class coke addict with a sugar daddy and a failed TV pilot to her name and there's nothing likable at all about Butch. The only character I really liked was the Wolf, because he just had that smooth confidence and sharp mind that seems to come alive when Harvey Keitel plays a character.As for the story  out of all three stories (the ""date"", the ""gold watch"" and the ""Bonnie situation""), my favourite had to be ""the Bonnie situation"" because it just worked. From the unexpected ""trigger"" of events, this is quite interesting because it focuses on Jules for the most part as he undergoes his ""moment of clarity"", plus watching the two cleaning up is a laugh and a half. The other stories have their interesting moments (""bring out the Gimp"") but are nowhere near as interesting because the idea is that the characters speak more often than any action happens. Oh well, such is life.The action itself is actually clichés, but done in such a way that they seem original. The examples include the assassination sequence, the car crash, etc. The one piece of action that seemed incredibly original was the entire hillbilly sex dungeon scene  probably one of the best scenes in the movie, if somewhat disturbing.In short, this is a good movie though. It's good for those of you who like ""talkies"" punctuated with action i.e. most people, but I seriously can't understand why this ends up on both my favourite movies list and least favourite movies list. Maybe it's because this movie is, among other things, bi-polar.I give it 7/10"
1477,"This is one of the most perfect films ever. It's a masterpiece that has left its mark on pop culture - and for good reason. It's a classic-feeling film, with great acting, great shots and cinematography, and it's one of the best-plotted films ever. It's a film that doesn't have any major story flaws, almost all of the characters are memorable, and every actor gives their A-Game. So, on re-watch... It's a film I could never get tired of, and it's a great film on your 1sy watch, 10th, or 100th. It doesn't lose it's magic, and sometimes it's even better on re-watch... Noticing new details, knowing what had gone in behind the scenes, and seeing it in the film. It's a great film that's perfect to just throw on at any time, and it's always a great time to re-watch it!"
6547,"It was an amazing concert, 10/10 experience. Would highly recommend it, Coldplay never disappoints, it was a concert i was looking forward to since the summer of 2021 and it was just an amazing concert overall!"
4280,This app would be great if we had the full time management features. It’s the main reason I use Asana so to not have access to it makes it impossible to use. I have to use it through the website so the app feels useless to me.
5524,Everything went perfect. The stars must of been aligned for us. We were able to score great seats! Entering the venue was quick and easy. The show was so spectacular!!! The excitement of the whole stadium was infectious! The energy in the room was something that I’ve never before experienced! Thank you Taylor for the amazing show and the memories of sharing it with my girls…priceless ❤️
988,I am so glad that I bought these tickets. It was an amazing show and I would tell anyone that is a Coldplay fan to BUY the tickets! You won’t regret it!
3594,"This is how a film should be! It has everything you could ever want to see in one. Great, original story, fine acting and characterisation, fast pace, perfect musical score, satisfying ending, ah, I could go on and on.The chemistry between Michael J Fox and Christopher Lloyd is quite unlike anything I can think of in any other film. It is so natural, like they'd been working together for years.I tend to judge films by how many ""memorable moments"" it has, that is, outstanding scenes that you remember and want to see again and again. This film has many such, more than any other film I can think of.If you are not a film fan, or not seen this one, watch it and you'll be hooked - forever!Incidentally, the Blu-Ray rendering of this film is easily the best I have seen for a film of its age. Absolutely stunning."
5993,Purchased quite a while ago still hanging in there works perfect.
998,"What a show. Taylor brought it as always, amazing show and energy for 3.5 hours. Gracie Abrams was so good as well, a surprise. She was a delight. The crowd was absolutely incredible. So much energy, everyone was so nice and everyone was engaged and locked in on every song. The standing ovation was the loudest and longest I’ve ever heard. I think even Taylor was taken back. Toronto was a great experience and N5 was one of the best shows I’ve ever been to….this dad was a hero to an amazing 11 yo daughter o this night and she had the time of her life. Thank you Taylor (and Gracie) and thank you Toronto!"
1049,"For those who appreciate great films, ""Pulp Fiction"" is a must see. The movie is Tarantino's 2nd work after having great success with his gangster story of ""Reservoir Dogs"". There are many unique aspects of Pulp Fiction that make it so good. As many of you know, Tarantino's use of dialogue that he gives the characters in his films is excellent, humorous, and intelligent. Pulp Fiction is by far his best in this aspect. From conversations talking about foot massages to talking about filthy animals; PF has the best dialogue of any movie I have ever seen. The movie is shuffled in a way that it tells the story out of sequence, once again a redundant aspect in most Tarantino films. This influenced many different mob films, but no other movie will ever be as great as Pulp Fiction. Film making at its finest.$$$"
5250,"For this price, it is an amazing course. It covers a wide range of programming knowledge, including GIT, CSS, JS, Node, DB, API, React, JQuery,  Web 3 and etc. The React section is a bit outdated, but the explanations are perfect! I have access to the Laracast platform, and I can make comparisons. In my opinion, Angela has created good practices and provided valuable resources for developers. It's a good starting point. However, I need new knowledge about the latest React 18 and a deeper dive into hooks, etc."
7169,"Great entrance arrangement, easy entry, found seats easily, performance was spectacular, best event I have ever gone too. Liked the interm performances during outfit changes. Taylor did the stage walk (stage was huge with sections that lifted) so everyone got a closer look. Huge screen meant you saw everything even if they were facing the opposite direction. Huge thank you to everyone involved."
1634,"It's Coldplay.  They're amazing.  The sound, the audience engagement, the authenticity, the inclusion across the board.  Inspiring night all around."
5771,"It was a day like any other. Wake up early morning, eat, school, jack off etc. etc. etc. I would come back home from school, shower, eat then try and find ways to waste time. I would flip through channels like a magazine, or probably treat myself to a snack. The thing that made this day special, was that I was going to watch (IMO) the greatest movie of all time. Before watching this movie, my taste was.... Generic, to say the least. My favorite movie was The A-Team. My taste was horrible. I recently watched Inception, so I was slowly being... Devoured or welcomed (whichever way you see it) into the movie world. After watching THIS piece of art, however, I was just amazed. The acting was amazing. The directing was pitch perfect. And the script... Oh jumping Jesus on a pogo stick, the script left me speechless. I envy those movie watchers who get to watch this for the first time. Anyways, fast forward a couple of months later, i already watched; Casablanca, One Flew Over the Cuckoo's Nest, Raging Bull, The Godfather, Reservoir Dogs, Schindler's List, TGTBTU, Taxi Driver, Goodfellas, L.A Confidential, Apocalypse Now, Fight Club and so on and so forth. I would recommend this or The Godfather for any person that wants to 'get IN' movies. Since both are classics and impossible to dislike.11/10"
2033,The show itself was great but we missed the opening act because of Lucas oil or whoever arranged the floor bracelet distribution. Entrance to the stadium went smooth. But the one and only area to obtain our bracelet to access our floor seats was horrible. We waited an hour and a half and missed the entire opening act. We expected long lines for the merch but waiting that long just so we could go to our seats is unacceptable. Daughter was literally in tears because she’s a huge fan of Gracie Abrams.
6065,"Run Marty Run is a euphemism for the loss of Marty's integrity. Marty was doing badly in school and doc did not know what to do about it. Especially in math class, Marty was doing very badly. And doc loved Marty and did not know what to do about it. So he created the time machine so that Marty would learn how to count better and he did not want to hurt Marty's feelings by telling him that he knew how badly he was doing in math class. Doc had covert intelligence reports on how Marty was doing in school. So the time machine was just a way to teach Marty how to count better without hurting Marty's feelings. ""Run Marty Run!!!"" is supposed to become colloquial English for when somebody has done something wrong."
6701,"This was my first time to experience Christmas at Disneyland Paris and have to say it was very magical.  The whole atmosphere was superb, the decorations were first class  I will definitely return again on future"
4893,I loved the concert! But getting tickets is what was very hectic. Also the prices were very extreme even for other artists not to mention when others were re selling them. Need a better solution and system. The concert though was an amazing experience and feel so lucky I got to experience it. I hope I’m just as lucky to go the next time
5550,"Personally I think Quentin Tarantino is a lunatic, but a creative, unusual, unique, (ok I can think of at least 20 more adjectives)writer/director, and yes, even a VERY good actor. He has never made a movie (to my knowledge) the he did not either have a supporting role or a cameo. ""From Dusk 'till Dawn"" he made a brilliant move with Cheech playing three roles. As 'Jimmy' he was an actor of the highest caliber. Brought back Travolta for a mere $450,000, a STEAL but a good business move. Quentin wrote the storyline to ""Natural Born Killers"" just before he wrote the screenplay of Pulp Fiction. Convinced Producers to give him an $8 million budget, that returned over $100,000,000 in North America and when you count world-wide it doubles. I think Kill Bill Vol. 3 is going to be very good."
6707,This was the best concert I have ever had the priviledge of witnessing. It was worth all the hype. The music was true Taylor and the crowd was electric. Indianapolis did an amazing job with this event and the city was very welcoming and made it great!
7370,"You really can't beat an original concept and Back to the Future gives us so many authentic ideas and visions in the one film. I love this movie it gives you such a rush of excitement of what it is like to time travel, the implications of doing so with the imagination of wonder, happiness, fear and love. The music is upbeat and suits each scene complimenting the characters and the journey. If you're after a futuristic adventure of a young man and his crazy scientist friend racing back in time to save the world then this is A great movie for you and the whole family to sit back and watch. Especially if your after a really cool 80""s vibe."
2893,I don’t associate calm with crickets. This is especially true for the meditation recordings. I have Calm set to Spanish so perhaps it’s not on the English recording. It really ruins the experience of an otherwise great app.
3750,"Amazing place to go to have a day of fun. Many restaurants and people there. It was 30 degrees Celsius when we went in March so definitely wear T-shirts. Crowd lines could be long in the morning so come early or go and wait in the line. Many good restaurants there that you can go to. Many rides too. There is a boat ride in the Tarzen area which is an amazing experience to go to. Overall, this is a good place to go to spend a day there and have fun. Highly recommend for all ages and all families."
2489,"I've watched this movie twice and I don't get the hype. I really don't. It's not a bad movie but it's not great either. It's not that i don't like Tarantino movies because I love the Kill Bill movies.This movie is pointless unless there is some subliminal point to it that I overlooked. It's like a joyride to nowhere. Sit back and enjoy the ride I guess. There is a lot of star power in this movie too.Frankly the only star worth watching is Samuel L Jackson. The other stars like Travolta, Willis, etc are just meh. The whole scene between Thurman and Travolta is laughable. Maybe it's not made to be taken seriously."
3042,"Fantastic place serving great food and drink for breakfast. The staff were always friendly and were more than happy to help me out in English when my attempts at ordering in Italian faltered. The coffee to go was always hot and tasty, and the croissants...More"
421,One of my top 5 concerts. Absolutely amazing show from start to finish. This was my first time seeing them live and I was not disappointed.  Flew from Atlanta to Seattle just to see them. Worth every dollar spent! Would see them again!
7242,"Back to the future is one movie that contains excellent visual effects, a nice story plot and the directing is just excellent. The movie has a beautiful screenplay, and the movie puts the full stop in the statement, ""never a dull moment.""Michael J Fox was the desired man cast to play the lead role Marty McFly, but he turned it down due to scheduling conflicts, so Eric Soltz was cast in his place. After filming had begun, Zemeckis and Spielberg felt Soltz was not portraying the character well enough and knew this was a casting error, so they had to re-cast and ask Fox to try and make time to be in the movie. So Fox had to re-arrange his schedule time to be able to shoot Family Ties (TV Series) and the movie at the same time, this recasting meant, an extra 3 million production cost, as all the scenes that Eric had done had to be redone and Fox was so busy, that it was said that he only got 5 hours of sleep a day at the time.Marty McFly (Michael J Fox) is a teenager from the Eighties who befriends a slightly coco scientist Doctor Brown (Christopher Lloyd). During one of their meetings Doctor Brown mistakenly (due to an accident) sends Marty 30 years into the past, 1955 to be exact. Marty while in the past, mistakenly interrupts his parents meeting and he must find a way to fix it or else he will no longer exist. He also has to help the Doctor Brown of 1955 get him (Marty) Back to the future.Back to the Future was a financial success the movie's 100 days production cost was 19 million dollars (including the recasting cost) and it made over 380 million dollars in the box office. It was also a critical acclaim winning an Oscar for Best Sounding Editing.The balance in this movie is what makes it a most watch the movie's transgression from comic to science fiction to romance/drama, is what makes it such a most watch, it takes its time to explain even the complexity of time travel, that at the end even with the slightest of details that made no sense I actually was convinced and doubted not that Doctor Brown did it.Back to the Future is a movie hit for all to see and enjoy, it was that good that two sequels were added to it, Back to the Future II and Back to the Future III although the release dates for the sequels were 1989 and 1990 respectively all maintained the time of 1985 when the first time travel happened. So in the end of Back to the Future III, we were back in 1985.www.lagsreviews.com"
6353,"This movie is excellent for children and adults of all ages. I would highly recommend this film for any family that have children of any age group.Michael J.(Andrew)Fox was an excellent choice for 'Marty' and Christopher Lloyd was excellent for 'Doc'. Good job guys. I definitely give this movie a 10 and put it in my top five favorite movies.If I could go back in time I would Like to Know how my mom and dad really met. I would go back to the old west and trace some family branches down. Mr.Zemickis did an outstanding job as did Mr. Gale and Producer Neil Canton, good job guys."
5040,"Disneyland Paris was pure magic! The castles and streets felt like a fairy tale, and the rides were bellissimo—Space Mountain and Pirates of the Caribbean were my favorites. The food was delicious, though I did miss a proper espresso! The parades and shows were incredible, and the whole place was so well-organized. Perfect for Disney lovers or anyone wanting to feel like a kid again. Fantastico!"
85,I love this product it’s good for my babies skin
5523,"It has been thirty years since this movie came out, and has now become a household name as everyone around the world makes references from each scene they reenact, quote lines from each character they say and make parodies out of it. ""Back to the Future"" is one of my favorite movies, and it is one of the best if not the best about time travel. There have been plenty of movies about time travel, but when it comes to time travel movies I think of this one. So with said, the movie is about Marty McFly who accidentally goes back in time to 1955 as he alters history by saving his father from getting hit by a car, and his mother for falling in love as well as his existence. So Marty has to put it all back as how things should be, while Doc Brown tries to get Marty back home to 1985. Michael J. Fox and Christopher Lloyd do work well together like bread and butter. Lea Thompson looks lovely and she really plays her role really well. The rest of the cast all did great. The movie itself is really funny, and it is also exciting too. The movie doesn't feature that many special effects by ILM, but I love the effects for the car traveling through time just as what it appears in the movie without any time travel sequence like having a portal or something. The design of the DeLorean for being used as a time travel vehicle is really iconic, and loved the way how it looks. The music by Alan Silvestri is so unforgettable, and loved hearing the theme that he created. The movie is very well scripted, and I thought Robert Zemeckis does a really good job on directing this movie after making another movie that is also good ""Romancing the Stone."" The production design for the 1955 scenes are outstanding, and I thought the pacing of the movie is top-notch. I really hope Hollywood doesn't try to remake this or the sequels, because they're fine for what they are; just like what everyone says ""If it ain't broke, don't fix it."" I have nothing against remakes, but sometimes it just gets lazy for Hollywood to try to come up with some new stories, and new ideas for what movie is there to make. So please, for one last time as I say this ""DON""T REMAKE THIS MOVIE OR THE SEQUELS!"" Now I got that out of my way, so now I need to wraps things up with this review, ""Back to the Future"" is definitely a classic movie, and really can't say no more about it. I give this movie a 10 out of 10."
5161,"This being my first web development course, I felt a tremendous sense of accomplishment upon completing it, and I attribute this success to Angela Yu's exceptional teaching. While this course may not make you a fully-fledged developer, it certainly motivates you to explore further and equips you with valuable insights on how to learn, apply your knowledge, and identify areas for growth. It serves as an excellent introduction to the vast world of web development. Admittedly, the course content is somewhat outdated, necessitating the use of additional resources. Nevertheless, considering its price, this course is an absolute gem. I extend my heartfelt gratitude to Angela for her mentorship and the impressive way she delivers her lessons."
2035,Works great and connected to my MacBook without any issues.
6860,"This is a great course for anyone with little to know prior knowledge of AdWords. It goes over every step of the process in detail and includes a number of walkthroughs for you to follow along in your own account. Like many things in life, a successful AdWords campaign takes time to perfect, but this course gives you some good groundwork strategies to decrease that learning curve a bit. Highly recommended!"
3549,"As years pass and I get older, when speaking to people many years my younger and inevitably getting to the topic of movies and film, this is always the first one I enquire if they have watched, and also inevitably demand it is the next thing they watch.It remains possibly the most entertaining script to cross genres, I don't feel you can really pigeon-hole this to a genre, it has a bit of everything. It's one of a select few films you wish you could watch again for the first time, but watching it for a second, third, eighth, tenth time... it still feels fresh and still makes you laugh.The casting is just spot on, and the performances across the board are so memorable, even the bit-parts. I have watched this so many times I could probably recite the entire dialogue with a high degree of accuracy. As many a good film I have seen I would be hard pressed to state a better script, I can't think of many, if any lines of dialogue that don't need to be there. That is an outstanding achievement.
On top of this there's also the awesome soundtrack, when I first saw this I can't say I had heard any of the tracks before, subsequently it was one of the first soundtracks I bought the CD. As with Reservoir Dogs, Tarantino's choice of music was incredibly effective for the vibe of the film.There is some violence but it is not gratuitous and adds to the story. Now stop reading this and go watch it."
229,"Tarentino does it again, only this time, he created a masterpiece.  Pulp Fiction is a fast paced thrilling ride through the eyes of a wonderful writer/director.  Also, there were Award winning actors such as Travolta and Jackson, who acted superb."
7453,"The light fixture arrived much quicker than expected which was great! Some of the pieces arrived broken but we were grateful that extras were provided. Assembly was easy, we were able to complete it without the video tutorial. I can’t speak to set up, as I had an electrician install. The results are beautiful. Not only is the piece impressive on its own, but it casts a starburst glow on the ceiling and walls that we adore. We splurged for a fancy Edison bulb and it looks great. The seller was very responsive to my initial question prior to purchase. I would happily buy from this seller again."
967,They arrived on time. Love my new shoes
2363,"1st Coldplay show for one of us, 2nd time for the other... Awesome performance! High energy, great music... Exceeded our expectations!"
5154,"Overall, a very enjoyable stay.We are a family of four; with a 2 year old and 9 year old.We found the theme park to be really well presented with all of the Disney magic you could expect.The park was busy, but not too busy.We managed to get on most of the rides that we wanted to, and the rides with larger queues we waited until post 7pm, and then it was pretty early to get on.The electric show was great, so were the shows.What’s stopped the 5 stars, is the amount of people smoking, having visited the Orlando parks, I didn’t even realise Disney allowed smoking.Minor issues are people pushing in the queues, and there seemed to be phases during the day when quite a few rides were broken down.Overall, highly recommend"
5186,"words can’t describe how incredible this concert was. i was in a daze after. i couldn’t even believe that i went. even though my seats weren’t amazing, i was still so grateful to be there! if resale prices were cheaper, i’d go again."
4871,"Back to Future its awesome cool... All viewer love it .... very exciting. Full of action from the beginning to the end... Funny and full of adventure..everyone can go watch it over and over...beside it,s for all ages film.about the Co-start Doc Smart..supposed be genius and a lot of knowledge his character was fitting on his personality. Has a cool script funny and the way of the making its on fire, the Director is wise it.. comes with the technique.. and style.. I do wish to work with Michel J. Fox someday.. in the action film... By the way I am a member Screen Guild Actors its nothing to loose, trying to be in this Hot film Back to the Future...with Hero Michel J. Fox and Vejouhn to the Next Generation..."
5193,"Best course available on the internet at most affordable cost to learn the fundamentals of every technology which is used in building a web application. It is THE  BEST COURSE for BEGINNERS to learn Full Stack Web Development. But this course all by itself is not completely enough to be a web developer who earns good salary. Might need to take some extra courses on React JS and Next JS to be better employable. But none the less this is by far the best course at this cost covering most of the content what others do at say 10-20k Indian Rupees. So, if you are starting out definitely this Course is a NO BRAINER for you to buy and start learning Full Stack Web Development. And a HUGE THANKS to one of the best instructors I have come across since my schooling ANGELA YU. Thank you for creating this course on Udemy for everyone to learn Web Development. GREAT CONTENT."
3609,"This Stanley cup is fantastic! I bought it as a birthday gift for my partner, and he’s inseparable from it—it’s always in his hands. It’s easy to see why Stanley dominates the market with their cups; the quality and appeal are undeniable. I’m already looking forward to purchasing more from them in the future!"
928,I really like rewatching this. I find it amusing how they pictured us living in today's time. Characters are very believable. There would be some moments though that you'd overthink things and make you wonder the what ifs especially with a time machine. :)
5804,"The rides were amazing and the atmosphere was so fun, but some of the cast members were absolutely rude and disrespectful!"
4288,"I have been going to Disney Parks off and on since childhood and taking my kids since they were little.  We don’t live anywhere near Disneyland so this was a three day drive to get out to California.  We had only been to the West Coast park one time as a family in August of 2017 and we had an amazing time.  Since then, we have been to Disney World twice with each trip getting less enjoyable (and us spending less time at Disney/more time at Universal).  This was probably our last trip to a Disney Park.  Sorry for long intro but you need to know we are, in fact, fans.  This trip was the most expensive but the least enjoyable ever.  First the crowds - why have a reservation system?  (clearly they have some control)Lines for bathrooms (not just some bathrooms)Rides breaking all over Genie + was pretty useless because of broken rides and crowds (passes gone by noon or only a couple rides/late times left) Spend time walking to a ride, waiting in a line (yes a lightening lane LINE only for the ride to break before we could board), they give you a recovery any ride pass, trek to another ride and the same process happens all over again.  It’s like they are doing no ride maintenance.The decision to do multiple closures and/or refurbs at the same time when they know the park is at capacity ( reservation system)What happened to all the photo pass photographers?  The sound on some rides is turned way up for no apparent reason (Mickeys Runaway Railway).  I am HOH and it was loud.  I can’t imagine what people with noise sensitivity feel like on that ride.Their guide for neurodiversity lists places to take a break that are literally closed BY THEM for refurbishmentI will write a separate review of World of Color dessert party, but that is a complete rip off even by Disney Dessert party standards (and if you’ve been to one you one what I mean).  We knew we were mostly paying for a seat, but this was just ridiculous.  Do not do it.I only wish I’d planned better and made time for the beach or San Diego zoo instead.  Much better use of time at this point."
6290,"Fast shipping, and while I haven't put this together yet, the packaging was thoughtful and the pieces look well made. Looking forward to using this beautiful pendant and love that it came from this small business in Greece instead of a big box store:)"
858,"The night was sparkling. Don’t let it go. 💕
Big thanks to Taylor and her team for putting on an amazing show!"
2769,"They crushed it.  Music, lights, pyro, energy, the whole thing….easily best show I’ve seen live.  Want to see them again now."
733,"This is the film that took Michael J. Fox from television to the big screen.A 1980s teen is accidentally transported back thirty years to his parents high school days in a time machine that his inventor friend created.Marty McFly (Fox) is your typical teenager. He's friends with a local scientist Doc Brown (Christopher Lloyd)who creates a time machine out of a Delorian.Marty is accidentally transported back to 1955. With no way to get home he must track down Doc Brown to see if he can help him get Back to the Future, while trying not to interact with his future parents. Any interactions could alter the course of the future.This is a great film. One of my favorites for sure. The whole cast does a great job."
2828,The effects were crazy and she was so amazing and from whatever seat you were in you could see clearly from the screen.
6674,"My first memory of Pulp Fiction was when I was very young, and my father had borrowed the soundtrack, and he listened to it. And I still remember listening to the beginning, Tim Roth and Amanda Plummer's dialogue, followed by Misirlou. I don't have any idea why it had such an impact on me, but I remembered that for so long. And the soundtrack of this film continues to enchant me! There are so many songs in this film that are absolute gold. I already mentioned Misirlou, but one exceptionally beautiful track is Girl, You'll Be A Woman Soon by Urge Overkill. I saw Pulp fiction for the first time three years ago. I was sixteen then. But this time I did notice there were several details I missed - or have since then forgotten. It's great how you can watch a film again and it still feels kind of new.I love the colour palette of Pulp Fiction. Especially the colour red is very strong. And I have no complaints about the cinematography whatsoever, it really looks amazing. And the design of many locations is great. I especially love Jack Rabbit Slims, the 50's themed restaurant Mia and Vincent Vega go to. It looks absolutely ridiculous of course, very extravagant, but that's why it's so amazing. It's so detailed.Pulp Fiction sure has it's cult classic reputation. I think almost everyone with Internet has seen pictures and GIFs of Pulp Fiction, even if they haven't seen the film itself. That's why watching the film is weirdly surreal. You know so many scenes, but when they are put together, they are perfect, even if so many scenes are legendary even on their own: Samuel L. Jackson's monologue, The dance scene. Several pieces of dialogue. They are all amazing and so many people know them, but when you see them all in a film, it's... surreal.The characters of Pulp Fiction never seize to amaze me. Like I said about Reservoir Dogs, the characters are closer to people than devices to carry out the story. None of them is a hero, none of them is a villain. They have virtues, they have vices. Of course they are devices for the story, that's what characters do, but even when they do their job for the plot, they still have lives outside of the story. Even if the film doesn't shove their regular life to your face, you can still feel it.Pulp Fiction is good. It is most definitely good, it's amazing. Of course I like to think sometimes that it is completely overrated, but whenever I watch it again - or even see an out-of-context piece of the film, I remember that it is one of the best films ever made."
7017,"I am a frequent traveler. I travel for months and I love streaming Netflix in a TV using the QR code so I can save my cellphone battery. I also bring my roku to plug in the hotel or air bnb. This option is gone. It wants the same wifi system? Not good for plug in roku, amazon sticks, or any travel sticks anymore. It’s looking for the same wifi system. I don’t recommend it for frequent travelers."
4566,"Whilst Google AdWords itself is multi-layered & complex, Corey made this course easy to understand even for a novice such as myself who has nothing to do with this type of work previously. Thanks so much. Great structure and keeping it simple to follow for the beginner! :)"
639,"I really enjoy this movie even now, despite it was shot in 1980s. This is a sci-fi film with memorable characters. In my opinion the movie is great, because of the adventurous atmosphere and humor."
2738,"I’ve wanted to see Coldplay for years and a concert at Raymond James.  They did not disappoint!!  H.E.R. was phenomenal and Coldplay played so many of their great songs.  Beverage lines were reasonably quick and staff was great.  Only complaint would be access to restrooms for anyone on the floor level like we were.  Only one set that we were aware of and they were on the other end and outside of the stadium.  Otherwise, loved the bands and the venue!!"
255,"I am so sad I could not see this movie in the theaters as Mr. Tarantino would like, but I was to young to do that and to see this, even if, now, thinking about, it's not so bad for children considering what absolutely (90% of the movies)n nonsense are out there these days. I wish they would invent something as a retro cinema, where you could go and watch movies you never saw in a theather, even if you are alone in that big empty room, I am sure it would not be the case for Pulp Fiction and many other movies. Pulp Fiction is a great movie the 10th time you watch it, but it would blow your mind first time, will make you smile so bad the second time, the third time you will start to see the details and so on... so that begin said keep on watching this movie, is a new discovery every time."
3247,"One of the best museums in the world.  Egyptian collection very complete with the Rosetta Stone as rock star, lots of very interesting mummies, statues,  and many artifacts..... and just talking about one collection. There are many other collections in there. The bookstore is awesome.  Visiting this museum is mandatory if you go to London."
3981,"I loved this madcap yarn about 2 hitmen for the mob, a mobster's nutty girlfriend, a punch drunk boxer, and 2 ineffective bandits. The story was told in flashback form, a technique that I have always found interesting. The lives of all the players criss-cross with each other forming a collection a mini-stories guaranteed to captivate the viewer. Unusually done film, very entertaining."
6159,"Back to the Future' is Absolute Entertainment! An engaging, funny, lively & arresting film, that, in many ways, is Time-Less! Easily, Amongst The Finest Science-Fiction/Adventure films to date.'Back to the Future' tells the story of Marty McFly, a teenager who is accidentally sent back in time from 1985 to 1955. He meets his future parents in high school and accidentally attracts his future mother's romantic interest. Marty must repair the damage to history by causing his parents-to-be to fall in love, and with the help of scientist Dr. Emmett ""Doc"" Brown, he must find a way to return to 1985. A Terrific idea, translates into a Terrific Film. Robert Zemeckis & Bob Gale's Screenplay is so engaging, lively & fast-paced, that, it holds your attention from start to end. Also, the entire track of the bad guy Biff, is superbly handled. Zemeckis Directs this Terrific Film, with style. Cinematography is perfect. Editing is razor-sharp. Art Design is fantastic. Special Effects are neat. Performance-Wise: Michael J. Fox immortalizes Marty McFly, with his impeccable performance in here. The Immensely Talented Actor looks the part to the T, and is lovable throughout. Christopher Lloyd plays Dr. Emmett ""Doc"" Brown, remarkably. Crispin Glover is outstanding as George McFly. Lea Thompson as Lorraine Baines McFly, is very good. Thomas F. Wilson as Biff, is convincing.On the whole, 'Back to the Future' rocks! A Highly-Entertaining Film, that shouldn't be missed by cinema fans. Two Thumbs Up!"
5951,"Everything from their energy, activism, light show, presence / attention to the crowd, request for crown to put phones down and be present, quality, duration and more made this a truly stellar experience. We went as a group of 4, most of us have seen a large quantity of shows over our lives, and we all agreed this was the best show we have seen, hands down!
Thank you Coldplay… you rocked it"
6061,My kids love them I have no complaints! ❤️ also comes with two booklets with piece by piece how to build some things.
2265,"What can I say...my favorite movie until I saw this one was Mortal Kombat...lol I have to admit that when I was younger and I saw this movie, I didn't think it was all that, in fact, I found it long and boring. I guess at that age, I must've been about 14, I wanted to see more action, more blood, and all that simple stuff that you're attracted to as a young teenager. Now that i'm 23, and more grown up, and actually care about the movies' plots and story lines, depending if the movie is supposed to be taken seriously, I say this movie is a masterpiece that will never be equaled by any other! Pulp Fiction is great from start to finish. Tarantino's idea of showing the movie cropped up in different episodes and have them scrambled all over the movie in the same order he wrote the script I think it's great. It shows his creative genius as a screenwriter and how he can make the movie makes sense in the end, and it's good brain candy for the viewer. Now on to the characters: Sam Jackson's Jules has to be hands down my favorite movie character of all time. His coolness is hardly matched by any other character in movie history, and it's only complimented by John Travolta's character and partner in the movie, Vincent Vega. Although Vincent Vega in my opinion is way less cool and dumber and more annoying, Travolta does a great job playing Vega. Ving Rhames as Marcellus Wallace is great as well, playing the fearsome mobster, who the entire movie revolves around. Bruce Willis is great as an aging boxer who follows his instinct and honors his blood by refusing to throw a boxing match, angering Marcellus Wallace who earlier in the movie, tried to convinced him he's washed up and should do it. Uma Thurman is perfect and sexy as Marcellus Wallace's wife Mia, and her screen time with Travolta is nothing short of Hollywood gold. The rest of the cast is excellent too. Harvey Keitel, as Winston Wolf, the man who solves ""problems"" and who thinks fast, talks fast, and drives very f-'in fast so you better keep up. He is a delight to watch, especially when seen opposite Travolta's character Vincent, who in the movie tests his cool with one of his usual smart-ass comments. Keitel really commands the screen when he's on it and while he's on it steals the spotlight away from Jackson and Travolta. Quentin Tarantino, making a brief appearance as Jules friend Jimmy is pretty good too, not great but pretty good and funny as well, but I still rather see Tarantino behind the camera than in front of it. Eric Stoltz, hilarious as Lance the dope dealer, Tim Roth and Amanda Plummer as diner robbers Pumpkin and Hunny Bunny, great as well and everybody else, even Mad TV's Phil LaMarr in a very brief appearance as one of Vincent and Jules' victims. Every single line in this movie is worth listening to and being quoted in endless websites because the dialogue is the best in recent movie history, yes, there's lots of profanity, but that's what Tarantino wants us to see, that his characters' dialogue is just like yours and mine and they talk about the same stuff you and I talk about on our way to work and quote the same TV or movie characters you and me do. That and of course the music, every single song they play in this movie perfectly fits the mood of every scene and that's what make those songs stick in your head for days. This movie deserved all the Golden Globes, Palm D'or, and Oscars it won. A true 90's classic! 10 out of 10"
4734,"The Eras Tour was a once-in-a-lifetime experience that left me absolutely speechless! From the very first note to the final encore, Taylor Swift brought every era of her music to life in a way that was both nostalgic and electrifying. The production value was insane—stunning visuals, flawless choreography, and a seamless flow from one era to the next that felt like a journey through time. Taylor’s voice sounded incredible live, and you could feel her passion with every lyric.

What made it even more magical was the crowd energy—thousands of fans singing every word and waving lights synchronized to the music. It was like being part of a massive celebration, with each song bringing back memories and hitting all the feels. The Eras Tour isn’t just a concert; it’s an emotional rollercoaster and a testament to how much her music means to so many people. Truly unforgettable! If you’re a Swiftie or just love live music, this tour is everything you could hope for and more."
3326,This was the best show I have ever seen. Shoutout to Taylor swift you are good at singing
780,"To be honest this movie is one of the best time travel movie I've seen in my entire life, I sure it will worth your previous time"
2426,"BACK TO THE FUTURE is one of my favourite movies, even if it was released before I was born. It is very funny and full of suspense, memorable scenes and even inspirational quotes.The time travel theme was a new one back then, but the cast delivered a fantastic performance to the public."
1348,"Drinks super pricey, all organized but like always people so rude and no manners at all, security the best and kind to guide us, I’m Philadelphian but first time on the LFF!! Hope is not the last. Again the best concert ever !!!!! So long Colplay hope see you sometime on my forwarded life!"
7413,"If you have used one of these mice before then you don't really need a review. I'll just say it looks nice in black although it starts looking dirty slightly easier than the white one.If you haven't used this product before, these are some important considerations:a. It's the most Mac-compatible mouse that I know of, it being from the same company. So you'll have access to all the nice gestures and features. That is a huge plus if you're a fan of the MacOS interface.b. Its biggest flaw by far is the charging situation. The charging port is BELOW the mouse, making it physically impossible to charge the mouse WHILE using it. Battery lasts for a long time though, so it might be very rare that you cannot use it because it's charging--just remember to do so while you're away and you'll be good to go.c. As I mentioned, battery life is really good. You can also leave it sleeping without turning it off and nothing bad will happen. I think I charge mine every couple of months, with 3-5 days a week of usage.d. If you want this for gaming, DO NOT BUY, as you have no buttons, scroll wheel, and the sensor is totally tuned for everyday browsing and editing and not for precise movements, and its movement is very assisted (although I'm not sure to what extent that's on MacOS's side).e. About looks, it definitely looks nice both in white and black. Its wireless so it looks nice and elegant.f. On build quality, some units are not on par with the best of Apple's products, but it is still very solid. It definitely doesn't feel cheap although it's definitely pricey for what it does, considering that it hasn't been upgraded in many years.TL;DR: 4/5 stars. Negative: charging port, price. Positive: MacOS gestures, long battery life, looks a feels good."
1021,The place where dreams come true. From entering the park to leaving it felt like you were in the magical world of Disney. We entered the park at opening and left at closing clocking up some serious step counts when we were there. The food is pricey but you expect that. The usual tat was brought from the gift shops. The family loved it and created those special family moments that will last a lifetime.
2054,"I decided to purchase a Stanley cup and I have made the best choice. They have so many colors, different styles and sizes to choose from.What stands out the MOST is its impressive insulation. It keeps my water ice cold for hours which it can last a day. The handle is sturdy and is a great addition to the cup. The handle makes it easy and super convenient to carry around. I’ve had zero issues with leaks. I’ve purchased the little leak proof accessories to aid in cases I accidentally tip it over.The large capacity is a game-changer; I no longer need constant refills. If you’re looking for a durable, high-quality tumbler and one that’s looks stylish this is the one. I highly recommend this brand. You won’t regret your purchase."
1342,"Half the course is pretty well written and really though out, the problem is the other half, capstone project of section 26 shows how this course really drifts over, the title itself has nothing to do with what you are really asked to do in this project, moreover you don't even have the knowledge yet to implement what is asked, I had great hopes for this course but I ended up being disappointed."
5857,"Pulp Fiction (1994) Starring: John Travolta, Samuel L. Jackson, Uma Thurman, Bruce Willis, Ving Rhames, Harvey Keitel, Eric Stoltz, Tim Roth, Amanda Plummer, Maria de Medeiros, Christopher Walken, Rosanna Arquette, Peter Greene, Duane Whitaker, Angela Jones, Phil LaMarr, Steve Buscemi, Bronagh Gallagher, Laura Lovelace, and Quentin Tarantino Directed By: Quentin Tarantino Review JUST BECAUSE YOU ARE A CHARACTER DOESN'T MEAN YOU HAVE CHARACTER. When I went to a Film Production class I eventually dropped out of, the professor and a classmate where like how can you want to be a film critic and have not seen Pulp Fiction and would always ask me you seen Pulp Fiction yet everyday. Pulp Fiction is set in the early ninety's and tells three stories of characters played by John Travolta, Samuel L. Jackson, Uma Thurman and Bruce Willis to name a few. As the film started I didn't get it but as we went through the first two stories I started to get the gist of it. If it weren't the first few weeks I was in that class I wouldn't have noticed the shots in the second story where John Travolta and Uma Thurman sitting down in the diner how the shots are equivalent to each other and don't change too often. The films a product of the nineties with its music but my favorite scenes is those silent moments like in the diner or in the last story where a man in the bathroom comes out starts shooting at Vincent(John Travolta) and Jules(Samuel L. Jackson) and it stops they look and you know whats bout to happen. I love how all the stories leave on a note like whatever happen to these two or whats going to go on next, it doesn't just give you an answer. Pulp Fiction is one of the great giant achievements in filmaking and in film history and I can see why. The stories are fun to sit through and all the shots from director and star Quentin Tarantino are amazing and the cast is very memorable."
2915,"I have never seen HER perform in person and I thought she was just beautiful, talented and inspirational. I had no idea she played so many instruments! 

And then Coldplay! just WOW!! from the wrist bracelets that lit up the stadium, the balls the audience played with, fireworks, to the outstanding music and performance - Coldplay didn't disappoint and I had a blast!! worth every penny! And I was impressed that so many young people were in attendance and that Coldplay still resonated with so many different genres of people after all these years! 

The Snapdragon stadium gets A+ for their help exchanging our tickets to the ADA section for our guest who was handicapped. It was so easy! Thank you!"
5469,"Out of all the ""complete digital marketing courses"" this one has the best content and explanations about topics. Well done Robin & Jesper!"
4814,My favorite movie of all time. Everyone must see. I love absolutely everything about this movie from the script to the actors to the quick switches of scenes. It keeps your focus through the whole thing and is hilariously funny and forever quotable.
2013,"Great concert, amazing show, one of the best. Had a wonderful time, glad Vancouver was the last show!"
6628,Our hotel directed us to Giolitti’s.  Very busy but worth the visit.  Honestly the best gelato ever.  I had wild cherry and zabaione.  Photo of me too messy so shot of serving counting.
6645,"From the show start to the end, it was full of emotions, great sound, excellent light effects. Musicians were giving themselves to the crowd! amazing"
5206,"At this address: http://imdb.com/title/tt0429631/ There's a BTTF Game made in 2004 listed here. At this point I'm assuming it's some error on the IMDBs part, because a search of the internet reveals nothing about this game, as does a search of Gamefaqs.Anyone able to shed some light on this? It's possible that it's just a webgame, but usually they don't list those on this site from what I can see. It would certainly be great if this game were substantial and good, but then, if it were I think more people would know about it, or at least some people would anyway. But really, is there a way to make a good Back to the Future game that remains true to the story and characters without being boring? Only time will tell...-Jon"
3864,"From the music, choreographed wristband lights, and audience participation to Chris Martin's obvious love for his fans and his craft - absolutely one of the best live performances I've seen."
3259,"The film is so intricately structured, with so many astonishing details, many of which you won't pick up on the first viewing, that it seems to cry out for some deeper explanation. It's no wonder that fans spend so much time debating what was in the suitcase, reading far more into the story than Tarantino probably intended. The movie becomes a bit easier to understand once you realize that it's essentially a black comedy dressed up as a crime drama. Each of the three main story threads begins with a situation that could easily form the subplot of any standard gangster movie. But something always goes wrong, some small unexpected accident that causes the whole situation to come tumbling down, leading the increasingly desperate characters to absurd measures. Perhaps no screenplay has ever found a better use for digressions. Indeed, the whole film seems to consist of digressions. No character ever says anything in a simple, straightforward manner. Jules could have simply told Yolanda, ""Be cool and no one's going to get hurt,"" which is just the type of line you'd find in a generic, run-of-the-mill action flick. The core of the movie, the blathering of Vincent and Jules is fun and enjoyable. Bruce Willis as a hot-headed boxer does an excellent job communicating his fear and desperation. In the end, the movie's quirks and twists are merely to make a rather run-of-the-mill arthouse film seem more edgy. It is a little bit to long, but I can say it is Tarantino style to show everything in a little bit slow motion manner. There is no question that this is a well made and fun movie. 8/10"
5354,"Not one movie can claim to have half the entertaining dialogue that this movie has. From beginning to end, not one word is out of place, or boring. Many movies may have one piece of dialogue that elevates the movie enough for you to like it, but Pulp Fiction is sheer joy of conversation, paired with situation after situation of pure excitement.I am sure I will never seen a movie that will be this much fun again! In fact, this movie alone has convinced me that Tarantino has to be the greatest movie maker of all time. This is my go to movie when I can't make up my mind what to watch; I am guaranteed satisfaction!The movie has no plot! It is a collection of out-of-sequence stories that make up the last few days of the life of a hit man, played by Travolta. That's it! He and his partner are simply taking care of an errand and it goes wrong, while he also has to take his boss's wife out for dinner to keep her entertained while he (the boss) goes out of town for the night. That, too, goes wrong. Every single thing in that movie just goes horribly wrong and it's just fabulous.The acting is compelling. The cinematography is masterful and just sets a nostalgic mood that makes you want to return to. The direction is ... oh well ... Tarantino. And the dialogue is the best ever. Really.Please see it."
4117,How to ruin a perfect app- LESSONS BY SPOTIFY (Premium 🤡)
4109,"Great concert experience with the set, lights, fireworks but Chris Martin's voice sounded tired and fatigued.  The voice sounds like he is in pain when he sings.  I saw Coldplay ~11 years ago and his voice was great then and he sounded like his recordings.  Sometimes it's better to space out the concerts on tour to allow the performer to rest the voice instead of cramming in more shows for $.  I think they are a good group though - nice guys and socially responsible."
172,"The Coldplay concert on October 1, 2023 at The Rose Bowl was one of the best concerts I’ve ever been to. The musicians really put in 💯 into their show and everyone could feel it. That part was an amazing experience.
The organization of the Rose Bowl was the opposite. One of the worst experiences I’ve ever had.. worse even than having to deal with the parking at the Hollywood Bowl. I’m ok with having to take a shuttle to and from the venue to the Parsons Parking Structure… but I got in line to take the shuttle after the concert with hundreds of other people, only to be told after 45 minutes that we were waiting in the wrong place….(I had asked and everyone in line said they were waiting for the shuttle so I thought that was the line but it wasn’t). So after standing on my feet for four hours for the concert I had to walk for what felt like at least a mile and a half just to take the shuttle back to my car? And it was a cold night so we were all freezing even though we had sweaters. But it was the lack of organization. I went to get a hot dog and Diet Coke and they said that none of the diet cokes or coke zeros were working at the concession stand. The employees are a bit harsh and brusque. Not happy with spending almost 400 dollars for the concert and then the Rose Bowl almost ruining it for us. The concert itself was amazing and magical thanks to Coldplay.
Do better Rose Bowl… please 🙏🏼"
656,I attended Coldplay concert on 8th June. It was fabulous experience. I loved Coldplay. Entire concert was magical.
4052,"I love this shampoo/baby wash. Smells good, doesn’t bother my baby’s skin and is a great price."
5699,"This movie series is an amazing, nail biting, hilarious and fun adventure that you can binge watch! I've watched this one atleast 20 times so it's one of my favourites for sure."
6675,After completing this course I feel confident. After lots of ups and down finally I completed this course. Thanks to you for this wonderful course and I hope that you always brings new things. This was very wonderful and knowledgeable journey.
6995,Learned a little bit. Some sections were much more helpful than others. Worth the $10 or whatever it was.
1453,Mercedes stadium is an awesome arena and the opened ceiling made Coldplay even more awesome! Coldplay has been on our bucket list for years and this was an awesome way to celebrate our 19th wedding anniversary!! They totally rocked the stage!
4361,"This is the best concert I’ve ever been to EVER. The stage, dancers, and of course, Taylor, exceeded all expectations I had"
2882,Back to the future is an absolute classic. The humor and fine details make this movie excellent.
590,"Upon suggestion of a friend from Rome, i tried the icecream from Giolitti. It has been super! really an amazing one!"
1615,"I just got the fixture up this weekend! I love it! I went with the smaller (8x19"") fixture but now that I see it hanging I could easily have gone with the larger size, I was afraid it would overwhelm the room but it's so beautiful it deserves to be a focal point. Assembly was easy, the video was super helpful and I didn't break any of the pieces. Installation for anyone installing DIY in the US: the brown wire = black, blue wire = white, there isn't a dedicated ground in the fixture wiring. Use an allen wrench to move the black plastic attachment down the cable to shorten it. It would have been helpful for the installation vid to show this in the US clip, but still easy to figure out. Depending on the bulb used, you either get subtle or extreme shadow patterns when the light is on, I completely love it!!"
3069,"We visited the Disneyland park in June for 1 day as part of our LA holiday in June from the Uk. We are a family of 4 with a disabled adult as an extra member of our party.I was very impressed with the pre application for the disability pass for our party, as we had an interview over the internet to get this approved and set up. We paid extra for fast passes, but having the disability pass for our party allowed us to juggle two bookings at the same time rather than one and enabled us to do things much faster then we thought within peak time. Initially we had only booked entry to one park, but by 3pm after the parade we felt we had done all we wanted to in the original Disney park, so paid the extra to visit the California Adventure park. Disney always delivers and we had previously been to Orlando and Paris parks. The highlights were some of the things we had never experinced before, such as Indiana Jones ride, Star Wars land, Cars ride, Spiderman and the Incredicoaster. The visit was one of the highlights of our trip. A long day with great fireworks at the end and we rounded the day of with a visit to the Disney shopping village to allow the exiting crowds to die down."
6246,"Love this pendant light, it makes a cool shadow around the room. Super fast shipping to the US from Greece. Easy to put together, came with a hardwire kit that was very simple to install. The cord length is adjustable as well, but you need an Allen wrench to open the threading to adjust it to size. Added a dimmable Edison bulb and it replaced our ugly outdated chandelier, simply and affordably!"
6457,"Words is not enough to express the happiness I’ve experience seeing Taylor Swift in the Stage. I was grateful that ticket master gave me the opportunity to purchase the ticket and I was able to attend Night 3 toronto  Last November 16,2024 with my best friend Krissta. It was the best day of our life attending the Era’s Tour. I’ve waited this half of my life it was a dream come true. Healing my inner child. Hope to see more of Taylor in the near future. For now I will keep that memories and experience in my heart."
5018,We LOVE Taylor Swift! She delivers every single time! Taylor IS the artist of the XXI Century! Can’t wait to see her in the next tour!
7383,"I consider myself a Disney Fan and I have been to Disney World many times and Disneyland once.  I had the opportunity to visit Disneyland Paris on a whim while being in close proximity.  I figured I'd drop in and check it out.  All I can say is ""Has Bob Iger visited this park lately""?  Upon entry  I noted a lot of people just casually smoking anywhere and everywhere they wanted.  Of course, this is not permitted in the USA and I can't believe that they would allow this.  Upon entering the washroom there was no soap in the soap dispenser and the bathroom looked dirty-- many stalls clogged with toilet paper and out of order.    As we entered Frontierland, again multitudes of people just having a casual ciggy and cast members just looking the other way.  We went to Coco's for lunch which was just okay.  Of note, the lighting in the cue for the pirates is so dim you can't see anything in front of you which is a risk that certainly would not pass standard in the US parks.  There is potential for this park in that some of the rides were longer and more intense than their counterparts in the USA, but the magic was lost on cast members who wore their sunglasses on the top of their heads and leaned against the wall and just really looked like they didn't want to be there.  Actually one encounter at a churro stand the cast members were just rude as they counted their change.  Small World - again lots of people just smoking a ciggy in the cue.  The water in the attraction had coins that people had thrown into the water - probably 20 years ago that were rusting at the bottom along with ciggy butts and dirt (magic is lost).  Where is the attention to detail?  You would not see this in the USA parks.  Shout out to the cast members at tower of terror who were in character and made the ride a great experience.  We wanted to find a place to eat and so decided on Colonel Hathi's which was supposed to serve Indian food.  I ordered "" Pakora"" which was definitely not pakora.  It was a dried up cold ball of what looked to be a falafel that was dried out and gross.  What was supposed to be raita was actually mayo.  Lets talk about the ""butter chicken"" and the ""dahl"".  The so called ""dahl"" was hard and chewy and the butter chicken was watered down.  They obviously buy a sauce and then water it down.  It was terrible.  In the washroom at this place, somebody had thrown a sanitary napkin into the toilet and the peeling paper as well.  On the whole, the washrooms in Disneyland Paris were not attended to and very dirty.So to try and be positive a little bit....I can say that the lines were not long and we never waited longer than 20 minutes but on the whole it is a sad and sorry park and I would say save your money and go to Disney World in Florida or Disneyland in California.  I will note that I am not an American and do not live in the USA"
3870,"Its amazing so far but i only have 1 problem , I can’t copy paste to the guide book . Maybe because i am using it on the phone."
622,Taylor swift was amazing there was so much dancing and screaming everything about it was perfect I loved the set up and the songs. Gracie Abram’s was amazing. Sounds so much better in person. Both of them do .
2312,Had an amazing experience!  No issues at all !  Can't wait to go to another concert!
2807,"Back to the Future is a movie about Marty McFly and his crazy scientist friend Dr Emmet Brown and they go on a crazy time traveling adventure as they travel to the past and mess with the outcome of the future and have to rush to fix it before they alter time. Michael J. Fox is Marty McFly your average teenage boy who gets thrust into an adventure which would open his eyes to the past. Christopher Lloyd is the crazy scientist Emmet Brown who uses a delorean as the shell of a time machine. there are supporting actors like Lea 
Thompson,Crispin Glover they are the main supporting cast so overall its a solid cast of great actors who master there roles. I love back to the future it is one of my favorite movies of all time and it has earned that because i think it's popularity it became a instant classic and it's so re watchable that any one can watch it and for that it's earned that position."
4533,"I actually like this film a little more than some other R-rated films, including ""Do the Right Thing"". There are more good scenes that I could watch than other R-rated films. However, like ""Do the Right Thing"", this doesn't touch my heart. One bad thing about this film is that there was a bit of violence that I really don't want to see. In terms of the other parts of this film, they are okay, like the fight scene, but they also have some drawbacks. In my opinion, the worst thing about this film is once again some partial nudity. I have never liked seeing some movies that include nudity, starting with ""The Graduate"". But not everything is bad. There are some good parts in this film, including great acting, nice cinematography, and very good lighting effects. The rest of the stuff in the film are like a hit and miss for me. Overall, this is a good film, but it doesn't offer as much comparing to the other films that I reviewed."
5183,"Taylor Swift puts on an amazing concert. FIVE STARS for the concert itself. 2 STARS for the VIP tickets.  I thought the VIP tickets that we bought for a big upcharge did not include half the things it said it would. There was no VIP entrance, No dedicated merchandise section, the seats we had were not cushioned and actually had an obstructed view. There was a camera tower that blocked the center of the stage. I think I would have been just as happy paying $200 for regular seats.  All we got was a tote bag, some posters and postcards. We got a VIP badge that did nothing for us as well. I felt taken advantage of.  The seats did not correlate to what was portrayed when we bought the tickets. The concert itself was absolutely amazing 🤩"
4617,Had an amazing time watching Coldplay jam at Raymond James stadium!  The band was amazing and the crowd went wild!
2704,"We arrived early got in early we went and bought our merchandise . Everything went very smoothly . The concert set up was very good ,  excellent sound and video . We thoroughly enjoyed the concert . The organizers at the Rogers Centre were great it was a well run show. We had the best time."
2770,Wonderful app for project management. The best is that is syncs with the laptop version.
887,"Our waiter Walter is very helpful and attentive, the best gelato and excellent service rolled into one!! Visited almost every day."
5888,What else can you say but it was Taylor Swift! It was the Eras Tour!!! A night to remember forever! One of the most amazing artists who delivers a show that is amazing to both eyes and ears. It was a night that will never be forgotten 🩷💜
1580,"Oh my god I can’t even put it into words how amazing this concert was! Coldplay is such a wholesome group, you can clearly see how they care about their fans. They were the first ever concert to acknowledge the First Peoples and Traditional Territories and bring a few of them of stage before the concert started🧡 We got an amazing surprise with Bryan Adams coming on stage for a song and two great pre show performances by H.E.R. and 070 Shake. I have never had so much fun at a concert before I never wanted the night to end! Such an amazing environment was created for this beautiful concert♥️ Thank you Coldplay for putting on the best night ever!"
4115,"First 40 minutes were great but then it became... boring? Just a collection of anecdotes? Great soundtrack, funniest character of Samuel L. Jackson, but overall... Isn't it overvalued?"
7128,This app is great for what I need. But I didn’t like how the option of giving a review kept showing up when I opened the app. Almost felt like I was forced to give a review. (I need some time to decide how good the app may be - that way I’m able to give a more concise review.)
4164,Always the best concerts by Coldplay! Amazing on every level! Chris Martin rocked the Buccs stadium to its core!! Thanks for giving all of your fans such a special show!!!!
1403,One of the best shows I’ve been to. The thoughtfulness of the group truly came through. Would definitely see them again!
6748,I LOVE IT. Best movie ever!!!! Michael J. Fox and Christopher Lloyd are perfect!!!!!
3041,"Wow, such an amazing show!!! So glad we had the chance to experience the Eras Tour. It absolutely lived up to the hype. Taylor is an incredible performer… the energy was incredible from start to finish. Gracie was fantastic as well to get things started!"
3426,"It was our goal to take our 6 year old daughter and she loved every bit. We visited on the 3rd of Jan 2025 so it was extremely busy hence 1 day was not enough as we didn't get to see everything because the lines were long. For some rides we waited 60 minutes.The Stark 4d ride was the best we have been on. Also the frozen castle and ride....wowMost of all , we loved how easy it was to take the train there.We bought our tickets on Klook and it came with a lunch meal and snacks."
4250,"Taylor is hands down the best performer I have ever seen live. It’s not just the length of the show but the effort, energy, and talent she puts into it. Every detail is meticulously thought out to give the audience the best experience regardless of where they are sitting. Truly an unbelievable show and I’m so thankful for the experience and memories"
3065,The Coldplay concert in Philadelphia was the best concert I have ever been to. Looking around you could see that everyone was having the best time. The band was awesome and played their best songs.
1060,"Been using these since they first came out.  So helpful to locate items and gives me peace of mind. They really pretty darn accurate, connect easily, battery lasts a long time and is easy to change. Durable for everyday life. Easy to hear their beep/chirp during location search.  I trust and depend on these tags."
4943,Great shoes new in box
2379,"To the lady who gave my family tickets to Fantasmic tonight at Blue Bajou - a million thank yous…. Our kiddos were melting down and seating was already full everywhere and a million infinite karmas your way!!A great day in Disneyland with 3 kids, 2 parents and 2 grandparents.  We hit all of our favorite rides, caught the parade and splurged for some Dole Whip!! A+"
507,"This is the second time we've seen Coldplay at the Rose bowl and it was incredible!! This band is in my top 5 of bands to see love!! Chris Martin is an amazing performer and I'll see him and the band over, and over."
651,"The lights, Taylor's vocals, the dancers and band. Even down to the wrist bands, this was such an amazing concert. I even hyped it up in my mind and it still didn't compare. There's nothing like it. I cried and sang along with my friends. Screamed bridges and applauded our hearts out. Lost my voice. I wish I could go again. I don't feel my words do it justice. Thank you, Taylor!"
7256,Amazing experience ! I Always thought Disney was overrated but there is something magic about this place. My first visit here and I was overwhelmed with the place. Being a big Star Wars fan my favorite was surely Galaxy's Edge in Hollywood studios but with all the fun and magic that was experienced by my daughters (7 y/o and 17 y/o)  I can now say that What Disney World is truly amazing.  Will come back for sure.
4747,"The show was amazing but the tickets said side view and they really were back view. We could just see TS when she was in the middle. I don’t think they were worth what we pay for them. Section 347, seat 22"
2393,"Phenomenal Taylor Swift performance, stage prop’s unique, no rain worries (Roger’s Centre roof best added detail being in place). Taylor special drinks tasty with a friendship bracelet ❣️Well organized entry into the venue. Sound in the Roger’s Centre was PERFECT., indeed was amazed and surprised at hot hot PYROTECHNICS experience (first time ever had this at a Taylor concert) in an enclosed stadium. Well worth the drive from NY to beautiful Toronto Canada ❤️ 🇨🇦 ❣️😎"
6618,"This movie is just plain fun, and it manages that because of how Zemeckis approaches a plot heavy film. It's been obvious from the beginning of his career with I Wanna Hold Your Hand that the two Bobs (Zemeckis and Gale) loved to put characters with clearly defined characteristics through a puzzle of a plot with clearly defined goals to pull them through. The likeable characters are the grease that keeps the plot running smoothly, providing a key to the film's success. When the two Bobs were in film school, they were surrounded by others who loved the French New Wave, and they just wanted to make Hollywood films of fun. With Back to the Future, they succeeded just so completely.The interesting thing about Marty McFly is that he doesn't have an arc in this film. At all. He doesn't grow. He learns a bit about his parents but the knowledge doesn't change him. At the end of the film, he's exactly the same person as he was in the beginning. This seems to fly in the face of everything screenwriters usually want to put into a movie, but it works really well because of the kind of adventure Marty gets sent on. He is presented with a problem (being sent back in time to 1955 from 1985), and he needs to solve it. In order to get there he is presented with a series of obstacles that he must overcome, including his mucking up of his own parents' uninspiring and flawed relationship. That's where we get character growth, in secondary characters that have a direct relationship to Marty himself and his journey back.So, Marty and his older crazy scientist friend, Doc Brown, get attacked by Libyans at Doc's first successful test of his time machine made out of a DeLorean. The choice to make the time machine out of a futuristic looking car is a great one on the part of the movie. It allows for the time travel dynamic with exciting visceral thrill at the same time. It also allows for an exciting climax, of course. Doc gets killed and Marty barely gets away, accidentally getting sent back in time without any extra fuel (some plutonium), and needing to find a way home to 1985. Before he ever gets to managing the beginning of a plan, he ends up bumping into both of his parents as he explores this new, brighter, cheerier nightmare world that he must escape.The mix of his exploration of the new world and his discovery of his parents as young people is expertly intertwined so that we never feel like we're coasting without momentum. His break of the history that brought his parents together is handled quickly, allowing Marty personal stake in getting involved in his parents' relationship at the very beginning. The 1955 Doc Brown encourages this because of vague concerns about the end of the universe and some concern for Marty himself who's due to disappear if things don't get set right. The stakes are clear and make sense to Marty's character. It allows the audience to happily go along with Marty on this journey through time. It doesn't matter that he doesn't change. It matters that the audience likes him and roots for him as he faces obstacle after obstacle on his clearly defined journey that just happens to be fun at the same time.The clear line of action ends up forming and Marty has to balance preparing for the historical lightning strike that he and Doc will use to send him back to the future while, at the same time, trying to repair the relationship he tore apart before it formed. The normal expectation of character change happens around Marty's father, George, who can no longer just fall into a romantic relationship with the pretty Loraine, but he must earn her affection. That earning, at the ironic guidance of his own far more confident son, turns George into a better, more confident man.The puzzle-like nature of the plot, reminiscent of and superior to what Zemeckis and Gale pulled off in their earlier pictures, all falls into place marvelously through the movie's climax. The clock tower, established in the opening minutes, the bad starter on the DeLorean, the tree falling on the cable, the visual call back to both the famous image of Harold Lloyd from Safety Last! and a clock at the beginning of the film, and more all come together in perfect harmony to give us the cathartic release as we watch Marty and Doc overcome all of the challenges to complete their goal.The film has all of the hallmarks of a Zemeckis and Gale production at their most enjoyable. The long opening shot that introduces Doc's workshop is evocative of Hitchcock's opening shot of Rear Window, revealing key pieces of character and plot information elegantly. It's paced quickly, never slogging down in unnecessary details, always successfully pushing the story forward. It's energetic, fun, and expertly crafted. This is Zemeckis and Gale have a ball and inviting the audience along for the fun."
4444,Amazing movie. I am watching and enjoying all 3 parts all of them. Have torrent subject but looks like one movie. They don't make move as like this quality Anymore.
3620,"The ERAS Tour is hands down the best concert I have ever been to. Taylor Swift and her musicians and dancers are some of the most dedicated and talented people in the business. If you can get a ticket to this show run, don’t walk to see it. It’s life changing and an amazing experience."
7440,"Back to the Future is probably the best and quintessential time traveling movie ever made. You can't go far without someone spouting out its memorable dialogue and imitating its wonderful characters. Now that it's over twenty years old, Back to the Future is entertaining a whole new generation.It has a simple enough story that involves a teenager who longs for a better life and the crazy scientist friend who builds a time machine. When the scientist's unveiling of a time machine made out of a DeLorean goes awry, the teenager ends up accidentally going back in time thirty years. While he's there he sees all of the people he knows from 1985, except they're now thirty years younger.A genius story like that creates an excellent movie and a star making performance by Michael J. Fox as the teenager. The highlight of this movie comes from the scientist played by Christopher Lloyd. His whacky antics were perfect for the role and made the character of Doc Brown immediately come to life.Some viewers today may think that an '80s movie that ends up becoming a '50s movie won't be for them. Those people are sorely mistaken, because if you're looking for a wild ride that will keep you entertained and in stitches, look no further. Back to the Future has everything you crave."
5356,"This has been one of my favorite films since I was young. I even read a book about the back to the future movies. I used to own it on VHS so I have watched it a lot. It never gets old. It never gets stale. I wish I remembered the first time I saw it and what my reaction was to back to the future.I have always thought the Delorean is cool in the movie. Its the Gull-wing doors that make me smitten with the car. And it looks so wonderful in the movie packed with gadgets. What a car.The sound track is also one of my favorite movie sound tracks. The Huey Lewis songs on the back to the future sound track are fantastic.I also liked all the cast. My favorite was Michael J. Fox as Marty Mcfly. He was so entertaining to watch.Back to the future has it all. A great car, a great soundtrack, and a great cast. Its a great movie for a rainy day. Or if you want two hours of nonstop entertainment. By the end of the movie I always feel better."
5413,"The updated portions of the course are amazing.  Very clear instructions and excellent practice Challenges and Capstone projects.  However, on difficult topics such as getting started installing MongoDB, the course is so far out of date that it is useless.  Trying to get started by using the documentation is almost impossible because the have so many links and different concepts to try and learn/follow from the docs its extremely complex and non-inuitive.  Especially the fact that the ""mongo"" command is deprecated and no longer works combined with the need to install the mongosh in order to interact with the DB it all very confusing.  Especially since Mongo pushes people towards the cloud-based Atlas service with compass as a GUI."
522,"This is my second Stanley cup, and I got this one specifically for work—absolutely love it! It keeps my drinks cold all day, is super durable, and the handle makes it easy to carry around. The size is perfect for staying hydrated without constant refills. If you’re on the fence, just get it—you won’t regret it!"
6294,"Came here October 2023 to celebrate my son's 4th Birthday, we did the two day ticket, no park hopper but we did utilize the genie pass which I am still on the fence about, the pass is basically reserving a time for you to go to a ride, and until you go to that ride, you really can't reserve any other rides. I thought it was such a waste.  But besides that, I think this park was the perfect park to go to for my son's birthday, he got to ride on majority of the rides and he had a lot of fun.  Make sure to bring comfortable sneakers, you will walk a lot.     We also purchased the photos pass because I thought it would be the same experience as the one in Disney World but I was utterly disappointed, the pictures came out just OK.  At some of the pictures, I don't even know what they were trying to focuse on, it got none of the background or it was a super closeup picture of me and my husband. The workers here compared to Disney World, I found was not as friendly, I don't know maybe there was something in the water or something but everyone just seemed like they didn't want to be there and if you would ask questions, they'd do a rude sigh like I was supposed to know where the nearest bathrooms should be at all times.   But overall, as long as my son had fun that's all that matters, the one good thing was at least the Mickey we got was really cool and took his time with us taking pictures with him.    Would I come back? Umm, not really, maybe when my son is a lot taller and he can actually go on all the rides."
4086,Coldplay can put on a show!!! Coldplay has been my favorite band for years and hearing them play a perfect arrangement of old and new songs with such spectacular lights brought me to literal tears..... quite a few times. I also love that they are advocates of such a great cause in going green and saving our planet. The ticket money goes towards the amazing cause. such an amazing group of people and such passionate fans!!
5871,"Pulp Fiction is the film with no meaning, and it's easily perfect. Pulp Fiction displays true growth of story, Oscar worthy acting from Bruce Willis, Uma Thurman, and John Travolta. The story is moderately difficult to follow as the story unfolds with no certain timeline until the end. Overall, it's the finest piece of Tarantino's work and for the artistic viewer it is a perfect movie for the right mind."
5742,Taylor Swift puts on a wonderful show! Everything was perfect and the opening act as well as the guest performer were all awesome
4267,I have been to disney many times.  I have always loved it. Walt is crying in his grave today. Get rid of everyone running the place and get back to family values. DISNEY YOU SUCK!!!
4253,"It was an extremely hot night even for FL! That was the last concert of the band from their North America leg and they definitely as always made us feel special, poured their hearts out! They had an excellent mixture of the band’s long time favorites and some of the new songs. The Raymond James staff did their best however I have to mention banning the designated smoking section outside of the floor and seating areas but allowing all the pot smoking all over the place was one of the things I did not agree with."
4641,I attended Taylor Swift The Eras Tour night 5 in Toronto. It was absolutely amazing. Hands down the best concert I have ever had the opportunity to attend. Loved every minute of it. Being surrounded by so much positivity and kindness was unbelievable. Taylor Swift embodies that!
4165,Great course to start off my learning as a web developer. Angela is a great instructor and explains each section clearly. Some sections were out of date when I started but a lot has been recently updated and figuring out how to solve the issues on your own is part of the fun.
5217,"After taking a few days to reflect; I have come to the conclusion that Taylor Swift is a true visionary, and a pioneer, a beacon for girls and women world wide. Having attend her Eras Tour, not once, but twice, I think should speak for itself. I have never once been in a single place where nearly 65000 people- not just women/girls, were so unapologetic about their happiness and were loud in expressing it. I am so thankful for Taylor creating these safe spaces for everyone to get together, dance, since, and love together. So many memories created. Eras tour, you were so impactful for over 10.1 million people who have had the pleasure and immense luck in attending you. Cannot wait to see what Taylor decides to do next."
2161,"Seats were great!.. not too high or low so you got an up close view but also experienced the whole show lights, theatrics, and all"
5093,"Quentin Tarantino presents his masterpiece: interwoven tales of a washed-up boxer, some bodyguards to powerful crime kingpin, and others who cross their path on this fateful day. Featuring an all-star cast: John Travolta in his best role (relaunching his dead career), Sam Jackson in his defining role (still trying to outdo himself fourteen years later), Christopher Walken, Uma Thurman, Bruce Willis, Ving Rhames, Steve Buscemi, Tim Roth and more. (Many of these being Tarantino regulars, who work well with his idiosyncratic style.) How do I review a film so many people have praised, including my hero Roger Ebert? I could be a detractor and say its a bad film, but I'd be lying. I love the story and how it all plays out. I still prefer Tarantino's ""Reservoir Dogs"", but this comes in a close second. (Sadly, I don't think he ever recovered after he became famous. Subsequent films -- ""Jackie Brown"", ""Kill Bill"" and ""Death Proof"" -- all have a certain charm to them, but are not close to being on the level of ""Dogs"" or ""Pulp"".) Although I've seen this movie, or at least bits of it, a dozen times, I think the most recent may be the most interesting. I watched it with a young woman who saw Bruce Willis and asked who he was. I said, ""Bruce Willis."" She asked who that was. I listed a few of his bigger films (""Die Hard"", ""Armageddon"", etc.) but she said she had not seen them. How a woman in her 20s does not know Bruce Willis or any of his movies is beyond me, but it got me wondering: would ""Pulp Fiction"" be a different film if I didn't recognize the majority of the actors? Walken, for example, appeals to me because he's Walken. Would his monologue be as good if delivered by someone else or by Walken when I didn't know him by name? Curious thought.If you haven't seen ""Pulp Fiction"", see it. Tarantino is a better writer than a director, but this film offers probably his best directing to date and some superb writing. He is very dialogue-intensive, which I think alienates some viewers (particularly in ""Death Proof""), but give him a fair shake. This film defined the 1990s and continues to be influential in film today. Pay attention and you'll be sure to see why."
3483,"It was the best movie I watched as a kid. I still watch it occasionally. This is the first movie that comes to mind when I think of science fiction. The connection with all the films in the film series was the first thing that fascinated me. Most of the problems in today's movies are not present in this movie. There is no event like the ending of the movie based on a single event at the end of the movie. It is a movie that has been intertwined with many scenarios and these scenarios have been processed beautifully. The actors played well. In short, I think it's a much better movie than today's movies."
7089,"Always delightful sciency yarn that has stood the test of time a lot better than most comedies from the same decade.I find being mostly set in a year before you are made really helps you in that field for some reason (just check out Kind Hearts and Coronets).A great, fast moving plot filled with Marty inventively navigating a minefield situation will be a delight again and again and one can't help but be rather fascinated with its audacious depiction of genetic sexual attraction. I'm not as into it as I suspect a lot of shirt haired students of gender studies are but I enjoy how much they probably enjoy it.Really feel good stuff that earns its status as feel good stuff and always visually pleasant. Don't take it too seriously and you won't regret giving this the time."
6426,"As this is one of my most favourite films of all time, my opinion will be completely bias. However nothing can compete to this masterpiece that Tarantino created. Drugs, Money, Guns and a couple of bad-ass 'motherfuckers'.Just the right amount of each to keep 99% of people entertained. What I love too is the serious dark humour infused into the chaos, it makes you question yourself if it is funny or not. But that is what makes it a Tarantino classic. If you haven't watched this film already it needs to go straight to your watch list. I first saw this when I was 13 and I watch it at least once a year. Maybe it isn't to EVERYONE's taste but if you ever find yourself with a couple hours free time. WATCH THIS..."
3403,"As for RESERVOIR DOGS, for PULP FICTION too there will be a before and an after. The movie industry was not the same before and after. After both of those films, there were dozens, hundreds, thousands of crime dramas inspired by those two masterpieces from outer space. More or less copycats offering so many elements inspired, picked up, stolen, from RESERVOIR DOGS and PULP FICTION. Less from JACKY BROWN and KILL BILL though. I speak here of dialogues, editing, story structure, camera work, characters, all kinds of situations inspired from the great, unique Quentin Tarantino, who brought to the movie culture, science, the equivalent of what George Melies, Mack Sennet, Lumière Brothers did in their times. Quentin Tarantino who re invented the cinema material. The pioneer of the modern film history. In PULP FICTION, Q T makes something different from his previous marvel RESERVOIR DOGS, this is not a copy despite some elements in common, all as ingenious and daring as RESERVOIR, for instance dialogues totally weird, funny, exciting, riveting, quirky at the most. And I don't speak of sudden violence, dazzling brutality. This is precisely the kind of point which I mean when I speak of what kind of things the other directors are inspired from Tarantino's cinema. PULP FICTION is for me the best of the master, but the other films are great too, don't misunderstand me."
5286,Very well made movie great acting there were many different plot twists and turns in the movie. I personally myself did not like the movie I thought it was very dull and to not make sense at times many other people find it amazing and a great movie but that is why we all have different tastes and likes when it comes down to movies music Exedra. The director of this film is usually not one of my favorite that could possibly be why I do not enjoy the movie as much as other people have it was a well made movie with lots of great acting and lots of famous actors and actresses. A lot of the story just made no sense to me on why they would do certain things or why they were acting in certain ways that they were like I said this movie was not for me but I know many people out there have really enjoyed it throughout the years.
4701,Brought this for a Christmas gift he love this style and I purchased at a sale price. Very nice looking Nike shoes. Comfortable and Stylish.
4648,"It's been a long time since I played this, and boy has it really improved. I love the fact that the subway trains are now Union Pacific and Santa Fe trains. I also love how the trains work more like trams!"
6324,Long time fan and seeing her live was just nothing but a dream come true. Her live performances were amazing and definitely had true Swifties in the crowd. It felt like a giant karaoke session with the original artist leading it. Love her storyline and choreography with each song and especially TTPD!!! Her dancers and bands were fire! And videographers and background graphics were impressive! Screen quality feels like 10K because of how clear it looks even for the ones who are not in floor or section 100s. Still mindblown how she performs for 3.5 hours and new surprise songs at each event. Would love to see her at another ERAS tour before it is over. 😭🥹
3101,"We had an amazing experience from start to finish.  All the details throughout Vancouver, the organization and speed of entrance into BCPlace, the actual concert.  
Gracie and Taylor were both phenomenal.  The visual experience was just as fantastic as the performance.  
It was so well done.  Would not have changed a thing."
6496,Absolutely amazing! One of the best concert that I've been to. Everyone should at least go to a Coldplay concert to get the best experience ever! Would love to relive it all over again!
5820,The Taylor swift concert was by far the best I’ve seen. It was not only a concert but an overall experience of people of all ages. She is an incredible performer. Her crew and production was top tier.
835,"My grandmother and I enjoyed the experience so much! Not only that the concert has full of surprises, it's amazing that everything is eco-friendly!"
4982,"Wow, and again wow.. I grew up watching this film series, and even now there is nothing that compares.. even Robert Zemeckis and Speilberg know they couldn't pull this off again.. absolute timeless classic.. the perfect trilogy in my opinion"
4901,"Pulp Fiction was an excellent movie. Quentin Tarantino showed us filmmaking at its best. Well-written, well-acted, well-executed. Story: 10/10. We're watching several stories at the same time, and in one way or another, they're connected. I can't say too much without spoiling it, so I won't.Characters: 10/10. The characters are so diverse, yet they fit into place.Acting: 10/10. With talent like Tim Roth, John Travolta, Samuel L. Jackson, Ving Rhames, and Uma Thurman (and Phil LaMarr), do I really have to go into detail?Execution: 10/10. As said before, Pulp Fiction is filmmaking at its best.Pulp Fiction was great. There's really no reason to explain it. It just is. Hands down. Final Score: 10/10."
7354,"As with most Tarantino movies, each time you watch it it seems a bit different. Now, I don't't think that it's the best movie ever and I don't think that everybody has to like it, because it can easily be disliked. What I don't understand is this- Why does this film have such a bad reputation. Just think this over, please, all of you people who wail and complain about how horribly violent it is.How on earth are you so isolated as to think that this is the most violent movie out there? Have you not seen any movies since 1994? Because believe me, this movie could practically slide by with a PG-13 today (well not really) But honestly, if you don't like the move, then sure, fine, you don't like it, but why would you attack it's content when there are so many other movies that are MUCH more violent?"
4007,"Every once in a while a film is released that changes the face of cinema forever. Kurosawa's ""Seven Samurai"" is one, ""The Godfather"" is another and of course there is ""Pulp Fiction"". What can you say about a film that 14 years later is often imitated but never quite duplicated? From inventive camera angles, non-linear story-telling, and snazzy dialogue, all of which are perfect examples of the film's attributes that are often attempted to be replicated but with little or no success. Today its cast members are all known stars in their own right but at the time were relative unknowns or were in a considerable rut in their careers. It was this film that made it where they pretty much can name their own ticket, and have.When people ask me, ""What is is about 'Pulp Fiction' that you like?"" I have to answer, ""It is better to to tell you what I don't like about it because the answer is shorter, and that answer is 'nothing' "". Why? Because the film is absolutely flawless. Intriguing, unassuming, characters that makes the experience all the more authentic. This coupled with a perfect script and polished acting make this perhaps the most entertaining crime drama of the 90's or of all time. It is just one of the jewels that make up the cinematic releases of, in my opinion, one of the greatest decades for movies up to date. Granted, ""Pulp Fiction"" is not for everyone but if you have a strong stomach and have a scrupulous officiousness towards the criminal underworld then this film is a must see."
4419,The provides the best BASIC knowledge to PPC and a little bit about the display network. I have liked it if there were some advanced material as the course went on.
4357,"Pulp Fiction' was one of the best films of the '90s. With it's superb performances, and a masterfully told story, through flashbacks and a plot that has more twists and turns than any English country lane, pulp fiction remains and shall ever be a fine piece of work.Tarantino's blend of so many different styles of music, ranging from the likes of Dusty Springfield and Chuck Berry, mixed with the visceral characters of everyday life, makes it a delight to watch again and again.There are some spectacular moments, like Butch's surprise when he sees Marcellus at a traffic light. What follows is the best bits of the movie. With a jerky hand-held camera we move from the car crash into a random shop where the owner knocks out Butch, after he knocks out Marcellus.A key theme follows when Butch escapes, redemption. Butch goes back with a samurai sword to free Marcellus and himself of being in Marcellus's debt.What's my verdict? If you haven't seen this film, then you haven't lived"
2561,"It all began with RESERVOIR DOGS. An unbelievebly real movie that got a new name in the minds of all movie lovers acrossed the world: QUENTIN TARANTINO. PULP FICTION continues what Reservoir Dogs started, and proves that Quentin is indeed one of the best and most original directors ever. Who else could write three attractive totally different stories, and get them together into a thrilling 3 hour movie that will not even allow you to breathe? And probably the best part about the movie is the dialogue: fast, ingenious, exciting. Perfect. Two guys, John Travolta and Samuel L.Jackson, almost screw up a job they have to take care of. A boxer, Bruce Willis, just before a fight in which he's asked to lose. Two thieves, Tim Roth and Amanda Plummer, deciding to rob a restaurant. Take these three stories, put them together in a bowl, and shake as much as you can. Result: a brilliant film. A big-size puzzle that will make you think. I know that it's one of the most known movies in the world. But if by any chance you have done the stupid thing of not seing it, then hurry up. Cause Quentin's not wasting time: new masterpieces are coming up soon.Vote: 10 (out of 10"
1767,"Pulp Fiction, arguably the most iconic movie from culturally iconic filmmaker Quentin Tarantino, is an exhilarating ride that combines comedy, drama, violence, and a nonlinear narrative. Featuring some of Hollywood's most remarkable talents, like John Travolta, Samuel L. Jackson, Uma Thurman, and Bruce Willis, this film delights with its dark humor and edgy cinematography.Pulp Fiction follows several intertwined stories involving a mid-level hitman Vincent Vega (John Travolta), who takes orders from his mafia boss Marcellus Wallace (Ving Rhames). Accompanying him is Jules Winnfield (Samuel L. Jackson), his colleague and comic relief who brings wisecracks and quotable lines to every scene. They are tasked with recovering a briefcase of mysterious contents stolen by two small-time crooks working for Marcellus Wallace- Honey Bear (Quentin Tarantino) and Pumpkin (Tim Roth). We soon learn that the case holds tremendous importance as it contains items that could potentially destroy Marcellus Wallace's reputation if they fall into the wrong hands.Further complications arise when Vincent Vega takes Marcellus Wallace's wife Mia (Uma Thurman) out for an evening adventure at Jack Rabbit Slims diner, where they compete in a twisting competition before she overdoses from drugs prompting Stoltz's memorable line, ""She was brought here by YOU; thus YOU inserted the needle!"" Meanwhile, Butch Coolidge (Bruce Willis) is another criminal who must take a risky detour back to his apartment with Maria de Medeiros as his innocent girlfriend to retrieve an important family heirloom-a wristwatch passed down through generations-and Christopher Walken as the grizzled war hero ready to exact revenge on Butch should he fail to comply with his demands.Tarantino has crafted a masterful script richly detailed in dialogue that captures humor and drama more powerfully than any other writer/director today. His collaboration with Roger Avary has yielded one of the most memorable scripts in recent memory, filled with characters that simultaneously evoke laughter, sorrow, and empathy unlike anything else. It often feels like Tarantino himself inhabits these characters throughout their various plot points as he explores themes of morality in crime fiction while simultaneously poking fun at them.Pulp Fiction features dazzlingly kinetic cinematography from frequent collaborators Robert Richardson and Andrzej Sekula, which exquisitely captures both the frenetic energy of an urban underworld filled with criminals but also creates moments of interiority amongst its inhabitants which allows us to see them not just as criminals but human beings too whose lives we can understand even if we don't condone their actions or lifestyles. This combination of frenetic visuals coupled with heartfelt emotion makes for one electrifying experience that sticks long after you've watched it.What makes Pulp Fiction so special is how Quentin Tarantino manages to slyly explore moral grey areas without becoming preachy or sacrificing entertainment value either; it exists somewhere between spectacle and philosophy while giving its viewers room to come up with conclusions on their own terms while still asking more critical questions about life itself, especially when it comes to morality in crime. The casting is also top-notch, featuring some of Hollywood's best, from Travolta and Jackson to Willis & Thurman, all delivering career-best performances that reverberate years after its original release date making this one movie worth watching again & again! 10/10."
1855,"Great concert as always.    This is probably the 20th time we have seen Coldplay in concert,  just when you think it can't get any better it does.   It was my first concert since COVID and I can't think of a better group to go see.   It's not just a concert it is a whole experience.    To top it off Bruce Springsteen made a special guest appearance and did 2 songs.    What a great night"
6945,Seeing Taylor live is an unparalleled experience! It was a wonderful night. The production of her show is such high quality!
7075,This course is great for beginners with very little experience with Google Adwords. Corey is a wonderful instructor. He provided plenty of additional resources along with demos for each concept. I definitely feel more confident with Google Adwords and will continue to study for the certification.
452,"Great beginner course for an introduction to AdWords.  Well organized, easy to follow, and walk throughs were very helpful."
4853,Honestly this is the best concert I have ever been to. It was incredible. I hope I get a chance to see them live again!
1841,"Best concert of my life, Coldplay never misses! Lumen field is an incredible venue and the concert will live in my memory forever!"
4887,"Last time I came here was in 88/89, and 96 respectively. A good 27 year old break, but it still feels the same. Major changes to the parks, but the vibe remains - I felt 12 once again. Little one (daughter) enjoyed it very much. Spouse was amazed and blown away as well. The Indiana Jones ride didn’t disappoint, be it in 96 or in 2023. The extension of Disney Adventure Park is another milestone for Disney; great Pixar and Marvel extensions. The Downtown Disney District welcomes anyone before or after their adventure in either Disney parks - we were surprised at how enjoyable it was (shopping district with a little bit for everyone including kids). Holistically, it was an unforgettable experience. Please get yourself the black Sprint Jersey. It is massively comfortable."
6498,"The towering behemoth that is Pulp Fiction. Whats there to write that hasn't already been written. Probably nothing.But as humans we of course try to look for meanings in everything as ridiculous that is - this film can be whatever you want it to be. Who is good and who is bad? Whats in the briefcase? Was it really an accident shooting Marvin in the face?No one knows and quite frankly my dears - I don't give a dam. That's what makes this film so great, as well as of course Tarantino's signature razor sharp dialogue that goes on throughout making the viewer instantly want to go out and buy a tasty burger. Simply a must watch....well you're bound to watch it more than just once."
5714,"The Apple AirTag was an absolute lifesaver on our trip to Europe! We put one in our luggage, and I’m so glad we did because our bag did not arrive with us. Thanks to the precision tracking and real-time location updates through the Find My app, we were able to pinpoint exactly where our bag was, which helped the airline locate it and get it to us much faster. Being able to track its progress gave us peace of mind and eliminated the stress of a truly lost bag.Some great features of the AirTag include:Precision Finding (when used with an iPhone 11 or later)Ultra-Wideband Technology for accurate location trackingLost Mode Alerts to notify you if your item is foundLong Battery Life (lasts about a year before needing replacement)After this experience, we’ll never travel without them again! No more lost bags—highly recommend!"
263,"Awesome course! Everything is expressed an explained straight to the point. I come from learning how to code from books which gives a deeper understanding, I wish that I started out with her videos to save time. I moved from books to this course for the exercises, quizzes and projects to make sure that I utilize, practice, and retain the material."
2056,"This is one of the most perfect scripts in cinema. Perfect from the script, to casting, directing, acting, editing, and even the score. When I watch this movie I see genius at its finest. What I really love is how they shot for 6 weeks with Eric Stoltz, Robert Zemeckis and Bob Gale ultimately decided that they needed to go into another direction. Michael J. Fox operating on almost zero rest between shooting Family Ties and Back to the Future puts one of the best modern day characters. He and Christopher Lloyd bring us down the rabbit hole for a wonderful adventure that brings you happiness and laughter. Thank you to Mr. Zemeckis and Mr. Gale for this great movie and timeless classic."
3828,"Coldplay rocked Qualcomm in 2017, six years later they brought down the house again!  Such a good show.  Coldplay really knows how to make their fans included and entertained!!  Best part was the fake on Sky Full of Stars!  Fun way to get to the end of a show - there was an encore so definitely more music!!!"
5215,"Who cares if the charging port is on the bottom, you don't need to charge often . Works perfect with my MacBook M1Pro glad I picked this over the setachi or mx anywhere. Magic Mouse is superior! I would not buy this used my last 2 I bought used and did not have good outcomes with those this is the one now my setup is complete."
5428,"I recently purchased the AirTag, and I must say, it has been incredibly useful! As someone who tends to misplace things often, this little device has saved me so much time and stress. Setting it up was a breeze—just attach it to your items, and you're good to go.The precision of the location tracking is impressive, and I love how it integrates seamlessly with my iPhone. I can easily check the location of my keys, bag, or even my pet on the Find My app. The sound feature is helpful too—it’s easy to hear when you’re in a pinch and need to locate something quickly.What I love most is the peace of mind it provides. Whether you're traveling or just moving around at home, you can rest assured knowing that your things are within reach. Definitely worth the investment for anyone looking to stay organized and reduce those “Where did I leave it?” moments.Highly recommend!"
5827,"I loved seeing Coldplay at Soldier Field. It was my first stadium concert and my first time seeing Coldplay. I loved every second of it. I did NOT sit down. I danced the entire concert, with the exception of going to the bathroom and beer runs. I HIGHLY recommend going to see Coldplay!! They put on a great show. If Coldplay comes to your town GO SEE THEM!!!"
7080,This show was so much more than I could have ever expected.  My daughter is one of the biggest Taylor swift fans and when she came out my girl screamed with excitement than started to cry.  We had the most amazing night and one we will never ever forget!  Thank you Taylor for all you do in showing ours kids how to be a strong independent woman that can conquer the world!!
1009,It was my first big concert and it was the best. My boyfriend and I had a blast and Coldplay really know how to put on a show!! It was such an amazing thing to experience 10/10
665,"I am shocked that this app has a 4.7 average rating. 
My entire days are structured around asana tasks, and I have the app open on my computer and phone for most of the day. The desktop version is amazing — no other task management software has the same capabilities or UX. However, the iOS app is seriously lacking:
1. “My tasks” view will not update task due dates or names unless you force quit the app. This means I have to force quit and reopen the app every time I check my tasks, in case due dates have changed
2. No offline mode
3. No weekly calendar view for tasks — only daily or monthly

I would give one star due to the first item listed above, but rated two stars because the app has a widget which is actually fantastic for the Home Screen."
802,"One of the Best movies i've ever seen,it is the best work of Tarantino. Interlocking different stories into one with black humor, action and thriller are some greatest qualities of this awesome movie. The acting is dynamite: John Travolta, Samuel Jackson, Bruce Willis gave very good performance. You will find humor, action, thriller, suspense and new sense of continuum in this movie."
3941,"Much has been written about his hugely entertaining film. I just want to emphasis a few points: -The script is one of the best I've ever seen. Four, count them, FOUR climaxes! The pacing of the film is so delicately balanced, the last 30 minutes will leave you breathless. Humor, action, romance, it's all there. A really well written script.-A GREAT and under-rated score. Just try to get the ""Back to the Future"" theme out of your head after a viewing. Throw in a couple of Huey Lewis songs which perfectly fit the film's mid-80's roots, AND MJF's rendition of ""Johnny B Goode"", and you've got a soundtrack worth purchasing.-Hard to believe this movie is 26 years old. I just bought it and it has aged extremely well.A valuable addition to anyone's DVD library."
7163,"I've never written a movie review, despite having watched so many that I've lost count. I was born in 1981, so when this movie came out, I was just a child. Over 40 years have passed, and I can confidently say that this is the movie I've watched the most times in my entire life. Every time I'm channel surfing and this movie is on, I simply can't resist watching it again. The remote stops right there. I think that says it all. For me, this is the best movie ever made.It doesn't fit into any specific genre, in my opinion. It's simply Back to the Future. For those who lived through the '80s and '90s, they'll surely understand its charm. For those who didn't, I don't have the insight to make any judgment, but I believe it's timeless."
6763,"I love Calm! It is one of my must-have apps, my favorites are the Sleep Stories and I always look forward to the frequent additions to the collection! 

I do wish I am able to access Sleep Stories through my Watch app and/or download certain sleep stories in advance! This is nice for when I don’t want to wake up from my phone screen or risk getting distracted again. 

Thank you Calm Team!!! Keep up the great work!!!"
5668,Truly the best concert I’ve ever been to. The energy was CRAZY. The band was GREAT! The production was mind blowing. HER was a great opener for them! All around amazing night
6318,"great seats, great show!! second time seeing her and it was just as amazing as the first!!"
1298,"Seen this movie long ago. Thought it was ground breaking when I saw it, left the theater in a great mood after a ""funnnnn"" movie!Several years later, happened to catch it again on one of the Premium services. Prompted me to go out and buy a copy of it.What a great movie, get off the bash wagon!"
1797,Perfect. A museum that every person who goes to London must see.You come out very interesting and filled with information.
7154,She was amazing. Played for 3 and a half hours. Never made me bored once. Every one of the dancers were amazing and never once made obvious mistakes. The music was amazing. I miss it all!
1640,Absolutely love it. Thank you for the fully usable free version! Will definitely upgrade when i get more into it.
402,"Pulp Fiction.  The opening of this film consists of a literary definition of the title.  This alone should tell you what you are about to see cannot be compared to anything real.  But have you listened to the news or read the papers lately.  There's stuff going on the world that makes Pulp Fiction look like a day care center complete with cute bunnies.  Tarantino specializes in introducing us to characters, allowing us to get use to them, and he even getting us to like them.  Then all of a sudden he introduces an element that is so bizarre we barely have time to process it.  He doesn't give us time for it to sink in, but we still have to deal with this new direction while more stuff keeps happening.  The language, drug use, and violence are all incidental.  They are not ""Glorified"" by this movie.  If you make a movie about modern day gangsters in L.A. or any city, drugs and violence go hand in hand with it for it to be realistic in that respect.  I get the feeling Tarantino wants us to believe in the characters, dialogue, and overall initial premise.  Then he throws a monkey wrench into the works. How we react tells us a lot about ourselves. This is not my favorite movie ever, but it's definitely in my top 10.  I love the fact that there are as many people who love this movie as those who hate it.  That alone is a difficult achievement."
2816,"The whole performance was phenomenal.  Me, my sister, and cousins were so lucky to get the tickets.  It's the best concert we've ever seen.  Love everything about it: friendship bracelets, sparkly outfit, Taylor's dancers and back up singers.  Taylor's energy is beyond compare. Performing non stop for 3 1/2 hours was unbelievable. She is beautiful, talented, kind hearted, amazing! It's all worth it.  This experience is once in a lifetime.  I will treasure it. I love you, Taylor 💜"
4751,"Such an amazing concert! Sound mixing was pretty bad for first two acts (Mariah the scientist and H.E.R) H.E.R is amazing, I’m so sad that the sound was not great. However, when Coldplay came out. It was mind blowing. Highly recommend seeing Coldplay in concert!"
4137,"A normal teenager is accidentally sent back in time in a DeLorean built by his friend Doc Brown and must ensure that his parents unite in order to save his family and his own existence.A classic film that is beloved by many film buffs and casual movie goers alike. A charming and unique story with a blend of comedy and action. The acting is top notch, the pacing and character development are wonderful, and a film with such a unique and fantastical story are expertly directed and handled by Zemeckis and is handled in such a manner that it is entirely believable. The film taking place in two different times is handled very well the world of the squeaky clean 1950's is made very believable and the nostalgia factor is very high. The score and soundtrack not only assist the film but strengthen it and make it that much more beloved. What can be said about this film as it not only resonates with the viewer and pop culture but has earned it place as one of the most cherished and beloved films of our time"
1073,My first concert ever.Worth the wait from ticket registration via Avion up to the day of the concert.Thank you for the amazing experience.
5574,"Second time returning to Eurodisney. We stayed in an apartment close to Eurodisney this time, rather than a Disney hotel as we wanted to get away and experience serris also. We travelled on the buses to and from the park. It was as usual very crowded and long queues during the daytime but when we returned for the evening it wasn't so crowded. The castles were lit up beautifully.  The daytime parade was spectacular. The illuminations and fireworks brilliant! Be prepared to be exhausted!"
1635,The only other movie that I can safely rate a 10/10 is maybe Shawshank redemption . Pulpfiction does not have one scene in the entire film that isn't entertaining. You can watch it unlimited times and it never gets old . The movie never ages and always stays relevant . I am not exaggerating I have probably seen the movie 50+ times it's kind of an every couple months movie . The acting the soundtrack the dialogue the scenery is a masterpiece . The thing I like the most is the real human to human conversations that just flow instead in natural conversations instead of scripted garbage that's recycled in today's films . 10/10 the best movie ever made .
7432,I am a manager working to refresh my knowledge and get back into hands-on development. This course has been amazing in how it is structured and how it guides me through concepts. This is what I needed and more.
4952,"After waiting for years for Coldplay to start a new tour I finally was able to fullfil a life goal :) amazing scenery, lightning. Many great old and new songs. Couldn’t ask for more and I wish I could relive that night!"
4880,"This is an absolutely amazing film. Great story. Great characters. The layout of the film is truly amazing and goes against the classical 3 stage story, almost as if it is 4 short films with multiple separate protagonists and antagonists. It breaks the norm of movie story telling and that's why it is so highly renowned in the movie industry. Definitely would recommend."
317,"Love this film and watching it on the bigscreen cements a life long passion. Incredible film that deserves all the glory it receives. Funny and full of memorable performances, there are no slouching on this film. The gave birth to a wave of copycats and quite possibly an entire new genre. Strong filmmaking."
5521,"""Back to the Future"" is a quintessential '80s movie and '50s throwback that's fun for people of any and all ages, but it's also the first film to harness the concept of time travel in a universally human way.Time travel is both a critical and unessential part of the movie. Nearly everything that makes the movie fun and interesting comes from the time travel conceit, but the reason Marty McFly (Michael J. Fox) travels into the past is accidental. Instead of traveling into the past to improve his life or fix a mistake – a much more obvious kind of wish fulfillment – Marty is inadvertently forced to save someone else's life, and ultimately preserve his own existence.Robert Zemeckis and Bob Gale aren't necessarily searching for something profound with their screenplay, which is kind of what makes its deeply resonant and occasionally insightful moments so much more effective. The joy of watching the film is being entertained by the fun of it all and kind of incidentally uncovering the moments that move you or make you think with each viewing. Before you know it, you're biting your nails waiting for Marty to patch everything up in the space-time continuum and make it to the clock tower on time. Zemeckis' direction isn't particularly noteworthy, but he really works the emotional turning points of the script, maximizing the ""payoff moments"" for the audience.The cultural phenomenon of it all starts with Marty McFly. It's crazy to think that filming had been going on for weeks with Eric Stoltz playing Marty and only when that didn't work out did Fox get the part. He just exudes cool and in a timeless manner that allows ""Back to the Future"" to hold up more than 30 years later. He's tremendously likable, he rides a skateboard in an awesome way that we still haven't seen in the movies since, and he's brazen and defiant of authority in the way that most teenagers only dream of. Outcasts in the '50s couldn't stand up to bullies like Biff (Thomas F. Wilson) yet Marty does and becomes an instant hero in the eyes of anyone who's ever been bullied.The dynamic between Marty and the teenage version of his father, George (Crispin Glover) lies at the heart of the ""Back to the Future."" Although their relationship could definitely have been given more attention in the present day scenes, the fact that we know he's a man who gets completely walked over as an adult suffices. Really, it's George we identify with – the science-fiction nerd who struggles with rejection – and Marty represents the confident version of ourselves we so often strive to be. The wish fulfillment of the movie is about seeing the physical embodiment of that projection of ourselves (in Marty) making the weak George a stronger person.Marty's reactions with his younger mother (Lea Thompson) go the more comical, Oedipal route, but also there is this idea that our parents were teenagers too once, and they had their own struggles with contemporary living and authority. The fact that Marty has to help her and his father fall in love requires the kind of empathy we so rarely have for our parents as teenagers, and so much of the emotion of the film comes from watching that play out (not to mention the wish fulfillment of the popular Lorraine falling for the meek George).Then there's Doc Brown (Christopher Lloyd), who is essentially the movie's mascot. He's thought of as a main character and everything builds toward saving him, but he's not all that integral to the human element of the story. He facilitates a lot of exposition, however, and it's his compassion toward Marty in the '50s timeline that endear us to him as much as it is his memorable lines, fabulous expressions and winks toward the camera. The iconography of the film really defies explanation. The DeLorean, Marty's outfit/skateboarding, the Huey Lewis soundtrack and, most importantly, Marty rocking out to ""Johnny B. Goode"" at the Enchantment Under the Sea dance, are so effortlessly perfect yet inessential components to the film's success. What this suggests is that the right combination of story and talent can infuse even the smallest details of a film with a paradigmatic energy that makes that detail feel classic or quintessential. In spite of stalling the plot, the ""Johnny B. Goode"" scene works because of the schism in time rooted in the time travel story. Marty's line ""your kids are gonna love it"" perfectly encapsulates that sentiment.In this way and others, ""Back to the Future"" defies most models of great filmmaking. It both captured the zeitgeist of its era (and of the '50s) while creating its own. Its footprint on culture is unmistakably large and its timelessness is both mystifying and yet ingeniously apropos.~Steven CThanks for reading! Visit Movie Muse Reviews for more"
815,Taylor Swift gives her all in her performances. A true artist. The venue was good although the offerings of food and drinks were not great. And after receiving a note that bags had to be a certain size- I brought that size of bag that fit just my phone and credit cards. As we tried to go through the gate I was accosted 5 times by people insisting my bag was too big and would have to check it for $40. I was clearly not happy.  Thankfully the concert was perfect!
5510,"Pulp Fiction is one of those rare great movies that if you closely follow the dialog you can appreciate it for what it really is, a fantastic movie with an ingenious dialog. With movies such as this where the film was directed and wrote (technincally co-wrote) by one man, it is bound to be compared to his/her other movies. Quentin Tarantino has both director and wrote 4 other movies (excluding My Best Friend's Birthday) and they are all fantastic, however this is in my opinion by far the best. Combined with a unique fantastic screenplay, great acting by all roles (expecially Samuel L. Jackson), and a creative intertwining of three different stories, makes Pulp Fiction a fantastic movie that is without a doubt my favorite of all time. Do yourself a favor, and see this movie."
5291,"I have only seen this movie once, during the original theatrical release, so maybe I'm due for a second viewing, but I just don't get it.  Yes, it's misogynistic, racist, hyper-violent, and near as I can tell --devoid of any redeeming social value: but these seem to be the high points!  Yes there were some funny bits, particularly Christopher Walken and the thing about the watch.  Yes Mr. Tarantino coaxed some very good performances out of some fairly mediocre actors, and yes they were aided by one very capable actor (Samuel L. Jackson).  What I don't get is the way everyone seems so enamored of the dialog.  As I recall, it competed for an Oscar that year with Much Ado About Nothing, starring a guy named Denzel Washington, written by a guy named Bill Shakespeare, and the best line from this 154 min. glamorization of our baser instincts seems to be ""What do they call a quarter-pounder with cheese?"" !!!????? As for interleaving plots, I'm wondering if any of the folks so taken with this have ever seen anything made by Robert Altman?  I wouldn't object to the violence so much if it made me think (The Matrix, Memento) or feel (Road to Perdition) something, but unfortunately, this film offered me neither."
2428,"ACTUALLY THE BEST CONCERT EVERRR!! All seats are great, just being in the stadium is the biggest gift 🫶 I’m forever a changed person!!"
3135,"I just felt like adding a comment although I've seen the movie like for 10 times and it was made over 5 years ago. Anyway, there's not much point in going into WHY Pulp Fiction is so great - everyone who's seen it, understands it. So I just wanted to say that it's one of the two movies that has got the ""Loved it"" rating from me at Moviecritic.com, alongside with Ferrara's ""Bad Lieutenant"". A movie the world (or at least mine) could not do without."
5351,"My kids love them, I love that it gives me some kid free time time! Haha They keep my five year old twins busy for long stretches of time. They are durable, bright colors, packaged nicely with the colors separated. The container they come in isn't full all the way so you can add more Legos later on and have a place to keep them all together. I thought the price was fair also."
239,Overall we had an amazing experience at the show. however when purchasing these tickets it said nothign about our view being slightly obstructed by an overhang of seats above us. that would have been nice to have been aware of when purchasing.
3258,my son has been using this for 10 years. no problem at all great for kids. even youth.
3070,"It's hard to believe it's been 22 years since the original BTTF came out, so the fact that the movie is that old shows it truly is a CLASSIC in every sense of the word. I'm so glad they made this trilogy, what a wild ride it was. It certainly holds up to the test of time because it's just as fun to watch it now as it was back in '85. The world has changed so much since then and watching these movies is a nice escape from today's nerve wrecking reality. I wish I could get my hands on Doc's time machine so I could go back in time to fix the mistakes I made in my life... who doesn't!?! Cherish these movies and show them to your kids and grandkids... they will love them so much you can count on them sharing the adventure of Marty Mcfly and Doc well into their FUTURE!"
3796,"With the amount of time, work and effort Michael J. Fox has put into his acting, he's always been a person to look up to. Plus his birthday and middle name is easy enough to remember, it's the same as mine, laugh out loud. M.J. Fox and D.J. Docs. Out of all the TV Series and Films Michael has stared in, my favourite of all times being, Back To The Future both I, II & III, they are the best ones of all films of all times, as with the story line, set up, editorial work and mostly acting from all actors, there wasn't one single mistake whatsoever. Family Ties is a TV series that should be back on TV in the UK too, as some of the shows they have on TV could do with being wiped off altogether, after all with Happy Days being on, which my little girls love, I'm sure if they were to bring on Family Ties, they'd be just as happy, as they're also fans of Back To The Future as well."
5055,"Traffic to get to the stadium, was terrible, but once I got there, getting in was fast and easy. They allowed me to bring in my camera too. I was very happy about that. It was a beautiful  show, with amazing special effects. An inspiring message to the world about conservation, peace, and love."
6951,"I really like this app. It allows you to be able to meditate, practice mindfulness, listen to sounds when trying to fall asleep, and practice techniques to work on anxiety and stress. Not only that, it is very aesthectically pleaasing to the eye. This app is easy to navigate through. I also like that this app is availavle for people of all ages to use. The app is a bit pricey, but the free portion of the app is enough to use if you do not want to pay for it. I suggest using the 7-day free trial to see if you want to pay for it, or if you just want to stick with the free app."
6264,"I really like the way this film was orchestrated: from the way the story is told to different camera shots, you can tell a lot of time was put into making it. I watched this film as it is a cult movie (one everybody should watch) And it is arguably Tarantino's best film. The overall experience was great as you can really connect with the different characters and quickly get sucked into the movies plot. I recommend this to any aspiring movie nerd or Tarantino fan as it is very enjoyable.And you yourself will still be wondering... what was in that brief case?"
1570,"What a beautiful fixture and wonderful customer service! The item looks even better in person, was easy to assemble, and though a few slats broke in transit, the seller promptly agreed to send in replacements. We will order from here again."
2622,The free tools (ubersuggest & spyfu) he provided are very useful. It would of been great if he went more in depth into Keyword Research and Competitive Analysis.
7088,This was truly the best night ever!! I went to Taylor with my girlfriend's and we had the best time! It was amazing screaming the songs together. I have been a swifty for forever and am SO grateful I got tickets to the Era's tour!!
1241,Amazing little place. Such authentic and lovely desserts and the waiter was a true Gent! Brilliant service and fairly priced. Great find!
3811,It feels like Christmas morning waking up after having seen such an amazing show. New core memories were made in Swiftcouver!
5325,"Quentin Tarantino is a cinema genius. He knows how to make a movie engaging, and ""Pulp Fiction"" is such an engaging watch. The dialogue is witty and charming. It makes you come to love everyone of the characters. This is a solid cast with some of the most quotable and iconic scenes in cinema history. However, one of the most engaging things about ""Pulp Fiction"" is its story. The way this movie delivers its story was ground breaking for the time. The story is told out of order with different parts of the story focusing on different characters. It is up to audience to piece together how the different stories connect. The film is always delivering subtle details. This also works in conjunction with the cast. They all deliver very expressive yet subtle performances that really give the audience a view into what each character is thinking. This movie is also packed to the brim with adult humor which just works. The question of the day though is what is the point of this movie and I say to that, there is not point. Everyone will get something different from this movie, and what the audience gets from this movie will vary from person to person. However, there is no denying that this is one of the greatest movies of all time. It is the Vanilla of Tarantino and a must watch for anyone who likes movies and stories in general."
5607,"It was overall a great experience from start to finish. Breeze to get there with public trolley, I had parked my car earlier in the neighborhood, as I was horrified how traffic home was last time at their concert in 2017 at Qualcomm. From the last song to my home, all in 20 (!!!) minutes! I mean WOW! I had a seat in section 110 row 27 (great for quick and easy access in and out!). And I was able to see the entire lot up stadium - less of the fireworks, but that was ok with me. Friend of mine paid three times more for their tickets (section 104, row 4) which turned out to be the worst seats. They couldn’t see much and were disappointed by the price they paid and what they got in the end.  I suggest NOT to get any row below 15 on the main floor if you want to see anything."
7276,"Coldplay puts on such a great show.  They have amazing positive energy, sound amazing live and give 200% every show.  Such a pleasure and honor to see them!"
1099,"This film is most definitely a classic, one of the best Sci-Fi films ever made. Prepare yourself to take the biggest adventure Back to the Future when you watch this film. I think this film will always be known as one of the big movie classics for years to come. I wasn't born when this film was first brought out in the cinemas but I remember from an early age watching this with my family and being completely awestruck by how great this movie was. I remember it made me want to go and build my own time- machine (sniggers) and head back to certain times in history, as well as speeding forward into the future to see what my future self would be like. Well, if there's one thing that is guaranteed, throughout my future from my early age, I have always been a massive fan of this film."
666,"Quentin Tarantino has proven to be the best director since Martin Scorsese came on the scene in the 1970's.  The movie stars some of today's biggest stars, e.g. John Travolta, Samuel L. Jackson, Bruce Willis, Uma Thurman, and Ving Rhames.  Plus the absolutely hilarious and cool scene with Christopher Walken telling Young Butch the importance of a gold watch."
667,"Since the beginning of time we have wondered, what it would be like to rewind time, and undo those things we either did not intend to do, or to do something we should have done in the past. This could alter our lives, in the present or future as we know it. The movie Back to the Future (1985), allowed me to live this fantasy. Although, the plot was based on a realistic scientific possibility, I know it to be just a fantasy in realization.The plot was Doc Brown, (Christopher Lloyds) creation that a DeLorean could indeed travel through time. However, during a bad transaction that had taken place with the Doc, and some extremists, the Doc was shot and killed, while Marty (Michael J. Fox), the lead character escapes the shootout in the famed Delorean automobile. The car would travel back in time, to 1955, as he was driving away at a heightened rate of speed in the automobile. The thrill of this movie for me begins when Marty travels back in time, and he accidentally gets hit by his grandfather in his own car. He was then taken to his home for care, where his young mother, falls in love with him. This would create a chain reaction, which would prevent his mother and father from ever meeting and would put his own, existence at stake.Throughout this movie his whole mission was to find the old Doc, so he could help him get back to 1985. This strategic maneuvering would ensure that his mother and father met, and inform the Doc about what happens to him in the future, so he could hopefully prevent it. After all this was accomplished the goal was to dodge the character of the story, Biff (Thomas F. Wilson), the young man who was head over heels for Marty's mother. Biff wasted no time clobbering Marty every chance he got, in order to make Marty's mother not like Marty, by proving that Marty was a non-worthy wimp. Overall the idea of going back in time was awesome! However, the whole idea of my mother being attracted to me was very creepy. I believe that many of the movie goers would agree with me. Yes, the technological twist, drama and theatrics were great for its time (1985); but the close relationship, between mother and son, was a little over the top for me."
2506,"Taylor Swift is an absolute power house. She is strong, intelligent, beautiful, and timeless. She transcends. What a privilege it was to see her perform. My daughter and I were fortunate enough to be at the Friday night Vancouver concert where two of her surprise songs were the Never Grow Up/The Best Day medley. We held each other and bawled, and made lifelong memories. Taylor Swift is a gem, a gift, and I will never forget this experience."
4074,"This concert was an amazing experience! From the interaction not only with other fans but the ease of merchandise as well. This concert will forever live in my mind and I can’t even foresee anything that will surpass this. I highly recommend a Taylor swift concert anytime she performs after seeing this one. The outfits, dances, decor for each set was so on point and brought you into the album."
2321,"I thought Vincent, who fell in love with the restroom, was the protagonist. He once pointed a gun at someone and was pointed at again, but he never thought he would die; I thought Mia, who was a flirtatious person, would have sex with Vincent, but I didn't expect to experience shock from a drug overdose, let alone be able to save her life; I thought Jules, who loves to recite the Bible, would be ruthless to the end, but I didn't expect to kill and release someone after reading the Bible twice; I thought Butch, who was always awakened by nightmares, would die at home or in a guitar store after Deser retrieved his watch, but he actually killed everyone; I thought Marsellus, the boss who controlled everything, would laugh until the end, but I didn't expect that the moment when the green hat was pushed open the door was not only a psychological shadow of Marsellus, but also a shadow of my heart; I thought Pumpking and Honey Bunny, who were determined not to work, would be like male and female thieves, but I didn't expect they were just a pair of fools. Why is everyone's ending different from what I thought??!!!!!"
7380,"This movie has everything, great actors, fun action and awesome dialogue. The only thing this movie is missing is a theme, which in my opinion adds to the fact that this movie rocked my world. You don't have to think too much about it, it may take you a few times to watch it to appreciate it though. The first time i watched this movie the only thing i was thinking when it was over was WHATTTT??? The second time i watched it it turned into my favorite movie. I really can't explain why i like the movie so much, it just sort of stuck with me. John Travolta and Sam Jackson are incredible, they show what hit men talk about when they aren't killing people. Uma Thurman is cheezy and perfect for her role as the hit men's boss's wife. Simply put this movie is incredible, but it may take you two viewings. Ten stars from me."
4302,"Classic one of my favorite childhood movie, Literally, one of the best serious picture of all time. I have been watching this movie so many times, including the movie. The other the fantasy is going back literally one of the greatest idea. The acting is phenomenal and the effect horse back at the time revolutionary. I wish the day really did another movie in the series, this movie is enjoyable and it's not too long. It's perfect in terms of timing. I don't understand why all the new movies it's over three hours and you can really make movie in 90 minutes., Recommended to all the young generation that did not grew up on this movie."
3849,This was a great intro for me as a traditional marketer to learn about how to use Google AdWords to supplement my campaigns
5641,Its Great for Beginners but a bit dated content and GAds interface has evolved since the trainign was created. I think Trainers you tube content is far more relevant and detailed.
3327,This was by far the best concert I’ve been too… this was an experience of a lifetime and a great bday gift for my ❤️
278,Seems like a great course for learning Digital marketing. Although i haven’t completed it yet. Will update further
6762,The concert was awesome. Great seats. But we never received our VIP box. Very disappointed.
2950,"One of the best shows I've ever seen, hands down. Coldplay was phenomenal. The sound in the stadium was excellent.
Leaving the rose bowl is a complete nightmare. I blame the event staff. Not the individuals at the event, the management who hasn't come up with proper exit protocols. We parked off site and took the shuttle in. After the show, trying to get back to the shuttle was a complete fail. No signage. Just a long line of people who have no idea what's happening other than the line. After 1 hr in that line seeing no improvement, we walked (err hiked) back to the off site parking. On the road by 12:10am. The show ended at 1040pm. So that park sucked. 
Now, if I had the opportunity to see Coldplay again knowing the parking/exiting situation would be identical? I'd take the tickets. That's how great the show was!"
2310,"It great and deserves 5 star but since the new update on some courses, I can't play the course again, it will just keep loading and the green check on some completed videos disappear sometimes which I will have to watch it again but I think it's Udemy error."
5727,"I'm not one to rate films 10/10. But this is definitely one of those films. I adore it. Quentin Tarantino directs this stunning movie starring Samuel L Jackson, John Travolta, and Uma Thurman. It's one of the best films of all time. I don't have much more to say about it."
6000,"Coldplay at the Rose Bowl, besides all the hassles of the venue, is a concert experience like no other. The energy, overall feelings of love and pure enjoyment of life are unsurpassed by any other act out there. The best every time. They always get better and deliver."
5825,"So, I do agree that the customer service isn’t the best, you will probably encounter cashiers and employees who are extremely bored in their jobs. But if you don’t care about those minutes standing in line and unfriendly staff, and want a really good taste-experience,...this is the place to go. When I received my gelato, I was stunned that they put cream on top (so delicious by the way). The price for a small Ice cream is 3,50€, frankly not cheap, but you get a big portion and you can choose from two different tastes. When I first stroke my tongue over this masterpiece with whipped cream on top, I understood that I did not buy an ice cream for 3,50€, but 3.5 square inches of God’s heaven.More this is the place to go. When I received my gelato, I was stunned that they put cream on top (so delicious by the way). The price for a small Ice cream is 3,50€, frankly not cheap, but you get a big portion and you can choose from two different tastes. When I first stroke my tongue over this masterpiece with whipped cream on top, I understood that I did not buy an ice cream for 3,50€, but 3.5 square inches of God’s heaven."
2753,"I can only speak for myself, but I had never seen anything as stylish, cleverly constructed, well written and electrifying as this milestone when I first saw it in 1994. What really pulled me in right from the start is what we've now come to know as a Tarantino trademark: the dialogue. When gangsters Jules and Vincent talk to each other (or all the other characters, for that matter) there is a natural flow, a sense of realism and yet something slightly over the top and very theatrical about their lines - it's a mixture that immediately grabs your attention (even if it's just two dudes talking about what kind of hamburger they prefer, or contemplating the value of a foot-massage). Then there's the music: the songs Tarantino chose for his masterpiece fit their respective scenes so perfectly that most of those pieces of music are now immediately associated with 'Pulp Fiction'. And the narrative: the different story lines that come together, the elegantly used flashbacks, the use of ""chapters"" - there is so much playful creativity at play here, it's just a pure joy to watch.If you're a bit of a film geek, you realize how much knowledge about film and love for the work of other greats - and inspiration from them - went into this (Leone, DePalma, Scorsese and, of course, dozens of hyper-stylized Asian gangster flicks), but to those accusing Tarantino of copying or even ""stealing"" from other film-makers I can only say: There has never been an artist who adored his kind of art that was NOT inspired or influenced by his favorite artists. And if you watch Tarantino's masterpiece today, it's impossible not to recognize just what a breath of fresh air it was (still is, actually). Somehow, movies - especially gangster films - never looked quite the same after 'Pulp Fiction'. Probably the most influential film of the last 20 years, it's got simply everything: amazing performances (especially Sam Jackson); it features some of the most sizzling, iconic dialogue ever written; it has arguably one of the best non-original soundtracks ever - it's such a crazy, cool, inspirational ride that you feel dizzy after watching it for the first time. It's - well: it's 'Pulp Fiction'. 10 stars out of 10."
3271,"Has all the fun pieces, my kids love building with these!"
231,"""Tell me, future boy! Who was President of the United States in 1985?"" And Marty quipped, ""Ronald Reagon."" ""Ronald Reagon? The actor? Who was vice president? Jerry Lewis?""Honestly, who doesn't love Back to the Future? I mean, seriously, who doesn't love Back to the Future? It's one of those rare movies that after you watch it, it just isn't enough, you have to watch it again. It's been 25 years later, generations had come and go, and even the new generation has fond memories of this remarkable movie.I think a lot of it is in its plot device and imagination. The imagination is so deep that it's almost plausible that you can travel through time with a little plutonium and a flux capacitor at a speed of 88 miles per hour. It could work! But part of the fun is its whimsical charm, and the humor laced into a sort of innocence and lightheartedness felt throughout the movie. The plot alone required some tongue and cheek humor as we find Marty mistakingly going back in time to 1955 - accidentally running into his parents in the process - and discovers that he made a crucial error of taking his dad's place and subjecting himself to his mom falling head over heels for him. Because of this, he created a time paradox that if he doesn't bring his parents together, he will cease to exist. Not only that, but he has only one chance to get back to the future, or be stuck in the past forever.As great as the plot (and especially the script) is, there is one vital importance to carry this film, and that is the performances. The Bobs made a wise decision casting Michael J. Fox as Marty McFly in just the way his mannerisms are, and how animated he is in his expressions. Just watch the scene in the beginning when Marty and Jennifer are outside Hill Valley, and Marty gets a hard on for that new truck. It's a scene that could bore you to tears but it was the writing and the performances that really put those finishing touches. To further demonstrate, just check out the scenes between Marty and Doc Brown (played brilliantly by Christopher Lloyd). Their chemistry together is like pancakes and syrup. Neither one of them steals a scene from each other, because they play off each other so well that they almost need each other to sell the scene.As a kid I was inspired to go skateboarding after that scene where Marty outsmarted Biff and his gang on the streets of Hill Valley. To this day, it is a classic scene. But as an adult, I appreciated the action in the ending because of the cinematography. It felt like a terrible night from hell, even if the sound effects are a little outdated. The way everything went wrong and Doc managing to fix the situation in the nick of time that zapped Marty back to 1985. It was all breathtaking stuff, and accompanied by a brilliant score by Alan Silvestri and the wonderful direction of Bob Zemeckis.I really can't give a high enough praise for this timeless film. Since 1985, a lot of the dialogue became catch phrases. ""Hello, McFly!"" was a common use of explaining someone was an idiot in my family. I think the world used that too. That might have explained Crispin Glover's lack of involvement for the sequels. I guess he wasn't fond of George McFly. Now that's heavy!"
7078,I loved that the Apple mouse is easy to use and makes it easy for me to scroll
781,"Great concert in all ways! Excellent music, great crowd, amazing audience participation and easy in & out access, all in a beautiful fresh air stadium."
2002,"I don’t want to sound entitled or anything you know I love netflix, however the pricing netflix offers now is truly absurd for what little shows and movies we get. i understand that other services take the rights to certain films and series so they have no choice but the pricing is ridiculous majority of peoples favorite shows are gone or are yet to leave soon anyway why not lower pricing. 

Also I do have one request will netflix ever offer custom profiles been wanting it from quite sometime since hbo does it. since perhaps you’re going to charge people an arm or leg for this app and for “cheaper” pricing you lock half of the films and give ads. and the fact that people get charged for sharing passwords is just.. whew

least you can do is offer some new features or something yk atleast with other services they offer discounts and addons you’ll get that for way cheaper than netflix offers.

But bless you all in the future!💗"
2721,"A masterpiece of non-linear narrative film. Ingenious and meaningful structure, wonderful dialogue. Everyone in the film has beautiful qualities, but they are hopelessly moving towards darkness and confusion. Each paragraph does not have a beginning or end, complementary structure, and the beginning and end are connected, suggesting that the plots in similar films in reality always occur and never stop.
""Why do we have to keep talking nonsense to maintain the atmosphere? Only when you find someone truly special can you shut up and enjoy a moment of silence."""
3187,"Asana’s functionality itself is great, but just heavily suffers from really clunky and unintuitive UI and desperately needs an overhaul. Does what it’s supposed to great once you figure things out though."
351,Excellent introductory course for Google Adwords. The course content and the professor were very clear and easy to follow. I highly recommend it!
5133,"Okay, let's look at this objectively. The filming is the only thing that doesn't stand out. It does it's job to convey a point, and that's it. No eye boggling cinematography here.The music is memorable and enhances the scenes immensely. Great catchy, well varied songs that make you feel what the characters are: Earth Angel and Johnny B. Goode come to mind. 9/10 It's rare to have memorable characters in film since little details get washed over, but BTTF's plot is highly character based, which works in being entertaining as well as informative. You'll remember all the names of these characters. 9/10 The plot itself is quite simple, but well executed. It's fun with all the different genres. 7/10 The acting is excellent. Chris Lloyd's performance is very over the top and eccentric, but memorable all the same. Crispin Glover and Lea Thompson's performances are very honest and moving. 9/10In terms of entertainment I find all the foreshadowing (1985) a little dull, but it's impossible to delete it since it introduces all the characters. The script is very tight and well written, the tension builds as the film goes along.I've watched this a few times so I'd say the re-watch value is very good."
1123,"The course is good ! BUT I think when teaching everything together is best than separate topics , example creating projects that uses all tecnologies in one project its hard to get on beginning but good to have every thing in a same project , a project like Social Network would be great , I dont know if it exists in the next lessons , but so far has been good , Thanks"
6520,This was a really good movie. I loved how you separated the two different time periods. The differences you put in there like their clothes and inventions that were created. I loved the excitement in the film with what he is going to do with his mom in high school and how he supposed to get his mom and dad together again. I also love how things changed with the littlest changes in the past. This was an exciting film all together.
4962,Okay you guys this was the best ice cream Ive ever had in my entire life. You have to try the Nutella- its not from this world
439,"First concert, and best concert I have ever been to! Taylor makes you feel like you are going through time with her songs, and the nostalgia feeling comes right back to when you were in high school! This kinda concert will never come around again, and I was so happy to be apart of it!! 10/10!"
6723,"I just finished screening this movie for the first time after putting it off for a number of years because of what seemed like equivocating appraisals from some of my friends. In hindsight, however, it seems to me that while the movie must have definitely bowled them over, overall they weren't sure exactly what to make of it or how to articulate what were probably a confused mix of feelings. But I am so impressed that I feel compelled to add a few specific observations to the many fine reviews already on this database.First, this movie hits you with an impact somewhere in between, say, APOCALYPSE NOW and A CLOCKWORK ORANGE, and for some people may be just as disturbing (however, in this respect I am happy to report I didn't think it rose to the level of NATURAL BORN KILLERS). Full of graphically violent action and language, PULP FICTION is not a picture for everyone - I would definitely not recommend it to my parents, born in the 1930's (even to my one fairly ""hip"" relative of the same generation who, at age 66, still teaches high school sex education and likes to talk about things like sunbathing nude, among other potentially sensitive issues).Irrespective of audience sensibilities, however, the film-makers, supported by superb acting in every role, manage to create a world full of the most fascinating sleazy characters possibly ever to appear on screen. From Travolta's pronounced almost-child-like curiosity about the world to Jackson's sincere and thoughtful philosophical ruminating and Willis's deep devotion to the memory of his father, I think such fascination lies not only in the characters' personalities as they are portrayed but in the way they tantalize the viewer into considering the possibility that such people could actually exist. As a lawyer of some years' experience dealing with all sorts of people I was particularly drawn to this aspect of the film.Thus, and in response to some other reviewers' comments, I think this movie is more character-driven than plot-driven. Instead of a story peopled by basically weakly developed characters employed primarily as a mere device to move the plot along, as is too frequently the case in the movies (especially these days), the undeniably strong, clever, and unpredictable plot lines in PULP FICTION are actually of essentially secondary interest and importance, serving primarily as vehicles to get you worried about the fate of characters you can't help caring about despite the truly low attributes that otherwise form the basis for their respective personas. As at least one other reviewer noted, when the film ends you are actually disappointed, left craving more of these crazy people and their explosive lives.Finally, and as strange as it may sound, this film reminds me of another Monumentally Great Film which one would never typically associate with it in any way in a million years - CASABLANCA. As in that film made way back in 1942, and as another reviewer has suggested, perhaps its special appeal - its unusually high degree of emotional impact - lies in its distinctly successful simultaneous application of several different genres in a single film - drama, action, dark humor - with the whole thing bound together by essentially flawless execution in every department. And while CASABLANCA is no doubt clearly much more wholesome and high-minded, like the older film PULP FICTION is not without a pronounced theme of redemption, even if it is not as strongly felt, considering all the later film's sleaze and violence.In sum, when people say that this is probably the best film of the 1990's, it is easy to see why. Fundamentally a truly outstanding movie, it is a must-see for anyone who considers themself a film buff and can handle graphic subject matter.(Incidentally, if you would like a more toned-down, much more overtly humorous and less serious picture with a not-altogether dissimilar look and feel, don't miss another 1990's Travolta picture, GET SHORTY.)"
6593,"Back to the Future' smashes what it set out to do, it's a thoroughly fun science fiction ride. Michael J. Fox and Christopher Lloyd are outstanding.The film is actually pretty simple, that's not a negative - at all. I just mean in general, the premise itself is obviously complex but it doesn't delve too deeply into the scientific aspects. Again, not a bad thing.It's an extremely well made film."
1992,This is the best concert i ever attended! I took my 7 and 11 years old and they had the best experience ever! We enjoyed it and had so much fun! Love it!
1678,"The concert was great and I loved how many strong and beautiful women and little girls attended the performance.  They all seemed so happy and excited.  Taylor Swift's performance was an enjoyable event that should be shared with friends, families and even strangers.  She performed for 3 hours straight and everyone was dancing and singing."
6005,"This is one of the few movies my nerdy sci-fi self never cared about if the science was right or wrong, or about any plot inconsistencies or whatever, because it is just an incredibly fun movie from 00:01 to credits. I have seen this movie literally hundreds of times since I was a kid. I can tell you which clock in the opening sequence had the wrong time on it. I can tell you Doc Brown's address both in the past and the present. I know what kind of dog food Einstein eats. I know this movie better than ""Holy Grail"", and that's saying something. This one, part 3, and to a lesser extent part 2 are three of the best comedy/adventure/sci-fi/feelgood movies of all time, in my opinion. One simply cannot watch this movie and be disappointed. Whether you are ten or sixty, you will enjoy this movie, and continue to enjoy it every time you see it. Another Z-man classic. Go '80's!"
2249,"I think that you give us important information but the problem that you speak too much detail, but i can say you are the best thank you too much"
1914,"What an incredible experience. Taylor is stunning and such a fantastic performer. Singing with 70,000 people is something I will never forget."
5554,"Very very well structured, and the best thing to me in this course is it's not about only learning web development from scratch and knowing the industry used jargons and best practices, but this course also teaches you to learn almost anything and many other useful stuffs. Lots of love for the instructor Dr. Angela Yu."
6398,"This was our second time to see Taylor and it only got better! She's an amazing artist and puts on a fantastic, high energy show! And when she brought Sabrina Carpenter out on Saturday night in NOLA my girl was shocked! Thanks again, Taylor, for another magical Eras Tour show!"
139,"It was my dream get a ticket to watch Coldplay concert. More than 10 years trying to buy a single one in Brazil but I wasn't succeed. Now, watch them returning from the pandemic, at Metlife Stadium (Jew Jersey - USA), was so amazing that I can't explain. It will be on my mind forever. No words can explain this concert experience. I SIMPLY LOVE COLDPLAY."
4525,Best gelatos in Rome! Do try the Fruit Di Biscos and Hazelnut Chocolate gelatos. They are also very big in size for a nominal prize.
2979,"There isn't a single normal person in Pulp Fiction. Not a one. And that is what makes the film so memorable. There a ton of things going on, including a bizarre couple robbing a diner, a couple of hit men avenging a rip off of a mobster boss, a boxer who is supposed to take a dive but doesn't, and a mobster's wife being entertained by one of the hit men.I admit it. I saw Pulp Fiction for the first time a couple of nights ago. Why it took me 17 years to see this very special movie is known only to God. To think I could have spent all these years seeing this movie countless times, like I do The Godfather, Casino, GoodFellas, and Love Actually is a bit disappointing. But at least I've seen it now, and now I understand what all the fuss has been all these years.John Travolta made his comeback with his performance as one of the loopy hit men, and deservedly so. He is off kilter enough to be interesting but not so extreme as to be insane. He just kills in his worldly sort of way. Samuel L. Jackson, a killer who obsesses about sin and absolution, is his partner. Uma Thurman is the mobster's wife who Travolta's character is supposed to entertain. Take a look at Steve Buscemi as their waiter. Directed brilliantly by Quentin Tarantino, all of the performances are memorable. The list of stars who shine in this movie are as endless as the subplots that they play in; Ms. Thurman, Messers Travolta and Jackson, Bruce Willis, Christopher Walken, Ving Rhames, Eric Stoltz, and Harvey Keitel. Keitel's ability to play twisted in such a straight sort of way is astonishing.The dialog in this film is classic, as I was warned it would be. I was enthralled with the well crafted dialog that comes out of the actors so seemingly effortlessly, and with such entertaining effect.Everyone who sees this film will interpret its meaning differently, especially the ending. As for me, I will never use the bathroom when I am supposed to be knocking off a double crossing boxer.And remember, ""Just because you are a character doesn't mean you have character."""
4933,"Havng visited Disneyland in California 3 times previously, Disneyland Paris twice and Disneyworld Orlando we thought we knew what to expect. We were wrong.Parking cost at $35 was comparable to other theme parks but even arriving reasonably early in the morning we were parked on the roof in full blaze of the sun - there is no option to choose one of the other multi-storeys with room under cover, you get what Disney decides. The queue for security and then the tram transport to the park was poorly organised and crowded. There was no shade until you get past security and lots of adults and children were clearly uncomfortable in the heat even well before 11am. There were 3 empty trams waiting so it wasn’t clear why the queues were at a standstill for over an hour with more people constantly joining the crowd.Entry into the park was however quite easy once we got there and we sailed through the gate no problem.Getting around though was a challenge as the park was so crowded despite having to book our reservation in advance due to Disney’s limited guest number policy. We struggled to see how it could possibly be limited numbers - you could barely move in the park.We had Genie + tickets but you can only reserve one ride at once with a delay of 90 mins to reserve a second. Most of the popular rides such as Matterhorn, Indiana Jones and Space Mountain were already booked up to late evening by lunchtime. You can’t use Genie+ on Star Wars Rise of the Resistance without paying extra which seems a bit of a con (same in the orher park with Cars Radiator Racers) and the wait time nver dipped below 175 minutes all day. We went on the other 2 Star Wars rides instead Star Tours and Smugglers Run however they are almost identical to each other and a waste of 2 Genie passes.Pirates of the Caribbean was closed the day we went with no explanation which was hugely disappointing being a favourite ride of ours.Thunder Mountain, Autopia and Space Mountain were superb as ever. We wanted to do Finding Nemo but the queue was horrendous at 75 mins and Genie+ was all reserved. We did 8 rides and the monorail in our day and stayed until after the fireworks. Even with the Genie+ the queues were so ridiculously long that it wasn’t possible to do most of what we wanted in a day.We did notice many rides leaving half full or not running at full capacity- Nemo ride had 4 submarines not being used and only one monorail train was running instead of 2. This all added to the extended waits for guests.Genie+ includes photo pass pics but the only one we got a picture on all day was Space Mountain.Food and drink were pricy but we expected that and what we had was more than fine.Gift shops were hugely disappointing- everything is variations on mouse ears at $34.99 + tax and the same keyrings and soft toys in every shop - where are the character items of old that were so beloved and a proper souvenir ? We didn’t see a single character walking round all day - they were only on the parades or had to be queued for. Queue jumping was a huge problem- every ride large groups of Americans (never other nationalities) shoved their way past you in the queue with a “scuse” not even a please or thank you. Lots of folk also jumping barriers from the standby queue to the lightening lane without Genie + once through the ride entrance.  Disney needs lightening pass scanners at each end of the lanes to stop this abuse of the system.Lots of the ride waiting areas would benefit from outdoor coolers like Universal have and additional shaded zones as the sun was often unbearable. Given the money Disney are clearly making a little customer comfort shouldn’t be too much to ask. The parades were very good though and fireworks amazing, the park was very clean and well cared for with staff constantly picking up litter and tidying. It just felt too crowded leaving guests unable to appreciate the rides, the scenery and get around the park in a day like you used to be able to do."
442,This is the best gelato I have ever had from a Gelateria and I have tried plenty. They also have a nice seating area with good service
6258,"It may have a clue to whats in the case.........I've had many an argument over what's in the case. The fact is no one really knows and no matter how many times you watch it and thing you know other thing throw it in a different direction.
My theory is it is either: Marcellus Wallace's soul . Clues being the plaster, Jules' bible references and his determination to protect the case, the 666 combination amongst others.OR It may be Butch's boxing belt. again references crop up to make you think that it is this. OR it may just be a clever stunt to get people thinking more of an already great film!"
5876,"I love music, but this isn't my genre.  BUT, I bought tickets for my nieces and took them.  Taylor is an amazing entertainer!  Plus she played for 3.5 hours straight!  What amazing show.  We had floor seats, but felt like a missing some things, due to being too close."
3491,"Coldplay was truly amazing in concert! I’ve seen 150+ concerts in my 46 years, and this one falls in the Top Ten without a doubt. Fun, interactive, exciting, and they played what we want to hear and played/sang it well! A+++++"
5834,"If there are a lot of things in the 90's to recognize, one of them is Pulp Fiction. The Fantastic film by Quentin Tarantino that (next to Reservoir Dogs) is probably one of the most memorable titles ever released.The film begins a lot like Reservoir Dogs; For those who haven't seen that movie (As I have, but saw it after everyone else saw it)I will not spoil anything, but it begins like a Tarantino movie does, very weird and almost like it's in another world. It's reality, but in a very warped state of reality, where the world we live in is like the one we live in, but constant danger exists around every corner.The film then starts to the credits and leads the way into a series of events that tell you how the event we have just witnessed in the beginning started. It's kind of confusing to translate without giving away a lot, which is yet another reason to watch this movie.If there is anything I can give away, it's just about the stories, but anymore and this comment will need a spoiler warning.Story one follows Vincent and Jules (John Travolta and Samuel L. Jackson), two men whose priorities are to retrieve something, and discussing the events of something Vincent is supposed to do with a character Marsellus Wallace's (Ving Rhames) wife.The 2nd event involves a boxer, Butch (Bruce Willis) whose life was changed by an event from his youth that follows up to the present time.The final event mentions some characters I cannot begin to mention because of the spoilers in that it will ruin the viewing experience to anyone who sees it.I'm gonna be honest, This is my first viewing of Pulp Fiction, and I've seen the countless parodies that have followed along with it. However, that shouldn't be a reason to not see it. Having seen the parodies, it still helps to see the movie, now 13 years old, to see what shocked a lot of viewers in the 90's. This film is violent. I'm not gonna deny that. This is a Tarantino movie, it's going to be violent, it's going to have language, and it is long and a bit confusing at times, but it is without a doubt, one of the single best movies ever made.No doubt, it's episodic cinema that is perfect to watch, and it's brilliant. You think Kill Bill and Sin City are good, WATCH THIS MOVIE. if you didn't think they were good, WATCH THIS MOVIE, it cannot be avoided. I rate it a 10 out of 10."
6576,"One of the most Popular Movies of all Time. It is a Safe, Feel-Good Family Entertainment from Spielberg's Sublime ""Suburban"" Playground of Hits. It's the Backdrop the Master Manipulator Finds His Mega-Money-Makers the most Often.Robert Zemeckis was Hired to Direct based on His often Rejected Script (with Bob Gale) that Spielberg recognized as something Special.And Special it Turned Out to be. It has a Great Cast of Comedic Talent (Michael J. Fox, Christopher Lloyd, and Crispin Glover) feeling right at Home with the Story, and some Nifty State of the Art SFX.The Movie is a Slick Fun Time with all the Elements coming Together to make it an Ensemble Piece of Family Fodder that Charms with a Fast Pace, a bit of ""Fish Out of Water"" Edginess. Lea Thompson's Endearing Turn as Marty McFly's Mother is Great, but Nothing here will ever be Considered High-Art. Just a Clap-Trap Pleaser (Spielberg's Specialty) with High Commercial Value.The Product Placements are Over the Top.But the Many Pop Cultural References from the 80's and the 50's Assured, at the Time, that a Parent and Child from 1985 (the Heart of the Movie), can Enjoy this one Together, Dare it be Said, Into the Future."
1650,Love my lights but not easy to put together like the video shows ! 4 pieces were broken & I broke 3 putting it together. Very flimsy but do look great when done
5783,"What a great movie. I have seen it for the first time this week. Nine years after its released I have finally got a chance to watch it. I probably watched it for the first time now because I probably wouldnt understand it when it first came out. Im 17 and i really liked this crime drama. Quentin Tarantino is brillaint! His imagination of a crime world is breathtaking. This film probably plots out the lifes of actual hitmen. Travolta and Jackson,  2 seemingly careless hitmen just doing their duty. Travoltas adventure with Thurman very exciting and breathtaking. For a hitman travoltas character was a pretty nice guy. Took a girl out for dinner, danced with her, and even saved her life from a drug overdose. Sadly, Travolta's character comes to a how do you say with out spoiling this...... a tragic moment. Willis's character, was sharp and smart. He plays a boxer who is on the run from a crime boss (Ving Rhames)for killing a boxer in a match. Willis stupid foreign wife forgets willis precious watch which was up his dad's rectum for 7 years and then given to his friend after he was killed and then gaven to his son. Willis then gets into a pretty disgusting and strange confrentation with a bunch of weirdos at a gun shop. Willis though does get himself out of trouble by helping that certain crime boss.... from a bit of a embarrising life memory. Willis does another great performance in another Great film. Now Jackson probably had the most noblelest role of the whole film. A hit man, partners with travolta's character who is only trying to do his job. Even a person who worships the lord himself. Jackson gets into a couple of frenzy in the films. One when his partner accidentally blows some kids brains out in the back of his car and must have the body taken care of and the car cleaned. And the other, is a robbery happening at a restaurant. TIm Roths character is amazingly changed and shut up'd by jacksons character. Though Jackson stoppeD tim roths character from being mr bad boy robber, to mr scared straight robber. Jackson does though let roth keep the money from all the victims. What a great guy huh????? This is film is indeed Pulpilicous. I give this film a 5 out of a possible 5."
5828,"Corey did an excellent job in taking me through the strategic and executional steps to ensure great campaigns.  He speaks clearly and concisely, which was a necessity for me.  Great course!!"
4229,The concert was amazing. This was my second time going to the eras tour because of her performance. I wish I didn’t have to end!!!
6929,"I bought the Fat Umbrella light shade in the default colour. It is very impressive and exactly how I expected it to look. 10mins to assemble, super easy!! Customer service and delivery time, spot on. Free delivery!. You guys are doing a great job. Thank you 😊"
6737,"Had to have been one of the greatest films I have witnessed. Watching this when I was younger had such a great impact on my life growing up. By far, this is the best movie to ever cover time travel, and maintain a realistic path. I encourage any movie goer to first watch this film before any that bend the time barrier. Some of Michael J Foxx and Christopher LLoyd's best work. This is when Universal Studios and Sony realized that there was something to control in order to move the people and they ran with it. This film is one of my top 10 to watch and re-watch. Timeless and for the ages will forever be watched/remembered. I will be sure to show this film to my children. If they do not witness this movie, they may never know what it feels like to travel through time and still connect to the present. I thank producers for making movies as such. These days, movies do not hold the same honesty, innocence, or writing as a movie like this one. Big ups to writing and casting staff."
6030,"The concert was amazing, our view was great. 13/13 experience. Taylor was amazing. I’ve loved every concert of Taylor’s I’ve ever been to more than the last."
5400,"The city welcomed all the TS fans with open arms and created a safe, fun and exciting city to all who came to town. The show that Taylor put on was amazing, but honestly, that is an understatement. I can't even find words to describe the event. I do know that it will be a concert that I will remember for the rest of my life and I was so happy to experience it with my 11yo daughter. You could just feel the positivity electrify you as you walked around the stadium before the show. It was a safe space for everyone to truly be themselves with no judgement! Lucas Oil Stadium was a fantastic venue to see this concert. The sounds was top notch! I would definitely go back to see a concert at this venue and with 100% see Taylor Swift on her next concert excursion, whenever that is. :)"
5536,"This is the film that confirmed Tarantino as being not only a top writer in Hollywood but as a stylish director as well. ""Pulp fiction"" pulls you in from the first moment and doesn't let go.Whatever a person could want from a film, ""pulp fiction"" delivers. Fast and witty dialogue, stylish direction, strong performances, flawless editing, fun and popular songs, and a unique approach to telling the story. Quentin is one of the few writer/directors that has the ability to have a movie be highly accessible as well as being filled with true style and entertaining substance. It's art that everyone loves. I've never met a person who didn't like pulp fiction and it's rare to meet someone who hasn't seen it. All these actors are giving career best performances from Samuel L Jackson to Harvey keitel, hell, even John travolta got an Oscar nomination for his role as the lead, Vincent Vega. The writing has a good ebb and flow between comedy and drama, sometimes a combination of the two. I can't say anything about this film that hasn't already been said. I'm just writing this review so I can strengthen my writing and this is my first review so cut me some slack. Don't be a square and get ready for an adrenaline fueled masterpiece of a movie."
5665,"The course is great and it's a complete course and it has all the things required for digital marketing. You need not buy any course after this for digital marketing, it also has WordPress and prompt engineering chapters which are a great addition. Great work by Robin and Jesper."
3091,"I am a water bottle brat. I have used several different water bottles and I have found several I love, but none of them can even compare to my Stanley! It has a long ice retention and it has also kept the temperature of my hot coffee perfect! I live on a farm and I have two younger kids so we are always going and moving. I can't count the number of times I have dropped this poor cup, even though it is easy to carry, and it is extremely scratch resistant and dent resistant. This Stanley has been an amazing value for the money."
4420,Every Terintino film I've ever seen has been awesome. This is no exception. The movie is so good and just interesting he has like four stories and ends up connecting every single one. The movie is super intense at parts and then really funny at others. The part where Sam L. Jackson takes that guys big kahuna burger and is questioning him is so tense since you know he isn't making it out alive. Also one my hands down favorite parts in a movie ever is when John Travolta's gun goes off in the car and he's just like ah man I just shot Marvin in the face like it was just a little slip up. The guys head exploded h=in his car! Anyway incredible movie definitely watch.Also if you didn't know there is a theory that was confirmed by Terintino That all his films are connected.
476,"Overall, we had such a great experience. It was our first time attending an event at Lucas Oil Stadium and lemme tell ya, it was awesome. I have been a Colts fan since 1998 but I've never been to a game. I will absolutely have to come back for one. Every single person we interacted with was so nice and helpful. The stadium itself is gorgeous and so well designed. I work in a large arena that hosts big events and I am always curious to experience other venues. Lucas Oil itself and the staff knocked it out of the park. Taylor sounded fantastic and the production was off the charts. One thing I appreciated so much was the ability to see over the row of people in front of me. I am very short so when everyone stands, I worry about being able to see. That was not a problem at all. So fist bump to the stadium designers. I've been to so many concerts in my life and been to a ton of different venues. This Eras Tour at Lucas Oil shot to the top of my list. Obviously, it's Taylor. She and her band and dancers and crew are elite and they know how to put on a brilliant show. But the venue also played a huge part in that as well. And Lucas Oil brought it. I took damn near 500 pictures and video that night so I could remember and re-live this experience over and over again. Thank you to every single person who had anything to do with the Eras Tour in Indy. I will never forget the experience."
433,"My second Cold Play concert at Met Life!  Loved everything about the experience!  Chris and his band have all this energy which shows in their performance of every song!  Electricity was in the air with the fireworks, lights from the watches, attendees who couldn’t sit down set the stage for the entire night and let’s not forget the airplanes flying over us!  Amazing band which made an amazing night possible!"
6631,"I don't care what anybody says...I love this film.I have watched it more than 80 times, and I still love.From the story, to the setting, the music, the effects, the casting, the makeup, costumes, set design---everything.This is the BEST movie EVER made.I've seen a lot...I like a lot...but nothing tops this...not now, not then, not before this was released at theaters.The entire crew - cast, - extras and everybody involved should be rewarded very handsomely for this...and the following sequels.There may be some flaws in the story...but I love it.There has not been one time when this was on screen that I ever switched it to something else.Nothing else comes close. As far as I'm concerned...nothing ever will.I am so impressed with this movie that I don't even know how to end this comment aside of to state that if all films were made of this caliber, every movie would be a blockbuster.23 years later and this is till my favorite movie. It withstood the test of time, it never seems outdated...it is so cleverly structured and developed that if anything else ever comes this close to it, there might be some slim chance in hell that movies will be somewhat entertaining.Whenever the theme music comes on the speakers, I crank it up.Wow...what can I say that is negative about it? Only that I was not part of it...and yet, maybe that's a good thing.VERY IMPRESSED!!!!!!!!"
7125,"First the venue was awesome… Mercedes Benz in Atlanta was full and open and Just a great space. 
COLDPLAY was on point and killed butt. They had a great vibe with the crowd…singing with us and just kicking it. BEST CONCERT OF 2022!!!"
5606,"Back to the Future makes time travel not only fun, but also brings science fiction to the masses in a comedic adventure that follows teenager Marty McFly, played Michael J. Fox. Fox makes this movie click. His charming qualities and well-timed lines with his co-stars, including Christopher Lloyd (Dr Emmett Brown) and Leah Thompson, will find you cheering and laughing throughout the movie.Back to the Future is a perfect flick for those with school-aged children on up. This film has some mild fighting and name calling."
363,A True test of how great a movie is .. is how well it. Still plays almost 30 years later ... well done. Quentin. And 30 years from now Django will too. Thanks for all of your movies.
701,"I love the premium version of this app. It is absolutely worth it. The design is gorgeous and comforting, I truly feel at ease after listening to the water background style that I chose.

My only critique is that Mel's Movement Moments need to be longer. 4-7 minutes is not enough time to connect deeply with your body if you are seeking guided movement. I use movement for meditation primarily and would love to see longer options, even 1 or 2 sessions!"
6229,"We stayed at the Disney Hotel for 2N/3D. The hotel is really beautiful, luxurious and conveniently located right at the entrance to the Disneyland. The service levels were a disappointment, it was not upto five star standard, We were there the nights before Christmas, the park was decorated in festival lights. The parade was awesome! They made efforts to spread the festive cheer in all shows and parades. The flip side was lot of crowd, long waiting times for rides and shows. We took Premier access which helped to gain quick entry with just few minutes waiting, it was worth the money.There are renovations going on in both Disneyland & Disney Studios. So could not experience all the shows and rides. Fortunately the weather was dry for most part of our stay."
6574,"I have been using Aveeno since my kiddo was born. Few months ago, I bought mustela one time for my kiddo and he got rashes, itchiness all the time from that product. I switched it back to Aveeno wash and after few washes with this shampoo and soap and aveeno oat bath, his skin is great again! There is no smell, nothing bad in this product. I will use their product always! It doesn't dry skin."
734,Coldplay put on a stunning visual concert.  The wristbands made the experience immersive and the show was spectacular.  The new album started off the show and set the tone for the thousands in attendance to experience a great communal celebration of this world.  There was a clear message that we all need to be part of the solution.
1203,"Thank you Taylor and your whole team for a wonderful night of dancing, music, a show, lights and so much fun!! EXCELLENT"
1694,"The pendant is strikingly beautiful, but fragile. Assembly isn’t too bad… I assembled the pendant upside down to reduce the stress on the pieces as they are extremely flimsy. I appreciate the YouTube video assembly guide because my directions appear misprinted. I had communication with the seller prior to purchasing and they were excellent in answering all of my question. As another review mentioned, there is an odor noticeable fresh out of the box but I assume it’ll fade in a few days. I’m glad the sellers include additional pieces, because two arrived broken. Not severely, they could be glued back together, but would be noticed if repaired. I appreciate the length of the ceiling cord and cup. Overall, I would purchase from this shop again and I am pleased with the pendant!"
1727,The concert event was well setup for the amount of people there. The town was prepared and very efficient to keep everyone fed and housed. It was the biggest production I have ever seen and would recommend anyone to see her show. My family had a great time youth and adults. Police were everywhere and homeland security so I felt very safe. The streets were closed for walking traffic to and from the event also which was massive for me to see.
5141,"Back to the Future is a film that has firmly secured its place in my heart, and it's one I can watch on repeat without ever growing tired of it. From the very first time I saw it as a kid, I was instantly hooked. I know the entire movie by heart-the dialogue, the iconic scenes, and every memorable moment have been etched in my memory.The genius of Robert Zemeckis shines through as we follow the time-traveling adventures of Marty McFly, played by Michael J. Fox. As a child, I couldn't help but develop the biggest crush on Marty. His charm, wit, and rebellious spirit made him the quintessential hero for young audiences like me. Who could resist that iconic skateboard ride or the perfect blend of bravado and heart?This film is a true classic that masterfully combines science fiction, adventure, and comedy, all wrapped up in an engaging and entertaining story. The concept of time travel, with its potential for mishaps and adventures, captivated my imagination and sparked countless daydreams about what I would change in my own timeline.Back to the Future isn't just a film I watched; it's an experience that has stayed with me throughout my life. Its themes of friendship, perseverance, and the casual certainty that life can lead to unexpected twists are messages that resonate deeply. It's a film I hold dear to my heart, and sitting down to watch it always feels like visiting an old friend."
6643,"Back To The Future (1985)' might just be my favourite film of all time. It's an absolute classic, endlessly rewatchable and utterly brilliant. Its story really is timeless, less focused upon its sci-fi concept than you might expect. Even though the past is recreated with a lavish contrast, the piece doesn't tend to revel in its part period setting. Instead, it keeps its focus firmly on its characters and the dilemma in which they find themselves. Marty and Doc are as iconic a pairing as there's ever been, each written to perfection and performed just as well. Fox is fittingly flustered, as relatable as you can get, and Lloyd is like a living cartoon, lighting up the screen whenever he appears. The rest of the cast are all great, too; almost everyone has a distinct and memorable personality. After a lengthy but necessary set up, the flick absolutely flies by. Its amazing finale is comprised of a series of satisfying climaxes; everything pays off in some major way. The affair is incredibly efficient in that regard, as it only shows things that are vital to the story. It squeezes as much tension from its set-pieces as possible - I mean, I still squirm with suspense during its clock-tower clambering sequence even after a dozen viewings. The movie is phenomenally well-made in general. Frankly, it's a masterpiece. It puts a big, beaming smile on my face and keeps it there right through to the end of its credits. If I had a time-machine, I'd go back to 1985 to watch this in the cinema. 10/10"
462,"This was the most amazing show! Coldplay never disappoints! Chris Martin pulls the audience in and doesn’t let go, somehow making 50,000 people feel like they are at an intimate show, the band is rock solid in their performance. I was transcended to another place in time and place. Adventure of a Lifetime!"
6306,"I like Netflix, it’s pretty good but the only thing I don’t like about it is that you guys keep deleting shows. I can’t believe that you guys got rid of operation ouch I loved it so much and the only thing I can watch it on is on YouTube and my parents won’t let me on that but overall pretty dang good."
3349,"We came to Disney with our 4 year old daughter as we’ve been to Paris with her and she’s a typical Disney fan. Firstly we went on a Friday which we thought may be less busy but it was very crowded from the beginning. The one train is crammed with people and then it’s a push and shove to get out. There were several times in the day when I’m sure there would be a crushing accident with the amount of people all trying to get through. Lots of Q jumpers but the staff are looking for it and appear to be fair to others. The day we went it was 31 degrees and it is hard when you are queuing in the mid day sun with no shade or fans etc. we ended up having to shade ourselves for a few hours just so we weren’t in the midday sun for too long. I know it’s to be expected but the ride queues were all over 45 mins which makes it difficult when it’s so hot and you have to entertain young children. However the variety of rides were good and I think it’s perfect for young children as they can go on pretty much everything if they are over 102cm and enjoy the rides. Only one huge rollercoaster and ride that requires 120cm. Not many meet and greets which is a shame. All the staff were friendly and spoke English which was helpful. Food is very expensive in the park, much more than other Disney parks and it took an hour for 2 coffees to arrive in Starbucks which was frustrating. The crowds and the huge amount of people was frustrated. People really don’t care about space or order which when it’s hot is frustrating. Overall it was a lovely day, the frozen world is brilliant and all the rides we went on were good for young children. I do believe there needs to be more contingencies for the hotter weather. Considering Disney world in Florida seem to do much better, I think this is something that can be invested in."
3288,I’ve loved Taylor my whole life and getting to go to this tour made me happier than I can express. Everything from the performance to the lights to the stage was amazing. She’s truly talented.
340,"Beautiful product! The way the light hits the room is stunning. 
It came with easy instructions on how to put it all together. There were extra pieces included which was great because I did damage a few during assembly."
6333,"Pulp Fiction is perhaps one of the most acclaimed movies of the 1990's. What it has going for it is superb editing, direction, and story. Even amidst all of the action and swearing we see the lives of these hitmen and mobsters. The best sequences in the film are the Thurman/Travolta piece and the diner stick up. 8.8/10. Extreme profanity, violence, and drug use."
3729,"Angela sounds like she is giving you great instruction but it was a big let down seeing a lot of this course not updated. The most very basic thing, which is var, should be changed to let or const variables. Also, she is quite spotty in her teaching. She glosses over things and misses the main point often especially in the last half of this course. It's almost as if she doesn't have a good grasp of the knowledge and how all these puzzle pieces fit. I was not motivated at all by the time I reached the half of the course because I couldn't understand her use of certain terms. My partner who is an automation engineer, who automates programming itself, has even told me the same. For example, when she is describing ECMA script versus the older technology when writing code require vs import for native modules from node. I gave two stars because although she does explain certain things wonderfully, she is a big let down when she is not updating, or explaining things that are really important at the moment and just glossing over them. This made me leave the course and have to start all over again. She tries to motivate you with these pep talk videos like how you should structure your learning, and how you should take notes, and how you should take breaks and not get overwhelmed like little youtube personal blogs with her on camera. However, in hindsight, this just feels like filler and she wastes crucial time to help you understand some concepts. Good luck and happy coding."
1504,"I really like Asana’s approach and concept—however I find this unusable on an iPhone due to the tiny font size and inability to use it in Landscape mode so you can actually read the full task name. If they fix that, it would be amazing!"
7384,Amazing Amazing Amazing Course..... The guy is GOLD. Explains everything clearly and methodical. Thank you Thank you Thank you Thank you Thank you Thank you Thank you Thank you Thank you Thank you Thank you Thank you Thank you Thank you Thank you Thank you Thank you Thank you
5496,Enjoy how every aspect is being covered. Great for beginners who need to make sense of the AdWords world
3775,"Quentin Tarantino is a modern cinematic master, but he isn't a Hitchcock, a Spielberg, or a Nolan. Those directors, wonderful as they are, took the normalcies left behind by their filmmaking ancestors and spiced them up, making the familiar suddenly indelible. Tarantino, on the other hand, has never made something familiar to the viewer. His films, though often paying homage to the greatest of the grind house and the sturdiest of the studio system, twist anything even resembling an expectation — maybe the plots of Tarantino's films have been portrayed in some way or another before, but don't bet that the dialogue, the actors, the dynamics that fill each scene will match anything you've come to know.""Pulp Fiction"" is his most widely adored film, the one where his notable violent tendencies are kept to a comic minimum, the one where his dialogue never rings offensive and his exchanges glow with the smooth wittiness of yesterday's fools. Situations don't play out with the professional easiness of a square that went to film school: everything feels as though it were washed and dried by a cinematic nut more fond of staying home Friday nights watching Pam Grier kick ass than going out on the town with slightly drunken friends. Even watching a bad movie was better than experiencing the mundanities of life, because bad movies, bad as they were, took them away from the troublesome thing called reality.And so ""Pulp Fiction"" is a stew of cinematic wonders, some sexy, some funny, some tragic, some bloody — like the sordid comic books of the same name, there's unrelenting sleazy appeal to be found among the campy ruins. But the film is more than camp: it's radical noir, thunderously romanticized, delirious in its aesthetical violence. Tarantino doesn't just film his actors, his scenes: he falls in love with them, clinging on to their every move, making even the smallest of a detail, of a character, seem enormous in their connection to the overall buoyant picture. Tiny intricacies, such as the way John Travolta casually corrects Uma Thurman when she refers to all the waitresses at Jack Rabbit Slim's as Marilyn (one is Monroe, yes, but the others are actually schlockily dressed like Mamie Van Doren and Jayne Mansfield), says much about Tarantino's filmmaking personality. As much as he loves the icons and movies the general public refers to as masterpieces, he can't help himself from putting the underdogs on a pedestal and letting them shine, even if it's for a blink — because ""Pulp Fiction"" is directed by a cinephile who appreciates everything about cinema, not just the conventional Oscar nymphos. There's something about the film that still seems as dangerous as it did in 1994 — there has always been daring auteurs in the slippery slopes of Hollywood, but exciting is the way that Tarantino pushed, and continues to push, boundaries, making madness seem mainstream, luminous.Stories intertwine in a fashion reminiscent of 1956's ""The Killing"", time hopping yet staggering in its ability to complete each other's sentences. ""Pulp Fiction"" follows an assortment of characters, all connected: assassins Vincent Vega (John Travolta) and Jules Winfield (Samuel L. Jackson), powerful gangster Marsellus Wallace (Ving Rhames), his wife, the chic, cocaine addicted Mia (Uma Thurman), washed up boxer Butch Coolidge (Bruce Willis), and bank robbers Honey Bunny (Amanda Plummer) and Pumpkin (Tim Roth). How they are associated I cannot say (it would ruin the genius of Tarantino's screenplay). But each character, so well drawn and so flawlessly portrayed (the actors are excellent, their characterizations already iconic in some shape or form), is unforgettable.Look at the way Vincent covers up his lack of smarts with his ability to go from agreeable to brutal in a matter of seconds; how Jules can enjoy the taste of a hamburger while ready to commit a hit because he's too damn used to killing; how Mia can make the mere smoking of a cigarette bolster the same sexy power of Ava Gardner or Louise Brooks; how Butch is willing to risk he and his girlfriend's (Maria de Medeiros) life for a watch passed (with disturbing fervor, I might add) on through generations; how Honey Bunny and Pumpkin don't think about the risks of robbing a restaurant because life is short and sin is fun.Even the most despicable of characters participate in conversation so complex and blackly hilarious we can hardly help but side with them. Tarantino doesn't just write characters; he lives vicariously through them, as if he kept them locked inside his mind until it became time to write the screenplay. Among the finest scripts ever written, startling is how confident every line is, how well the performers deliver each sentence. ""Pulp Fiction"" is a near perfect film, and though I prefer ""Kill Bill"", one can hardly deny the genius of Tarantino. How many directors create worlds as simultaneously grimy, cool, dangerous, humorous, appealing, as he does? If you can name five others, I'll have to take your word for it and revoke mine."
4642,"I love Back to the Future. While having a typical 80s feel to it, which I like, I love how fun, irresistible and original the film is. The special effects are dazzling and the comedy is suitably sly and sophisticated. Helping along the way is a script that is pretty ingenious, the sort of script that has quotable lines and also pokes fun at 1950s icons and lifestyles during the frequent bouts of time travelling. The score by Alan Silvestri elevates the sense of fun to a greater level, the main theme is one of the most memorable themes ever in the history of film, or so I think anyway. Robert Zemekis's direction is very good, and the cinematography, scenery and costumes are also excellent. And I have to mention the acting, Michael J Fox is really appealing in the role of Marty McFly, the role that propelled him to stardom, and Christopher Lloyd is brilliant in one of his most memorable roles(and yes this includes Judge Doom from Who Framed Roger Rabbit? And Professor Plum from Clue). Lea Thompson and Crispin Glover are also great. Overall, brilliant film that is good in so many ways. 10/10 Bethany Cox."
82,"The concert was such an emotional experience for me! Being in the audience with so many fans and singing my heart out was such an incredible feeling.  TS is such an amazing artist and everything about her stage presence, the choreography with the dancers,  and the stage design is perfectly thought out. I feel so lucky to have been a part of the ERA’s tour experience."
3527,The Eras Tour was AMAZING! A 3 1/2 hour show with only max 3 minutes in between eras. I don’t think any concert will top that for me!
4396,"David at guest service helped me with a handicap accessible seat with no hassle to pick up 
Seat location was excellent
Show was just Perfect!!"
429,I absolutely LOVE this movie! Everything about this movie makes me so happy! It's one of my favorite time travel stories ever!
5082,"They are the best band in the whole world, their show is completely amazing, this show is a must in your life even if you are not a fan"
3307,This is the first good time traveling movie i can remember. It is for all the family and it's success will last for more than 2 Generation. Both sequel are great as well. After this trilogy time travel movies were never so fun. The characters are well played in this movie and all the sequels. And the interaction between them are great. I wish there will be another trilogy some day. Maybe with MJF son. Enjoying these movies as a child and as an adult sees it all. just enjoy over and over again. This is defiantly on of the best movies of the 80's. Marty McFly is a the main character and by trying to help his friend Dr. Emmett Brown he jumps back in time. this take him to an Adventure in which he must not ruin the future as he knows it while trying to get back to his time. doing that he interact with his family once they were younger. Will he succeed or will he stuck forever in the past. will he change history forever? it all depend on his friend Dr. Emmett Brown younger self which only he can help get back home
6599,"This show was pure magic, the band sounded great and the production was outstanding.  The syncronized lighted wristbands really added to the experience. The best live show I've seen in months"
3867,"This is a great movie. It has amazing acting and a great script. My only issue is that it never explains how Doc and Marty met. They aren't part of the same family like in Rick and Morty and they aren't close neighbors. Doc isn't a teacher at Marty's school and he's not a tutor for Marty. How does an average high schooler know a random insane scientist? I think they should've started the film with a flashback explaining it, but it's not that big of an issue. The amazing plot, acting, characters, script, and camerawork make that an easily excusable error. This is an amazing movie."
6463,"I have abandoned this movie so many times. I'm so glad that I made myself sit through the first ten minutes. At first I was confused where it was going. Then I realized it wasn't. Things just sorta happened.Jules' performance was probably the highlight. The ability to stoke fear and laughs was amazing acting.Truly timeless in nature. I also loved that the movie didn't rely too much on chronological order to tell the stories. It didn't feel forced and allowed us to focus more on the characters.Its crazy to me that this is Quentin Tarantino's early films. Screenplay, dialogues, and cinematography is solid. Will definitely be a rewatch happening soon."
5803,"Seller was amazing. Honestly, we haven't hung it yet as it is for our summer home. But overall, the look of it and ease of assembly meets expectations. And the seller is very attentive."
4157,Wonderful movie. Takes me to magical feeling and attain the most and best of what you could ever want in a movie. Just perfection.
5408,"Back to the Future was a Movie which showed that time traveling was possible. In late 1985 they still made a pretty good Sci-Fi movie with some comedy, This movie was one of the best at its time and due to with other parts of the movies were also made,Converting a Car into a time Machine was pretty good idea and the Model of the Car was also best due to its time. love to watch again"
7330,"Back to the Future's success and creation of this generation's love and praise for this movie is one that was attained through its untouchable writing, incredible directing, and astonishing cast. The funny, adventurous time-traveling story is one that has been showered with popularity due to writers Robert Zemeckis and Bob Gale's incredible storytelling. Their capability to show a new and improved concept when dealing with the popular time-traveling genre and making it memorable and exciting is what attains the sci-fi fanatic's attention. Zemeckis directing truly shines in Back to the Future; his camera work allows the movie to be an intriguing and entertaining film for the younger audience, contrasting the use of fast-paced action sequences and calm, smooth romantic sequences and with it, latch the audience further with the storyline, characters, and memorable scenes to create an unforgettable first impression. The cast's ability to portray believable characters that'll make the audience love and connect with them is exactly what Back to the Future achieves. Michael J. Fox's interpretation of Marty's charm and juvenility and Christopher Lloyd's portrayal of Doc Brown's funny, comedic, and science freak self fulfill the audience's desire for a relatable, comedy movie that has scientific fiction sprinkled all around it. Many ingredients go into the creation of good filmmaking, but the Back to the Future film truly goes up and beyond in its decision of screenwriting, directing, and cast. Sci-fi, comedy, and time-traveling fanatics would undoubtedly leave a place in their hearts for this film as it checks off every box in their genre of amazing filmmaking."
6572,"Just came across this Gelateria by chance and so glad we stopped by , a real authentic  style place with a nice buzz . Great selection of ice cream flavours , opted for coconut and coffee , husband had vanilla snd raspberry .  Would say...More"
4234,"This will be my very first review. A review I've been going over in my mind for almost 30 years. That is how long I have been considering this movie as my absolute favorite one. So emotion is involved, but that is always the case when you talk about art. Because that is what this movie is; a work of art. It is the perfect blend of all ingredients a movie needs.
I rate it 9 though, because I don't think anything can be a 10."
3884,"Seeing Taylor on this tour has been the most spectacular, amazing thing that my daughter and I got to share together."
6516,"What a ride this film is. Is there a better time travel movie out there? If so, I haven't seen it. This is how you make a sci-fi movie! Fun, off the wall and NOT COMPLICATED! This is the height of 80's filmmaking and perfection in general. Perfect soundtrack and score, perfect casting, perfect cinematography, perfecting acting, perfect writing, PERFECT MOVIE! I have never met anyone who didn't like this film and, frankly, I hope I never do. If you don't like this film, you don't like fun movies.A+MASTERPIECE!"
1773,"Every tour it gets better and better, the energy of the band, the fans , the colors and fireworks are simply amazing !! 
It is really a pleasure to enjoy such great band and the quality of  their music. 
Highly recommended for any person at any age to enjoy this live experience. :)"
1742,"This was my first visit to the original, first ever Disney park, Disneyland! I had a very enjoyable experience in this park over the 3 days I spent exploring everything the park has to offer! I love how the characters freely roam! There are plenty of delicious dining options and so many fun attractions to enjoy! It was great to visit during the Halloween season and see everything decorated, it felt so immersive!I am definitely looking forward to my next visit at Disneyland! I definitely recommend!"
1195,"I love how much this app does on the free version! I use several productivity tools and this is the best value out there, hands down!"
5754,It was a great concert for the entire family! It was truly a spectacle for the eyes as well as the ears! H.E.R. was a great second opener. The first opener ( don't recall her name )  not so much. She appeared to be drunk or stoned and her music was not good. Add her potty mouth to the mix and I'm not quite sure how anyone thought this was a good fit with Coldplay. It was also a treat to have Bryan Adams make a surprise visit to the stage. Coldplay was amazing.
5790,"Great product but I need two things:
- save my sort and filter preferences for tasks. why does the app always pull up a random mix of tasks where I always have to resort them to find my most relevant tasks (by date and incomplete)

- let me view comment history. if i lose a comment ping in updates, there’s no way for me to find the comment again unless I remember what task it’s under."
6013,"Such a gorgeous light fixture! Perfect fit for our mid century home. Also happy that I went with the larger size for a bolder statement piece. She shadow it casts is stunning too! We shortened the cord quite a bit and it wasn’t difficult at all. 10/10 recommend and super quick shipping. It arrived today and I had it installed shortly after, the same day."
1476,"The openers were amazing, the set up as well was super good, i was high up but still had an asking view from my seats, i felt safe and comfortable around everyone, it was semi easy to find bathrooms and food. during the concert was so amazing, the energy was amazing. the sound and lights were awesome."
2023,"Coldplay puts on an amazing show! They have so much energy and they keep the crowd very engaged.  They're we're lots of surprises along the way,  great music and all around great fun!"
3952,"I had an amazing time at the Coldplay concert pn Wednesday. It doesn't even matter that they didn't play a few of my favorite songs. Their concerts are so much fun! Lights, lasers, confetti, fireworks, beach balls, dancing, and really great music! If you ever have a chance to see Coldplay live, GO! Ive been twice and they are the two best concerts I've been to!"
924,"The audio was loud but distorted. It was very hard to understand Maria the Scientist, H.E.R. Was better, but the audio throughout the show was terrible. Even though Coldplay was great."
6446,"I just love ""Pulp Fiction"". I loved it when I saw if for the first time back in 1994 with my then 13-year old son in the theater, and I loved it again when I saw it last weekend on TV. Every time I see it, it seems to get better and better. I am fascinated by the incredible pace, witty dialogs, and brilliant writing - every piece of the puzzle falls in the right place, and in the end I don't care a bit about the mysterious case. ""Pulp Fiction"" is a glorious example of the fact that there is no low subject for Art. It is amazing how a work of art can consist of so many trashy elements, which is alluded to in the title of the film. It is populated by characters that came from the pages of cheap ""pulp fiction"" novels - gangsters, philosophical hit men, drug addicts and drug dealers, dangerous and sensual mistresses, naive girlfriends, crooked prizefighters with hurt prides and prized golden watches with long and deep histories. Tarantino and his co-writer Roger Avary took the clichés of hundreds of films, comic books and twenty-five-cent paperbacks and by magic of their talents turned them into something fresh, sparkling, clever, funny and incredibly enjoyable. I should mention Tarantino's taste for music - the soundtrack for ""Pulp Fiction"" (as for all of his films) is just killer. And last but not least - how well Tarantino works with his actors, in this film everybody shines. There are no bad performances in ""Pulp Fiction"". For me, it is a perfect film and a true source of joy, one that I've experienced dozens of times and am always ready for again.I've read many times on these boards that ""Tarantino is a rip-off artist"", that ""he takes bits and pieces (not influences) from other movies."" I often think of him as of a young boy who loves to play with his toys. For him, the toys are the old movies that he adores and he brings his love and admiration of these films to his own work. He is not greedy; he invites us to share his love, to play together, to have as much fun watching his films as he did while making them. Tarantino does not make profound statements or ask eternal questions, but what he does do is entertain, and he does it marvelously - with style, class, irony, wit, and talent. When I am in the presence of a great work of art I know the feeling, and Tarantino's film is a great work of art that happened to be very enjoyable. I cannot resist. Like any time of day is a good time for blueberry pie, any time of day and any day of the week is a good time to watch and enjoy ""Pulp Fiction""."
3173,"We had been longtime annual passholders pre-Covid, but were unable to renew with the new Magic Key, which ended up being a blessing in disguise since I don't plan on coming back any time soon.  What set Disneyland apart from other theme parks was the magic, the attentive cast members, and that it was so remarkably CLEAN!  I heard they painted every night and I believed it, because everything always looked so FRESH, and you never saw garbage around.  Well all that has changed, Disney is so dirty now!  Overflowing trash cans, a prop drum in line for one of the rides was littered with a dozen empty cups/straws/spoons.  I can go to Six Flags and save a lot of money if I wanted to look at garbage.  There seem to be fewer cast members, and as a result there are many cranky guests.  The joyfulness that made Disney special is gone.  Now the park looks dirty and decrepit and in need of some power washing and some paint. Don't get me started on Genie + which literally requires you to spend your day staring at your phone.  It just alters the vibe and has people engaging with their devices rather than with each other.  I remember the fun of getting paper fast passes and being able to gift them to another family if we couldn't use them, it just gave us an opportunity to connect with other guests and share some pixie dust.  The bathrooms used to sparkle, but now resemble what I imagine a bus station bathroom would look like.  Overflowing garbage cans, empty soap dispensers, and the worst single ply toilet paper that breaks after every two squares.  Just very low rent and tacky, which is not what I expect from DIsney.  Oh, and one of the stalls in the women's restroom near Autopia is missing the door altogether.  This is not the Disney I know and love.  This is the first time I did not cry leaving the park because I didn't want the magic to be over.  I was happy it was our last day and don't plan on coming back within the next 5 years, at least!"
982,Great app and helps keep things organized!
6817,"""Pulp Fiction"" is the classic of classics; Tarantino truly possesses the Midas touch. This 1994 masterpiece is brilliant in all aspects; from the ingenious writing to the wildly witty dialogue to its captivating character creation; the overall excellence of Pulp Fiction makes it not only among the best, but maybe the most rewatchable movie of all time. Nearly every scene is gold and crafted to divine perfection. Pulp Fiction is truly a remarkable feat in the art of filmmaking."
3331,"Back to the future — it is a movie made by Robert Zemeckis, which gave rise to one of the most iconic franchises in cinematography about time traveling teenager Marty McFly and his friend and inventor Emmett Brown. Impossible to pick one thing, what exactly I like, because of the advantages this film has. In General, the plot of this film is laid out very good , in the most minute detail. The cast is really great: Christopher Lloyd gave us the image of the eccentric, but undeniably brilliant Doctor Brown, Michael Fox who played the character Marty McFly, Lea Thompson, who played 17-year- old girl and her 30 years later. Crispin Glover - all of his roles completely different from each other, even in ""Back to the future"" — there was one person, but he was reincarnated three times. So, the film ""Back to the future"" — one of the best representatives of its genre, wonderful exciting fantastic comedy that in many ways defined the further development of the genre. As for me, this film is really great."
3450,I’ve been to plenty of concerts before but not as quite as beautiful as seeing Coldplay. They put on a spectacular show. The best concert ever for me in a wonderful venue.
6088,"Coldplay was amazing, the show was spectacular! H.E.R and Mariah did great too! So much energy, the way they connected with the audience was great! An event that is unforgettable! I hope to see them again one day! The stadium was great too! I loved it!"
414,"An incredible experience! Was very impressed by the preparedness of the city for this event, Roger’s was super organized and everyone was so friendly! Was incredible to be able to attend! Taylor, as always was amazing! Especially loved the themed drinks with friendship bracelets and specially named food items that Roger’s offered, so much fun ☺️"
2519,"I picked this movie up from the video store and watched it last night. I mostly got it hearing that it was a great, one of the best movies of the nineties. I have to say I was let down. Yes, it was a very intriguing piece of fluff (considering it was about violence). I mostly found it very funny at times, the way these mean gangsters act like regular people. For example, Vincent and Jules are calmly discussing the level of intimacy a foot massage implies right before they go inside an apartment with guns to teach some twenty-somethings a lesson. However, when all is said and done I felt as if there should have some point to the movie. The only characters who evoked any sympathy were minor characters. I will confess I totally loved ""The Bonnie Situation"" sequence, but it was way too short in comparison with some of the rest of the movie. I wish the whole movie was that light-hearted or had expanded the story out for two hours. On the other hand, I was almost bored during the story about Vincent taking Mia to the restaurant. Overall, it was a good movie, but the quality changes throughout."
2229,"Three Stories told out of order with various characters appears before or after things do happen. This audacious, outrageous look at honor among lowlifes. This separate stories are told in a somewhat radical style.The films opens with Honey Bunny (Amanda Plummer) and Pumpkin (Tim Roth), who spontaneously decide to hold up a restaurant. Vicent Vega (John Travolta) and Jules Winnfield (Samuel L. Jackson) work as Hit-man for Crime Boss Marcellus Wallace (Ving Rhames), Vincent and Jules are on the hunt for a briefcase whose contents were stoles from their boss. Later that day... Vincent takes the Crime Boss Wife's (Uma Thruman) for a night in the town. Things goes well until one of them makes a huge mistake. Butch Coolidge (Bruce Willis) is a crooked boxer who's been asked by the Crime Boss to throw his latest fight. But Butch ended up accidentally killed the other boxer. Then the film's takes us back to Vicent and Jules as they run into a few unexpected detours among the way. Then they meet Honey Bunny Pumpkin at the restaurant. Which Vincent and Jules only wanted peaceful breakfast. Jules ended up talking some sense to Honey Bunny and Pumpkin about life and the bible.Directed by Quentin Tarantino (Kill Bill Vol.1 & Vol.2, Jackie Brown, Reservoir Dogs) made an sharp, funny, wildly entertaining film. This film has incredible memorable dialogue and an cast of familiar faces like Eric Stoltz, Rosanna Arquette, Christopher Walken, Frank Whaley, Harvey Keitel and Peter Greene. This film was one of the biggest hits of 1994 and the film has a terrific soundtrack.This was one of the most critically acclaimed film of 1994. Audiences loves this film also. The film received Oscar-Nominations for Best Actor:John Travolta, Best Supporting Actor:Samuel L. Jackson, Best Supporting Actress:Uma Thurman, Best Editing:Sally Menke, Best Picture:Lawrence Bender and Best Director:Quentin Tarantino. The film Won the Oscar for Best Original Screenplay by the director:Tarantino and Filmmaker:Roger Avary (Killing Zoe, Mr. Stitch, The Rules of Attraction). This is a extremely violent, pumped up film with dark humor isn't for everyone but it is one of the smartest films out-there. Watch for Steve Buscemi, Kathy Griffin and a funny bit role by the director in the third tale. One of the Executive Producers is Actor:Danny De Vito. Panavision. (**** ½/*****)."
678,"I was expecting a stress-free magical day given we had spent £600 on tickets for a family of 4 for 2 days. Wasn't the case unfortunately. I can definitely see some evidence of where the money goes; the parks are not run down at all, very well maintained and clean. I'd imagine the daily parade and closing ceremonies are expensive to hold, and the Pixar show was absolutely fantastic. But unfortunately it was difficult to really enjoy many of the things our tickets had paid for due to the sheer amount of people they allow into the parks. At the parade and closing ceremony you have to literally fight for somewhere to stand! There just isn't enough open space for each person to stand which is a bit outrageous given both are outside, open-air activities and there should be ample room! Now I know why they try to sell you extra tickets for a VIP viewing platform for these displays. Shouldn't be needed at all! Imagine my shock when I look at a crowd calendar website online which shows the park was actually only half full when we went! What volume of people are they letting in when its close to 100% capacity?! Which brings me onto my biggest gripe, fast passes. of course they are given a fancy name (Premier Access) but is a clever way of legitimising pushing-in. Don't get me wrong, I am aware most theme parks have rolled out this morally defunct concept but its so much worse at Disneyland due to the fact you're paying 2-3x as much and should be treated like Royalty with a standard pass! To have queued for almost an hour with small, stressed, bored children to have someone sashay past you and walk right onto the ride is a slap in the face given I've saved all year for this trip. There will be people reading this thinking ""Well, they've paid for the privilege"". Yes, they've paid Disney not me or anyone else in the queue. There are rude practices that go against human nature that money can't buy your way out of, and one of those is pushing in. Long queues is an issue that Disney has created by allowing too many people into the park and they are also the ones profiting from it.On the plus side, the rides themselves were very enjoyable and magical (if not a bit short, e.g. the Peter Pan ride). And the restaurants were amazing, especially the Agrabah Cafe. Unlike some more expensive restaurants it is all-you-can-eat so don't need to worry about getting ripped off with portion sizes.One last tip: shop around for park entrance tickets. Strangely, it is often more expensive to book direct with Disney. We got ours through Expedia and had no issues"
1613,This shoe fit best for me because it was a narrow running shoe.  Most shoes are wide and just will not work for me. Quite pleased with this product. I will use for work and plan to purchase more very soon. Thank you. The price was more than what I expected.
3188,Not at all helpful if you are actually building a business. So basic that if will not actually help you to run a startup or small company or you ma already know all the stuff.
1804,"Thank you Taylor for creating such a loving, fun, and amazing atmosphere. You allowed us to dance, sing, cry, and all share the most magical moments with you and somehow, in this crazy world, all 160,000 of us this weekend, were like family. You made something so huge seem so intimate. You made something beautiful and you changed the world with this tour."
6938,"Very funny and entertaining, Back To The Future is just an awesome movie overall. The acting and storyline are both excellent making this one a must see."
2158,"I mean it is Coldplay so it is going to be great. But it was amazing. 
The audio, the video, the extras. It was awesome. 
It was my 11yr son’s first Coldplay concert and glad he got to experience at the Rose Bowl.  We travelled from Toronto for the show!"
2334,My niece and nephew loved these for Christmas
1112,"Pulp Fiction is a real boom in action movies,unique style of Quentin Tarantino made this movie what it really is-a legend!Of course let´s not forget the great business that the actors did.Even now,after  9 years I like to watch it.It´s a first class movie for sure!"
5836,It’s excellent product for my baby. Have been using since last couple of years.! Only issue I see in packaging. Unable to bring opener up.! Most of time it works but have issue in some.! Thanks
4785,Coldplay is a concert every human should experience! They are incredible and beyond talented. Their energy is electric and out of this world. I attend many many concerts and Coldplay is hands down the BEST concert ever! You can tell they love what they do and love their fans. I cannot wait to see them again one day!! Worth every penny!!
4393,"Everything from themes, to dialog, to underlying storyline is a modern-day classic. One can watch this movie 10 times and come away with some new perspectives each and every time. Even the music is totally engrossing. SEE THIS MOVIE!A one time viewing is not enough. It's like an onion. Each viewing peels another level. And each new level reveals insights you didn't notice before. The film strikes deep emotions and introspective tones without being overly intellectual. You never feel like your sitting in a literature class, but nonetheless you find yourself diving deep into the characters.Most remarkably, it does all of this ""Deep Thinking"" while keeping a wonderful sense of humor. It's a real trick to be exploring these engaging powerful (and even violent) characters and yet keep you laughing too!Bottom line, it's like a 10 course meal with all different flavored levels that still manages to keep the watcher wanting more.A modern masterpiece!"
3315,"Now here's a film that manages to engender nostalgia for two different decades, while still remaining timeless. You don't see that every day. Strip away the ILM effects, space-time wrinkles and polished veneer and ""Back to the Future"" is really just about a kid witnessing his loser middle-aged parents during their high school years. It's such a novel idea and the movie that builds on that is just so precisely tuned. This was never a big effects movie and never promised huge Summer spectacle, but it does offer the honest thrill of going on an adventure. And that's tough to beat. It's got everything: action, science fiction, comedy, a teen movie subplot and (most importantly) an endearing relationship between two memorable characters (and let me say this right now: Christopher Lloyd steals every one of his scenes).For me, this is the total package of pure entertainment. It's lodged itself into the cultural lexicon and for very good reason. ""Back to the Future"" has been my favorite for years, and I just don't see that changing anytime soon. This is my idea of a perfect movie.10/10"
1676,"As a family, we went to Disneyland for 4 days, which was great. The only downside, the toilets wasn't kept clean, and when you have young ones, it wasn't great as the staff didnt keep on top of it with checks."
4076,"Taylor was amazing!! The overall Eras Tour from the moment walking into the stadium, seeing the stage for the first time to Gracie's opening act and the production building up the excitement, to finally seeing Taylor was an experience of a lifetime. She really put a lot of hard work and thought into creating a special and memorable experience for her swifties, giving it her all performing from era to era. I would have loved to see her perform Long Live but hopefully she will add that ""permanently""to the setlist on her next upcoming tour! :)"
3668,Amazing show! Taylor Swift is a class act! This was my 4th time seeing her and it was just as good as the first! Love her!!!
2990,"This movie is wonderful.  It completely met the nearly unrealistic expectations I had for it.  This is one of the few movies I've ever seen that was able to keep my complete attention for more than an hour and a half.  I admit, I haven't seen quite a few of the movies on the top 250 list, but this is, by far, the best movie I've seen so far: A+"
7412,I found this course to be really good. I learned a ton about general marketing. I have one issue that I found and it was big one. The Google Ads isn't updated to the latest settings. If you are getting this for Google I highly recommend finding a different solution to training. Their format and teaching is great though.
1787,"Overall:The trip had some extremely magical moments thanks to the hotel, the characters and some extras we got staying here. I booked directly through the Disneyland Paris website and it was a simple process and there were a number of options for paying. The Studios park, despite the ongoing works was great fun, and I’m excited to visit here in the future but the Disneyland park was a bit of a let down. The magic has seriously been lost in this park, between people queue jumping (I don’t mean priority pass but literally grown adults hoping barriers), shoving small children to the ground and miserable cast members, the experience didn’t live up to expectations (I’ll explain more below). Overall however we had a great few days and we’re already planning our next Disney adventure (possibly a UK cruise 🤞). Day 1 - Travel and Hotel:I ordered the express luggage service through Disney which meant we could head straight to the park on arrival and do some attractions before our hotel was ready. I would recommend this for anyone who thinking of booking it. We met Darth Vader (shout out to cast member Fredric managing the queue here who was wonderful), and did a few extra . Great start to the trip! We headed over to our hotel, Hotel New York - Art of Marvel which is simply wonderful, from the artwork to the interior design, we loved the experience. That evening we had dinner in the Manhattan with wine included for me, which I thoroughly enjoyed, followed by drinks at the skyline bar and a trip to the kids club to draw some superhero’s. We loved the whole superhero’s in the city vibe everywhere in the hotel. Day 2 - Hotel Extras and Studios Park:The morning at the hotel we had breakfast delivered to our room, which came to €24 for two of us so we could eat and get ready for the day at the same time. I wish in hindsight we did this more or got a meal plan because breakfast options aren’t great (or much cheeper) in the village. Our morning was taken up exploring the hotel and meeting Captain America at the superhero station before we headed off to the pool for a dip. The pool was warm, Jacuzzi was really nice and the sauna was lovely to relax. Only downside here is the depth of the pool which isn’t great if you’re not a strong swimmer (like me). My son loved it however because he can tread water, but there’s lots of floatation toys and free armbands if your little ones aren’t swimmers.  By midday we were strolling over to studios park and using the app to plan stops we managed all the “big rides” and the Pixar Show. A tip for Crush is to wait until the end of the day when people are heading over to the main park for the fireworks. We joined the queue at 7:30pm and were able to ride and still have time for another go of ratatouille before closing at 8pm. We loved the Studio park despite the work ongoing, the different worlds are beautifully designed here and can’t wait to see frozen / lion king. For dinner we ate at PYMs which is perfect for families and a big winner for any marvel fans, with lots of options for fussy eaters.Day 3 - Disneyland Park:We decided to grab something on the way to the park for breakfast and stopped at Starbucks which is fine but it lacked that magic we had in the hotel breakfast. It also came to €18 so wasn’t a massive saving. As it was Halloween season the park was decorated but Frontierland was amazing. Probably our favourite area of the park. Fantasyland was looking very rundown and in desperate need of a paint and discoveryland is a bit off with the mix of Star Wars, Buzz and the Jules Verne vibe, it’s like it’s been thrown together rather than thought out. Maybe it’ll get updated after studios. Again I used the app as much as possible to do the rides, Peter Pan wasn’t open for magic hour so missed out here. I would recommend anyone thinking of it, just buy a priority pass for this ride, we queued for 1.5 hours. The app said 50 minutes but I don’t think it accounted for the number of people queue jumping. It seems in this park particularly the etiquette is that one member of the group will wait in line while others go about the park and come back to join the queue with the person waiting. Frustrating but not really Disney’s fault. All other rides we queued 5-20 minutes for because I used the app, which I think is pretty good and managed to get done everything we wanted including doing Pirates and Phantom Mannor twice. We skipped dinner today and instead wanted to try lots of the Halloween/Disney snacks but this was very hit or miss. Churos, burritos and a batwing doughnut in Frontierland were nice and suited the theming. The corn dog and popcorn from fantasyland was our favourite. Cafe Hyperion where they sell the Micky Halloween burger was atrocious. We waited 20 minutes to get served, the poor guy at the till kept getting up and going to the counter because the server couldn’t work fast enough for the orders coming though so he was trying to chip in and catch up the orders. When we did get our food and went to find a seat one cast member shouted at me for trying to sit at a 4 seat table when there were only two of us. She made us get up and follow her around the restaurant looking for a two seater table. People were looking and it felt very uncomfortable being paraded around when there was a number of empty tables. She then had to make us up a 2 seater space near the exit ramp which was even worse because prams and wheelchair users were blocked but she told us to sit and eat very abruptly. I just wanted to get out of there so badly so we quickly ate the burgers and left. There was no drone show on the evening which I expected because there had been poor weather all week and we didn’t see much of the fireworks either. The one thing that topped me over the edge in this park was a grown man pushing my son to the floor where he was seriously hurt, he is still bruised from how hard he was pushed and a number of people were annoyed along with me and were telling this man to apologies but he simply shrugged his shoulders and went about filming the fireworks. Cast members used to be dotted along main street and would stop pushing and shoving but this has died off which is a shame. I would recommend anyone with children try and buy a priority pass simply from a safety perspective. Day 4 - Last Day / Check out:We got up early and headed to the parks for a few last rides, as well as a trip to the dragon and meeting with Maleficent before heading back to the hotel at 10am. When we got back the hotel staff were already in the middle of changing the room so we had to get our cases and sort ourselves in the corridor. This wasn’t an issue for me because we were leaving but if people are waiting until the 11am check out this might be slightly annoying.All in all we really enjoyed, the hotel and extras were outstanding and anyone planning to stay at the hotel you will have an amazing time."
6473,"An Incredible cast teamed with an incredible writer/director to make one of the most original films of the 90's. Film is actually 3 different stories intertwined together in some way throughout the movie.  I won't tell you the stories because you should go and see the movie...then see it again later in the week.  This movie was thought out to the very smallest detail by director Quentin Tarantino, which is why a first time viewer may seem lost. Although it's hard to say if this film was better than Forrest Gump, it definitely falls into the category of one of the most influencial, cool, and of course, BEST movies.Soundtrack kicks major tuckus too!"
5143,"Spoilers This movie says that life sometimes sends a message from God so we should listen. This plot moves in and out of several related stories and the time-line jumbles around so that the way it is presented, it enables us to see the hand of God. We see justice served and spirituality wins out and the evil gets killed, and/or embarrassed and/or other nasty things. We start the movie in a restaurant and watch a husband and wife robbery team begin a robbery. There are two hit men in that restaurant. We move in and out of a story of the two hit men who work for a mobster named Marcel. We watch the hit men pull off a hit and get the money that the victim (played by Frank Whaley) owed the mobster Marcel. I got a real kick out of Whaley repeating ""What?"". The hit-man points his gun and says: ""Go ahead, say ""What"" again! I dare ya! I double dare ya! Then Whaley's character says ""What?"". BLAM! He is shot in the leg.We watch as one of the hit men Vincent Vega (played by John Travolta) takes Marcel's wife out on the town, per Marcel's orders. Vega fears his boss Marcel's jelousy. Additionally, Marcel's wife ODs. Then we watch a frantic rescue effort bring her back. We watch as a boxer (played Bruce Willis) is told and paid by Marcel to throw a fight. Instead this boxer pummels his opponent to death in the first round. Then he attempts to gettaway with the help of a lady cab driver, who was turned on by the killing.There are many more surprises in this movie and a reason why I called this ""Evil Blood and Guts Meet Up With Spiritual Redemption; and WHAT?"". Every minute of this movie should make you look at the screen with your eyes opening very wide and quote Frank Whaley's character ""What?"" This is easily one of the best movies ever and many have tried to repeat it, but never come close."
7349,Great price and product
2860,Possibly one of the best shows I have attended!!!!!!!!!! and many thanks to Ticketmaster to providing a easy and convenient way to allow me to see them live.
2780,"One of the best movies I've ever seen, my brother recommended it to me.My brother recommended this film to me because for him it was framed by childhood, since the film is from his time.The environment that is used in this film, that context of the 85s and how they think the future is incredible."
925,"It's a classic for a reason, this film genuinely never gets old. It is absolutely phenomenal, from an amazing score, to awesome characters, this film truly has it all. There will always be a special place in my heart for doc."
6522,"Use it on my baby, no irritation, no break outs. Leaves the skin feeling moist and soft. Love it"
4053,"Had been here multiple times in 2019, always wonderful, came back again to visit Rome for 3 days, came here once a day, there are a lot of gelato shops in Rome/Italy but nothing comes close to the quality of this… would eat it everyday...More"
2717,"Perfect, but I would say that the 40oz is super large. So if you buy this size then you should make sure you know how big it is."
3337,"I watched this movie for the first time when I was like 7 or 8 years old, and it captured med instantly. The home-made ""garage-build"" high tech time-machine, that is in fact build into a DeLorean - a cool legendary sports-car of the 1980's, are simply stunningly awesome for young people, and if you are not young any more, well then you will be during the movie. The great story, the action-packed adventure, and most important; the extreme caution of following rules of time-travel and the creativity of the countless details in the three movies - along with the great cast of sympathetic and funny actors - simply makes this trilogy a must see adventure for people of all ages. I am now 27 years old, and I still watch the movies at least once or twice a year, and I still find myself observing new details that I haven't noticed before. This really need a re-release on the big screen in my opinion! (maybe with some remastering)"
7422,"I've seen Coldplay a few times and I've always loved them, but this was one of their best shows ever! The performance, the thought put into all the energy requirements of a stage production, the conservation message... They've outdone themselves. I've seen many concerts throughout the years, since I worked in concert security, and I was blown away by their creativity and how they were about to incorporate earth-friendly, positive messages into it all."
6469,"LOVE the fixture. High quality and the shadow design it leaves is beautiful. 

The videos showing how to assemble the fixture and connect it was very helpful.  A few challenges…1) the ground wire install had zero instructions and the wire was too small 2) on the assembly instructions step 6 did not apply, perhaps the design has changed? 3) as other people wrote, it is tricky to install each piece and until you get the hang of it, I broke one by using too much force. Thankfully you all sent an extra piece or two."
4601,"We visited Disneyland Paris for the 13th time for 2 days (arrived on December 9th and left early on December 11). We were also visiting with two priority cards on green.The Disneyland park never disappoints. In just over half a day we were able to do all the rides (except Pinocchio and Casey Junior as they were closed).The Christmas decorations throughout the park were great, especially down Main Street.Walt Disney Studios is a great park with many good rides. The rides are normally doable in around 3 and a half hours (if not a busy day) and with a priority card 2 and half hours. We love the park but sadly a lot of Walt Disney Studios is boarded up which was a shame but we did find out during the visit it is apparently because of the renaming of the park to Disney Adventure land.The food at both parks can be unpredictable; it can either be the best you've ever had or the worst. Unfortunately, the Disney parks are not very accommodating for people with coeliac disease (gluten free). At many fast-food restaurants in the park (like Bella Notte), our only options were salads/vegan food or microwave meals that resembled and tasted like baby food. At buffets you also only have a small option of foods.Most of the staff members are very friendly and always have smiles on their faces. However, there were a few staff members who weren't very friendly.For instance, while we were getting off Big Thunder Mountain, a family member accidentally dropped their phone onto the tracks. Although we knew it wasn’t a ideal situation, they could have been more understanding and friendly. They didn't keep us informed about what was happening. When we tried to explain the situation, they just shrugged, as if to say, ""What am I supposed to do?"" We stood there without any information for quite some time and got the impression that they were annoyed with us as they kept shaking their heads at us and rolling their eyes. It would have been helpful if a staff member had quickly/briefly explained what would happen next and didn't do those gestures towards us, especially since the person who dropped the phone was only struggling to get out because she is disabled. Despite the behavior of a few workers, the majority of the staff were very helpful.The priority card generally works well, but halfway through, we realized that the green color assigned to one of our family members was not correct, as she was having difficulty with the steps and getting in and out of the ride vehicles. We were unsure what to do with the card as it wasn't the correct colour. Having the green card meant we used both the premier queue and if there wasn't one we used the disabled queue. Most of the premier queues only skip half of the main queue and then merge into the normal queue. In our opinion, there should be a staff member present at every ride where the premier queue merges with the normal queue, as we faced challenges with this merging process. For example , on the Indiana Jones ride, no one wanted to let us into the queue. When we finally found a space to join, a group behind us started pointing and yelling that we had ""just pushed in,"" which attracted unwanted attention and made us feel uncomfortable. The merging experience often leads to awkwardness since people are reluctant to let you join the line. A staff member's presence would greatly alleviate this situation.Another issue we encountered was at the ride ""Le Pays des Contes de Fèes"" (the storybook boats next to Casey Jr.). The boarding area for disabled guests has a significant gap and step between the platform and the boat, making it very challenging for those with disabilities. Staff members had to physically help everyone out of the boat. In contrast, the area where guests in the normal queue board actually has a smaller gap. It would be ideal to add something like a removable platform to make exiting the boat easier. On our second attempt at riding the ride, we went through the normal queue, which meant there was a smaller step the boat as the gap wasn't as big but the actual queue stairs and the moving boat were then an issue.Queue jumping can be a significant issue in the parks, we noticed it more in the disabled queues. For instance, While we were in the disabled queue, a mother instructed her son to run past us and duck under the barriers to get ahead in line. She then pushed us aside while waving her disabled pass in our faces, insisting that her disability allowed her to go in front of us. We tried to explain that it was a queue for everyone with a disabled pass and that it's not acceptable to push ahead or send children under the barriers then catch up. Two staff members saw this happen but did not do anything, for a brief second it looked like one of the workers was going to say something but he then backed down. The workers continued to watch, and one of them eventually walked away. The worker then allowed that family on the ride before us, despite witnessing them send their under the barrier and push past us. We also had people try push in front of us on several other rides (The Parachutes, Crushes Coaster, The Story boats) . When We were waiting for the Toy Soldiers Parachute ride in the disabled queue a large family of over 25 members in front of us repeatedly rode in groups, and when each ride ended, the group would quickly run off the ride and past everyone in the disabled queue to rejoin their relatives. This meant we were in the queue for 40 minutes and if the queue didn’t move. Thankfully on the parachutes, Crushes Coaster and the boats the worker made sure whoever was queues up first could go on first. However, sadly some workers like the slinky dog worker choose not to do or say anything at all. The Christmas parade was amazing. It was wonderful to see the festive floats lit up in the dark and the characters in their Christmas outfits. We arrived an hour early to secure front-row views. It's definitely worth the wait.The fireworks were good. It was our first time watching them in over seven years, but we were a bit disappointed to see that not much had changed. However, if you haven't seen the fireworks before, you will likely enjoy them! The Notre-Dame de Paris show was nice to watch, and it was exciting to experience something new. The Notre-Dame show was only on for a few days, so we feel fortunate to have attended. Although the Notre-Dame show replaced the usual drone show, we would still love to see the drone show someday, as we have never had the chance to watch it before.The shops at Disneyland Paris are really pricey, but you kind of expect that at Disneyland. There's not a ton of variety in what they sell, and it feels like most of it is just Stitch-themed stuff, which kind of takes away from the overall selection.I would definitely recommend a visit for all ages. There are things to do for every age group. There are many rides for thrill seekers as well as numerous rides that are slow and gentle. Even if you don't like rides there is lots of things to do like meet & greets, watch shows and parades, walk round the labyrinth, castle and also loads of photo opportunities"
3275,"What else needs to be said? Anyone that knows anything about filmmaking knows that this is the best film ever made. Try watching certain movies over and over and see how quickly you get sick of it. This movie is different. The depth and richness of storytelling, the characters, oh my, the characters. Doc Brown is easily one of the best and most memorable on screen characters in any film ever. Biff, Griff, Buford...best on screen bully ever! Compare this movie to other epic movies, such as Star Wars - while those types of movies are great in their own right, Back to the Future is different. There is a warmth and comfort to the way that Bob Gale and Bob Zemekis crafted this screenplay. It's pure genius. And for all of you fans that always have to mention ""plot holes"" or ""minor flaws"" - please make sure you have seen every second of the 25th Anniversary set of the trilogy that has an entire bonus disc, as well as more bonus features and two different commentaries on the main discs. Bob Gale is aware of every little detail about his script and talks about it in the commentaries. My true love of this film came as a result of watching all the behind the scenes material - which if you haven't seen, you must see it if you're a fan of this movie. It will give you a whole new level of appreciation for this film. As someone that is into filmmaking and a total nerd about directing, cameras, technical details, I can't get enough of watching and listening to these guys talk about how everything came together just right for this masterpiece to happen. I can't say enough about this film, its actors and all the people involved in making it. Truly something not to be rivaled and we will probably never see anything close to it ever again."
404,This movie is the ultimate marmite movie. You will either love it or hate it. And if like me you love it you won't be able to get enough of it. Its probably the most hardest movie to review to someone who hasn't seen it. It's got to be seen to be understood and I absolutely suggest it
7095,Just watching this got me hooked in! It was very good from the start to the finish. Once i watched the rest i wanted them to release even more of the film like maybe a forth and fifth trilogy. I think that the best has to be so far episode 3 because it is the most exciting with all of the time travel. I could watch it over and over again. I would definitely watch this as it is an amazing film and that there is even more to come in the next episodes of back to the future and that is why i rate it a ten. If you are into an action packed film and want to get up with the family then this is a perfect film to watch. I have been very engaged with it.
2569,"Coldplay couldn’t have put on a better performance however the Rose Bowl certainly could have! Most of the Alcohol ran out by 7pm, except beer, Club Soda ran out within the first hour. Line to enter the stadium and lack of signage explaining what to do and where to go was zilch. Just when you think it’s going to fine as you exit after an amazing performance, only to find another line wrapping around the stadium which took another hour or more to get through, in order to take the mandatory shuttle to another place (MILES AWAY from the stadium) to hail a ride share car.  It was pathetic! God forbid there has been any handicapped or emergency situations! Next time choose a better venue, or better yet, Rose Bowl… STEP-UP YOUR GAME, this your first concert, you’d think they know how to handle crowds like this!!!"
6076,"A famous historical cafe since the 1920's nested between the parliament and the Pantheon in the heart of Rome's Centro storico , Giolitti keeps on attracting crowds nowadays for its world-renowned gelato, but also displays excellent pastries, an array of sandwiches and a beautiful art...More"
5944,"I love Back to the Future. Zemeckis's 'Back To The Future' trilogy has been a childhood favourite for a long time and will always be. I can rewatch this movie a hundred times and still never get bored with it.The acting is terrific overall in all the movies. Christopher Lloyd as the over-the-top mad scientist is a laugh riot. Michael J. Fox totally owns Marty McFly with his natural charisma and born for the role. Lea Thompson is beautiful and great, and Tom Wilson as the villain 'Biff' is absolutely hilarious.While having a typical 80s feel to it, I love how fun, irresistible and original the film is. The special effects are surprisingly good without coming off as cheap. The comedy is funny and works.Will be rewatching for many many times."
2947,"It was so engaging that I felt like it was more of a personal experience than a crowd of almost 70,000! Loved the way it brought us closer to everyone around us and made us want to be better people."
5900,"Enchanting. Life changing. The eras tour is a night I will never forget. It was rare and I was there!! Ticketmaster needs to make the process easier for fans. I was one of the lucky few who won the Great War, but so many Canadian fans missed out. The prices were insane- especially the resale prices. Do better next time ticket master!"
2904,"One of the best concerts I have attended. Her energy, love for her fans and her band, singers and dancers is amazing and over the top!! She never slows down and makes everyone feel like she is singing just to them."
3328,"This is independent film-making at its finest, with the best ensemble cast to have possibly ever graced the silver screen.  Tarantino will never equal this.  Jackie Brown, being a pretty good flick seemed totally crap having been Tarantino's long awaited return after this jem.  Samuel Jackson plays his best role to a tee here.  A clear 10/10"
1131,"Sunday, June 5, 2022 Show at MetLife Stadium:
Wow Wow Wow!!! First big stadium tour since pandemic lock downs. I took my family of 4 to see Coldplay. All the big hits with all of the new Spheres awesome songs in full stadium in fabulous weather! We had standing only floor tickets and had plenty of space around us between the end of the long stage and the satellite stage. We were amazingly close to performances on both stage areas. Bruce Springsteen showed up to add to the magic. The stadium crowd was full of energy, singing, doing the wave, and those lighted wrist bands, fireworks, confetti, laser lights, and beach balls were so entertaining. What's not to love! I took this same crew to Coldplay's show in Liberty State Park in August of 2009. Cant wait for the next tour or maybe this tour again... :)"
1059,"Love the light. Easy to put together and looks good.  Vendor was great with advice and provided amazing support and commitment to the product (if parts and pieces did not work in my home, guaranteed to replace or make work)."
5388,"This was an amazing concert. The line ups were massive, not too many health options for food. The merch line ups were insane. Happy to see additional bathrooms available for the extra female attendants. But the bathroom line was still insane."
5970,"Now more than 30 years after its release it's virtually impossible to review BTTF and say something that is new. Almost all observations of the film have already been made and the chance that my review will seem stale and familiar has put me off for years, but now is the time to finally get it done.Since there are as-of-yet undiscovered tribes in the heart of the Amazon jungle who already know the plot of Back to the Future I will forgo typing out a synopsis. Time travel is a tricky device when plotting movies. It can work in your favor or it can destroy you. Both the Terminator and Star Trek have suffered under the paradoxical strain of time travel. I suppose the main lure of the concept is the chance to go back and live key moments in your life and do them differently, putting right what once went wrong - the lifetime pursuit of Doctor Samuel Beckett.Back to the Future is a pop culture giant for many reasons. The iconic poster art, the fire trails, the instantly recognizable DeLorean, the title font, the costume design, the locations, Alan Silvestri's thrilling score, Huey Lewis' emblematic theme tune, but mainly for the dual time period. 1985 was present day when it was released but as I type this review it is 31 years in the past. In 1985 the western world still had a naive innocence, a hope that the future could be bright. Culture was hedonistic, optimistic, willing to experiment. In the three decades since then we have become bitter, pessimistic, and cynical. Dystopia, dysfunction, and distrust has permeated the majority of households. We are no longer a society that plans for the future, only to struggle through the day-by-day grind of increasingly hopeless existence. We long for the glory days of 1985 and Back to the Future allows us to access that dream.But there was an even more naive and innocent time, a world that Marty McFly finds himself trapped in with only a chance lightning strike to send him back home. 1955 Hill Valley (or Kingston Falls if you look at it from a Gremlins perspective) is a post-WWII Utopian Americana where the streets are clean, the world is safe, and the lifestyles are wholesome. It's a rose-tinted insight into forever gone era. Society has grown darker and darker over the decades. We all wish we had a nuclear-powered time machine to stop this ever-declining spiral and skew the timeline into an alternate present.Back to the Future is a good movie, a great movie, a perfectly cast and acted movie, an all time best and a classic for all the right reasons, but its main appeal is that it makes the viewer think ""what if I had that chance?"" I think most people would sacrifice their comfortable familiarity of their known present to go back in time and radically change the future for the better, and what better style to do that in than a DeLorean?This movie will never age. It's an icon of its era and a movie that defines an entire decade. It will stand the test of time (pun intended) and will appeal to each new generation for all of the above reasons. That's just the power of love, man."
5736,"Pulp fiction, the magnum opus of Quentin Tarantino, is an absolute visual treat. The exemplary usage of nonlinear story-telling will leave the viewers open mouthed. Backed up by some very powerful performances by the cast, the film has become a benchmark for all black comedy films.The screenplay by Tarantino artistically narrates the incidents concerning a particularly interesting group of people. The film is replete with iconic moments, like the monologue perfectly delivered by Jules Winnfield (Samuel Jackson), the twist dance routine of Mia Wallace (Uma Thurman) and Vincent Vega (John Travolta) and the Mexican standoff in a diner. However, this masterpiece is not recommended for the faint- hearted, as a lot of R - rated violent scenes of great detail are interspersed in the film.The soundtrack has been compiled quite tastefully. 'Misirlou' sets a funky tone for the film during the opening credits. Structurally, the film is divided into seven sequences, which have connected stories. As expected, the cameo from Tarantino himself as Jimmie, the distraught husband in arguably the most entertaining part of the film - The Bonnie situation - proves to be the cherry on the cake."
6260,I’m the same age as Disneyland…actually a few months older🤣😝!  I grew up watching the Fireworks show from my front yard if not in the park.  This true Disney fan still feels a bit of magic when the fireworks begin.  Actually I was traveling on the monorail & had even a more FANTASTIC view!  I ALWAYS buy 1 balloon when leaving the park🎈❤️!  My happy place💋!
2599,"This concert changed my life forever! I cannot even put into words how amazing Taylor Swift was! The whole experience was amazing! Also the venue was spectacular. A large reason why the concert was so amazing, it was because of the venue. They did such an excellent job accommodating all of the swifties  that came in for her three night run in New Orleans! Cesar Superdome, I will be back soon!"
6382,"This was my 3rd time seeing Coldplay and they never disappoint! Aside from being amazing musicians, the visuals, the confetti, the pyrotechnics, the bracelets each guest wears that lights up in sync with the music, the giant balloons/bouncy balls- and their messages/passion for being kind to all. 

Each time I’ve sent them, I’ve been moved to tears at some point during their shows! I would see them 100x Such a FUN, engaging, happy, special show! 

If you EVER have the opportunity to see them live, do it! You won’t regret it! This time I took my kids who are now teens, which has been a dream of mine, and they loved every minute!"
1902,"We were first time visitors to Disneyland on 24th August 2024 (date will be important later).  We are loooong time frequent visitors to Disneyworld, so we had lots of comparisons.  As we only had one day, we got a one-day park hopper and decided to only do the rides they do not have in Disneyworld. We still didn't get to do everything we wanted to do because it was, of course, very, very busy.  We only got to do one ride in California Adventureland (but it was worth it)The processes were confusingly different to Disneyworld, eg. we couldn't purchase the photopass in advance (and I still don't see how to purchase it online), and were told by the first photographer that it had to be done retroactively (which makes no sense, but no biggie). The Disneyland app is convenient and relatively easy to use to get around, but again, not as straightforward as the Disneyworld app.  You would think it would be the same, but nope.Of course, we left our Magic Bands at home by accident, so we purchased new ones, which was okay, because this is a new 'generation' of band than the ones we already had.  However, from the photographers, to the shop staff, we found most cast members to be quite brusque and not really that friendly.  The photographers especially, with one of them in the Star Wars Land being quite annoyed that we had asked for him particularly to take our photos instead of the other photographer (there was no queue, and the two photographers and someone with a broom and dustpan were having a conversation when we got to that spot).  The photographer by the Mad Hatter took around 10/12 photos of the Hispanic couple before us with lots of different poses, and only 4 of us, and there was no one in line behind us at the time we started having the photos taken.The unfriendliness of the cast members was an odd one for us (given that it is 'The Happiest Place on Earth'), but we have to mention two notable exceptions; we have to give HUGE HUGE thank you's to cast members Sabrina and Javier (but particularly Sabrina) who were outside the Haunted Mansion at around 7pm.  We thank Sabrina for her amazing friendliness, awesome help and the little something special that she managed to do for us!  I am not sure if these messages are forwarded to the cast members but she genuinely changed (added to) our experience of this particular park, and we would like her to know that she made the day more enjoyable for us and we are so grateful to her.  The park needs more Sabrinas and Javiers and less unfriendly shop staff and photographers.  We enjoyed the day despite the Crabby Cast Members, and we can now say we've done three Disney locations."
310,"Beautiful light and amazing customer service. I had a hard time getting the pieces to connect and broke a few in doing so but they quickly sent me extra pieces and resolved my issue,  it's now my favorite light EVER!!"
4183,"The three gelato flavors we tried at Giolitti were the WORST gelato we have ever eaten. And the staff are rude to boot. 

Walk another 100 meters and go to Della Palma, where we had the best gelato we ate in Italy. Avoid Giolitti like...More"
2545,Taylor was amazing!  The positive energy throughout the crowd is incredible. ❤️❤️❤️❤️
2565,"I watched this movie again for about the seventh time after a 10 year lapse or so. If there ever was magic on screen, Back to the Future has it. By the end of the film, I was only thinking, ""Wow, Hollywood was once capable of putting magic on the screen."" It really makes you wonder if the best of Hollywood is behind us.To summarize a few components of the movie: The storyline and plot are superb, even with the minor plot holes. The acting is spot on in every scene. Today's film editors should watch this film a hundred times to see what editing should really be like, nearly flawless. The direction is unbelievable in my opinion. The screen writing and script are perfect as well and will make you laugh and smile throughout the movie. Every line by the awkward McFly family, every crazy rumbling of ""Doc"", and even the cheesy bully taunts of Biff fit together so well.When I sat down to watch this movie a few days ago, I expected to see an aged movie that I remembered being much better than it actually was. I'm so glad I was wrong."
3890,"would be great if other platforms to create website would be provided, where website building is on a free basis"
6002,"Everything was just spot on. Chris Martin sounded perfect and the music was great. The experience with the light up wrist bands, pyrotechnics, confetti and beachballs made it a night i won’t forget."
5535,"I can certainly respect this movie. As a form of art it is fantastically unique and masterfully eclectic. It is the epitome of a postmodern film - with no conventional story structure, no central conflict, no clear moral, achronological 'storytelling', and so on. It definitely needs to be appreciated for its incredible style.But as with most postmodernist art, tossing aside everything that makes traditional art good sure stands out as bold and unique, but it comes with its negatives. And unlike most reviewers I don't think being 'unique' is a sufficient substitute for being devoid of the traditional things that make a film good.For instance, this movie does not have great pacing. Partially a result of the lack of (conventional) plot development and story structure, but also partially a result of the often (deliberately) mundane dialogue. I realize postmodern art can often be very self-referential, but I personally can't see why a lot of this dialogue had to exist. It doesnt immerse you, it doesnt engage you, or advance the plot... its usually not even funny. So whats the point?But what is the point in general? Pulp fiction meanders around without really giving any core messages. Perhaps right at the end in the epilogue scene, it says something meaningful and ties at least some of the themes together quite well. And masterful as Tarantino is, the scene is just ambiguous enough to keep people talking about what exactly it means.So yes, this is a great movie to analyze and critique, but its missing too many ingredients that make a story great to experience."
6381,The concert was amazing and Taylor is incredible! Gracie was awesome as well. My daughter had the best night of her life
3519,I had no clue about Google Adwords or how to set it up and this course has been so helpful! He's literally walking me through the steps to get my small businesses google AdWords set up. Very clear and concise!
3254,"Quentin Tarentino may claim that Inglorious Bastards is his masterpiece but all of his fans know that no movie of his will ever come close to touching his window into a fast chaotic world called ""Pulp Fiction"". Chapter 1. Original Writing: Even though Tarentino has said that his films are throwbacks to many older Japanese films and spaghetti westerns, there is one original recurring part of his films that makes them incredible to watch even if the story sucks and thats the dialogue. His characters are so beloved by many of his fans because they're so interesting to listen too.Chapter 2 . The Way It Was Told: If you think about it Pulp Fiction is a simple story but the way that it was presented to its curios audience is why it's such a memorable movie. Even though Reservoir Dogs had the same story arch as pulp I don't believe that it was executed in to it's truest potential. Well Pulp Fiction Filled in the cracks with more character development in a shorter time period because of Tarentino's improving skills in fast and witty dialogue. The way that the characters are introduced and dismissed from us i feel is a type of miscellaneous presentation that I had never seen be done before.Chapter 3. Soundtrack And Acting: While watching this incredible experience for a seventh time the other night with the presence of my father who admitted before watching that he is not the biggest fan of Tarentino's taste in music . I on the other hand find that is soundtrack is amazing in every movie. I t influences music lovers and aids the style of the story. Many artists had their debut with this movie such being Neil Diamond.Another aid through the film is the acting in which is very believable and coooool!!!!!!!!!!!! Jackson,and Therman became someone and Travolta was saved at last with a good role. But whose performance really stuck out for me was Ving Rham's when he was down in the basement giving Bruce Willis the low down low. The same goes for Tim Roth and Amanda Plummer's dialogueing at the beginning and end of this fantastic film.Soooooooooooooooo!!!!!!!!!!!!!!! Overall see this movie. Twice!!!!!!!! Actually see it three times, no four time, no, oh I don't know. Buy it, buy it and cherish it for all of time because it truly is a masterpiece."
158,"I really don't believe it's possible to not enjoy this movie. It doesn't matter who you ask, I can nearly guarantee everyone has great memories of this film. It's a classic; most people would agree. The story is well-known but for the 1% of you who may not be familiar: Marty McFly is an average teenager living in 1985 until his friend Doc Emmett Brown invents a DeLorean time machine. When problems arise, Marty finds himself trapped in 1955 and he realizes that his actions may have prevented his own existence unless he can correct his mistakes. By now, everyone knows the deal: the car, the characters, and the countless memorable moments.I can't get enough of that DeLorean. It will forever be my favorite film car. Despite having been released in 1985, the effects in this film hold up surprising well. Every time I watch the DeLorean sparking up as it leaving through time, it's like watching it for the very first time. Michael J. Fox and Christopher Lloyd are two of the most fun characters in cinema history in the form of Marty and Doc. They're perfect; I honestly can't imagine anyone else having been cast in those roles. Honestly, that extends to the supporting cast as well...Lea Thompson, Crispin Glover, and Tom Wilson. I'll always love Glover's performance as Marty's father George and its a shame he didn't return for the sequel.Everyone's got a favorite moment from this film, as it's loaded with fantastic scenes. Mine would have to be Marty's initial reaction to finding himself in 1955 and his guitar performance of ""Johnny B. Goode"" at the dance. Seriously, there isn't much a person can say about this film as just about everyone's seen it and knows how fun it is. It was the start of one of the most entertaining film trilogies and it's a worldwide phenomenon."
7390,"In terms of pure popcorn filmmaking, they don't get any better than Back to the Future, a charming, funny, and exciting thrill ride.Not only that, but this film both honed a certain type of blockbuster craft and was able to do the amazing feat of keeping the quality of the first entry all the way through to the third, delivering a nearly immaculate trilogy.Much like Star Wars, Raiders of the Lost Ark, Planet of the Apes, Frankenstein, King Kong, and a handful of others, this is a film for the ages, especially for lovers of speculative fiction on the big screen."
646,"I saw this movie for the first time when I was in college--at the time it was one of the few movies I had seen more than once in the theatre. Since then, it has remained one of my favorite movies of all time. The script, editing, directing, and cinematography are all top notch, and the acting reaches heights of excellence. John Travolta, Uma Thurman, Samuel L. Jackson, Bruce Willis--all of these individuals are excellent actors at any time, but this movie truly highlights their talents. I especially enjoy Jackson in this movie--more so than in any other. The people who are hung up on the violence and profanity in this movie simply miss the point--this movie is meant for those with an open mind, a great sense of humor, and a true appreciation of cinematic excellence. Clearly, this movie's detractors should stay home and watch ""Seventh Heaven""."
3546,"I tended to like the movies as they appeared. I was at an age with the first one came out that I understood it well and will always believe it's even one of my favorite movies of all time. Had a wonderful crush on Marty, even Biff (but I won't admit it aloud), always though Lorraine was beautiful, but a little strange and thought her attraction to Marty was a typical plot twist, but oh so humorous. Part II was great too, not as good as the first, but the way it seemed so believable and the ideas they came up with, were superb. Part III, I've probably seen about ten times, it's watchable, but halfway likable.What are your opinions??? Francesca "" Radiation suit? Of course, because of all the fallout from the atomic wars!"" -- Doc 1955 (The Original)"
6319,"Is a timeless classic that blends sci-fi, adventure, and comedy seamlessly. Directed by Robert Zemeckis, the film features Michael J. Fox as Marty McFly, a teenager who accidentally travels back to 1955 in a time-traveling DeLorean invented by the eccentric Dr. Emmett Brown, played by Christopher Lloyd. The chemistry between Fox and Lloyd is electric, driving a plot filled with suspense and humor. It's car (Dulexo) that is in gta vice city back to the future really got me entertainment. It's a must-watch that offers a perfect mix of nostalgia and entertainment. Thank you for this wonderful Tea."
4788,I thought this course was great. Corey shared a ton of information and the discussion group added even more value.
2493,"The taxi driver from the airport recommend Giolitto as the best ice cream in Rome and it’s been there a long time.
It was crazy busy when we went in, a madhouse mainly locals, you pay first get a ticket then just go and choose...More"
3073,"The movie Back To The Future (1985) is one of my all-time favorites. The film never fails to bring a smile to your face whether you watch it for the 1st time or the 45th time. With humor for all ages and a kick-ass car to boot, what's not to love? Do you have a young heart?You'll laugh even though you know what's going to happen next with Marty's ""Johnny B Goode"" and Doc's ""Run For It Marty!"" The weed overcomes the bully, the dreams come true, all because a nosey old bird thrusts for a nickel ""Save The Clock Tower!""Even though it got decreasingly good in terms of quality as a film, Back To The Future remains the best in my repertoire and a safe bet when you need to feel good.Featuring comedy, fantasy, Lea Thompson's stunning beauty, Doc's crazy but comical antics, and Marty's typical teenage antics, this movie gets a solid 9 out of 10."
234,"Just an emotional rollercoaster, given how legendary their songs are. Moved to tears twice. Brought along my parents and they loved it."
3168,As always Taylor Swift puts on a good show. Even with technical difficulties from equipment (rain does some lovely things to sound equipment) she put on a 5 star show and made everyone feel amazing.
4681,"All I can say is wow!!! My city definitely rolled out all the things for the last shows of The Eras Tour. I ended up getting a ticket to N1 from a complete stranger in Detroit. She gifted her behind the stage ticket to a lucky Swiftie🫶 

Getting into gate C was a little crazy as we had to cross over to Rogers Arena and then finally cross the street. The line went all the way back to Pacific. Although once in line it only took about 20 min to get in. 

I didn’t bother with merch as I went to Canada Place a couple of days before. Once I got to my seat I was pleasantly surprised that they had put screens up for the behind the stage seats. 

The overall vibes were awesome and the show was amazing. I’m still in awe and pinching myself that I got to go in the end. Great job BC Place and Vancouver!

Long Live The Eras Tour💕"
7265,"Awesome flavors! The employees were so kind and let us sample multiple flavors. Not the most amazing gelato I have had in Italy, but definitely worth trying!"
779,"I can rarely ever watching anything twice, let a lot three times and I'll watch this movie at least once a year. It's just such a great feel good movie and the casting of all the characters is just so perfect. Also I'm not a fan of sequels but its different for this. It feels more like one long story spread out across three movies then the typical ""revival"" of a film.I would recommend this film to just about anybody! It doesn't matter if your a kid or retired, you'll probably enjoy and appreciate how advanced this movie was for its time."
6170,"I had never seen the movie before, but I felt that for the sake of a friend of mine who has always loved it, and because it has been so much talked about, that I would finally give it a chance. To my surprise I found it quite entertaining, even despite the absurdity of it all, and how corny it actually is. I even began sensing a similarity to Its A Wonderful Life, if not exactly in its plot, certainly in its warm hearted fantasy, and its use of time alteration, as the means of conveying a story. Unfortunately, I found the ending a little too drawn out. It seemed to attempt too much, and would have been better off with less ambition. Instead, it seems rather sloppy. Still, its mostly fun, despite its flaws."
1955,"That's exactly what I said after viewing this movie for the first time years ago. Back to the Future is one of the most successful films of the 80's, and today no film has done better at keeping you on the edge of your seat, and laughing the entire time. Michael J. Fox stars as Marty McFly, an average high school kid of the 1980's who ends up accidentally getting sent back in time to the year 1955 after his friend, Doc Brown (played by Christopher Lloyd) builds a time machine out of a DeLorean. Now, trapped in time, Marty has to find a way to get back into his own time. There's more elements to the plot, but I don't want to spoil the entire movie for you. Most people have probably seen this movie at some point in their life, but if you haven't, it's a must see. It has everything you could want from a movie: comedy, action, suspense, and great special effects for it's time. I love Back to the Future. It's one of my favorite movies, and it definitely deserves recognition as one of the best movies of all time."
4978,"This was a story that pulls some emotional strings for me. The acting and relationship between Mcfly and the scientist was great and heartwarming. Watching in 2024 adds an element of fun as you can see the predictions of what people thought the future would look like at this time. While the story may just be another ""time travel"" story I feel that this one made it unique and is the best in its category. The DeLorean and special effects I thought were great for its time and you can honestly feel how significant this movie must have been when it originally came out. Hard not to enjoy this movie."
5918,Great venue. Taylor is incomparable. The Eras Tour really is a magical as you think it is going to be.
3362,"The concert was incredible, we had an amazing time!!! And the workers were all so so so nice!!! It was the best night EVER!!!! TAYLOR SWIFT WAS ABSOLUTELY INCREDIBLE!!!!"
42,"Coldplay gave a fantastic performance and the show was a lot of fun to attend. The bracelets we were given upon entry lit in sync with the music, the balloons bouncing around the audience were a lot of fun to hit as they came by, and all of this together with the lights/pyrotechnics served to make us feel like participants in the show. It was a lot of fun to be in the audience and Coldplay performed so many of their fantastic hits from over the years I will definitely be getting tickets next time they play in Philadelphia."
2551,"I celebrated my birthday at Disneyland Paris, and it was an unforgettable experience! I enjoyed the rides, especially the Finding Nemo roller coaster, which was a thrilling adventure. Although Disneyland can be a bit pricey, the overall experience was worth it. One downside was the long wait times to take pictures with Mickey and the Disney princesses, which were around 2 hours due to the crowds. However, the night show made up for it, with an incredible display of music and lights that truly captured the magic of Disney. Overall, it was a fantastic birthday celebration filled with fun and excitement!"
5779,"I only viewed it for the first time a couple of months and I have to say from the moment go I loved it. It is a fascinating tale of how the main characters meet and how their paths cross over the course of the movie. I am not sure how people view it but I see Pulp Fiction as a series of episodes in one movie,my favourite being the one with Bruce Willis and what happens to him after he kills someone in the boxing ring. Another thing I loved was the star power in this movie:Uma Thurman,John Travolta,Samuel L Jackson,Bruce Willis, Christopher Walker Ving Rhames to name a few. What makes the movie so remarkable is that we as the viewers do not see the twist coming. Another quite remarkable thing about Pulp Fiction is that the conversations between the characters is actually engrossing. Pulp Fiction is a fascinating tale masterfully directed by Quentin Tarranantino."
1130,The entire concert experience was truly incredible. The environment was safe and welcoming and well organized. The show was just beyond incredible. This was the best concert experience I've had!
2369,H.E.R. and Coldplay were great!  Loved loved loved the wristbands Coldplay lit up during their performance.  Super cute when the wristbands were yellow during the “Yellow” song.  The 4 star rating is not a reflection of how I felt about Coldplay.  It’s due to the poor sound quality that I attribute to echoing in the Mercedes Benz Stadium.  Once they opened the roof the sound was much better.  I expected better from a new stadium.
5106,"This was my second time to see Coldplay, and once again, it was a thrill! From the moment the guys came on stage, the music was awesome, as were the lights and fireworks. I have been a Coldplay fan for many years, and seeing them live has created some of my very best memories. It's amazing how good music can make you feel. I also love the fact that Coldplay does so many positive things with their fame and money, which is not something you see that often from celebrities. There were images and information projected prior to the concert to show some of their worldwide projects. As far as the musical selection, there was a great mix from all of the albums, from Parachutes to Music of the Spheres. My daughter's boyfriend, who is actually a country fan, was impressed and even commented that ""Chris Martin has the voice of an angel."" (Well, I already knew that, but still...) It was a really fun night, and I can't wait to see my British Boys again!"
2887,"The bracelets they gave out at the beginning of the show, I thought were going to be a keepsake, but when they started going off, it really made you feel like you were part of the show, rather than just watching it. I really had a great time and would say if you haven't been to a Coldplay concert, add it to your bucket it list!!"
5149,"The best film ever made.I really cannot convey how much I love Back to the Future. I was born in 1976 so was the perfect age for when this was released at the Cinema. I spent my pocket money on ""Back to the Future everything"" sticker book, poster, pencil case for school, skateboard, you name it! I think I saw it about 5 times at my local Cinema, and then at least another 5 on VHS when it was released. I literally bugged the guy at the Video store not to sell it to anyone else when he was done with renting it out. I saved up and bought the ex-rental video from him when he got a new copy and watched it pretty much constantly!Everything about BttF is perfect. The story, the cast, the score, the locations, the De Lorean! BttF is a pure time-capsule (no pun intended) that whisks me back to being 9 years old again.Michael J Fox is wonderful as Marty in his break-out movie role, and I cannot imagine anyone else playing the role of Doc Brown with the perfection that Christopher Lloyd did. The rest of the cast are also extremely strong, everyone brings their game here to make the best film possible, and it shows.Both Bob's (Zemeckis and Gale) created absolute magic and captured it on film, there will literally never be another one like this. I know Bob Zemeckis was awarded the best director Oscar for Forrest Gump, but for me, Back to the Future will always be his crowning achievement. Alan Silvestri and Huey Lewis and the News added the cherry to the top of this wonderful cake with their fantastic score and music contributions! We also cannot forget Steven Spielberg, without him, Back to the Future may never have been made.If you are any kind of movie fan then BttF is a must. The fun and downright excellence of this film just shines through in every scene, it is infectious. You can tell that everyone had a great time making it!BttF also has the best cliff-hanger third act of any film I have ever seen! I still sit on the edge of my seat even now, and I must have seen it 50 times (Will Marty and Doc's plan succeed?).I showed it to my 7 year old son last weekend, and whilst he did not understand all of it, he loved watching it. There is a reason why Back to the Future became wildly popular, has stood the test of time, and is loved by different generations all around the world. The reason is because it takes the viewer through every emotion that a great film should, one moment you are basking in the cool of it all, the next you are laughing, the next you are on the edge of your seat. That, is visual storytelling at it's best!Extra bonus points must be awarded for making the Time Machine a DeLorean, this was an inspired and genius idea. The design of the Time Machine is second to none, it looks exactly like you would think a Time Machine should, and is, by my reckoning, the coolest car in cinema history. Pulling a car with such a troubled history from relative obscurity, and turning it into one of the most recognizable in the world was a master-stroke.I think being there in 1985 the first time around gives me a particularly special relationship with Back to the Future, but everyone should see it at least once, as I said, I think it is the best film ever made, and the collective work is the best trilogy ever made!Thank you to everyone who came together to make the Back to the Future trilogy happen. You gave us something really incredible, unique, and timeless!"
6043,Awesome night.  My girls said it was the best ever! Thank you for the giving them a great memory to share. I am an avid live music fan and the show rivaled with the best shows I have ever attended.  The guys connected with their music and made it personal!  Thank you!
2652,"This was our 15th visit to Disneyland Paris and we've been really impressed. We decided to stay at the Disneyland Hotel to enjoy a special experience, and I've reviewed this separately.Disneyland Park itself is beautiful as always. Christmas decorations this year are even more magical than ever, plenty of colour and the periodic Main Street USA events are great to experience. I'd definitely say to everyone that you must visit Disneyland Paris just for how beautiful the park is and exhilarating the attractions are, while providing a wide variety of intensities around different theming to suit all individuals unlike no other theme park I've visited can.Food has massively improved across the park. We visited Walt's - an American Restaurant, Captain Jack's Restaurant des Pirates and a few fast food restaurants within the park. Food is now high-quality, flavourful and consistent across all the outlets we visited while actually being a reasonable price to what I'm used to in the UK (3 course fine dining meal is approximately 55 euros). Service in restaurants was good in some and inconsistent in others, but still the magic atmosphere remains.Disney Illuminations are spectacular and I'm hoping the new version coming next year lives up to expectations! The Magical Sky Parade was a lovely addition too. However, I was slightly disappointed that the VIP viewing area was quite large and unavailable for purchase during my visit despite staying at the Disneyland Hotel, meaning members of our party got quite tight into a zone with plenty of VIP space next to it just to get a good view while Disney Cast Members attempted to strictly enforce the no-entry rule which didn't really compliment the experience and would make some uncomfortable.Merchandise has also improved since our last visit, I'm pleased they have gone back to varied merchandise throughout different stores which makes shopping more exciting. Christmas merchandise was more restricted but I appreciate the beautiful designs, more baubles like usual please!Service has got slightly better but significantly better on attractions, queues being much more organised and controlled. Premier Access is still quite expensive but worth it.I was hesitating whether to add a 4 or 5 star rating, however, I decided on 5 due to the massive improvements and our families' desire to return very soon. I'd highly recommend to everyone and thank Disneyland Paris for making these valid improvements which fans have suggested!"
4793,Good movie. Great for the family. This film never gets old
964,"It's definitely the best one out of the trilogy. It's fun seeing how actions made in the past have a small effect on the present. For example at the very beginning of the movie you can see a sign of a mall i guess that's named ""Twin pines"", but when Marty goes back in time for the first time he destroys one of them and at the end in the present the mall is named ""Alone Pine"" and there is more, MORE of such easter eggs. The music is one of those that when you hear it you can immediately know that it's from this trillogy. If you haven't seen it already then go, watch right now. Where did you live for last 35 years if you haven't seen it? It's one of the best movies i have ever seen, 10/10."
5613,This is so so fantastic game in world I love it so much ❄️❄️🐱🐱🥰🥰😺😺😍😍😍
1573,"Once inside the park, the magic of Disney was so evident. The facilities are kept so clean and well managed by the staff it truly is something to behold.  It was easy enough to avoid extremely long lines with the app and the option to fast pass.  There is truly no stone unturned when it comes to the extra effort that Disney puts into a truly mystifying experience.My very favorite was Hollywood and Vine in Hollywood Studios.  A delicious meal with frequent access to some of the most pivotal Disney characters was icing on the cake of a long whirlwind trip.The Ratatouille Adveture was the most fun amusement park ride I've ever experienced in my 47 years!The Cons:The walk from the buses!  We were a school group using charter buses and often relegated to the last parking spots in the whole facility.  Two of our chaperones had mobility issues, zero shuttles were offered from buses to tickets, and we couldn't procure ECVs until we had made it through tickets. Additionally, as someone with a chronic illness in the skin cancer family (yes, we still deserve the opportunity to enjoy venues like Disney world) the lack of covered walkways in these areas to and from the buses was highly frustrating.  There was also a sore lack of covered areas for guests once inside the park and on these three particularly rainy days, this was challenging, to say the least.While I realize that if there were more seating areas available around where the evening shows at MK and EC are displayed, chaos would abound, sitting on the ground isn't a great option and after walking around all day, it's much easier to enjoy these shows seated. More benches would be nice.For a place that does such an amazing job of offering a great experience inside, it's very tiring and frustrating to get from park to park or park to hotel."
2516,"Entertaining beyond belief. If I were to direct a movie, I would choose Samuel L. Jackson hands down. He makes his movie gold. Combine his talent with Quentin Tarantino, and you've got double-gold. This movie deserves the number one spot on this site. Not only is it funny, it is clever, it has action, it has it all! A unique piece of work, it will have you scratching your head, & begging for more! It won so many awards & deserved to win best Director Oscar, but was beaten by Forrest Gump. Such a shame. That movie isn't in the #5 spot on this site. So undeserving. My review will not contain a spoiler as I have too much respect for this movie. I can't wait for the Grand Theft Auto movie to come out. Samuel L. Jackson will star in it for sure. It will be the best movie of all time, but until then I guess we'll all have to settle for Pulp Fiction. I've seen this movie over 100 times, and I never tire of it. There are many unique film-making traits the director has, such as non-linear story telling (probably something he invented), clever dialogue - all created from his own mind, specifically for this movie. Not written for a book or interpreted by someone else, it was his work exclusively & he deserves all the credit. A true genius. I can't wait to see what he thinks up next. I will be waiting in line. I hope he makes a movie to even rival his own work. I believe it can be done. Hopefully within the next couple of years. I wonder what he's up to right now, probably chilling with his piles of cash on top of a large pile of cocaine & naked ladies surrounding him. Damn that sounds good. He's my hero. A true man of men."
994,Taylor was amazing! We kept talking about how she puts on a 3-1/2hr show and doesn’t take a break! Then she goes to do it three nights in a row! I work an 8 hour day sitting at a desk and I’m exhausted! She was built for this! The show was flawless!
799,"Coldplay did a great performance in a warm environment; their songs, lights effects and outstanding charisma allow us to watch a great show."
6150,"Love this set, it allows my students use their imagination and they had lots of fun. I had an issue with the post office delivering the package and the seller was very helpful solving the issue."
606,"The epitome of excellence in Hollywood, ""Back to the Future"" is timeless, inspiring, and memeable. The pace here is seamless, every moment has plot significance, and every word uttered is valuable and meaningful. This careful crafting of visual presentation, audible experience and narrative concept existed at a time of relative peace and stability in the American economy. Little did we know everything would go downhill from here: an era of complete uncertainty leading to massive corporate greed, a sharp drop in production quality, and an industry absorbed by politics instead of artform. The laisse faire attitude of 80s Hollywood management allowed for more directorial creativity and oversight, compared to the complicated and overzealous requirements demanded by today's itchy fingered producers and executives.""Back to the Future"" deals with very common human issues such as self-esteem, effort and maturity, all while presenting an intriguing premise, pressing matters, romance, friendship and conflict all rolled into one. If the definition of Art is ""the mirror we hold up to ourselves"" (Shakespeare, Hamlet), then the imitation of nature that this science fiction dramedy presents is among the best in the craft of filmmaking: It's not about the science or the fiction; it's about people.Today's world poses many threats to studio success: legal action can be taken if your production presents defamatory or misleading information; social backlash can arise from a lack of respect to the genre or franchise; studio acceptance can be jeopardized from simple misrepresentation of race or gender... what we have now is a literal minefield of judicial hurdles, social media timebombs and the precarious balancing of identity politics over qualification and competence in hiring. Its no wonder, then, that activists, poles, statistics and even artificial intelligence have taken center stage in the development of studio projects: every obstacle to success must be accounted for. The excessive hand holding has led to a soulless industry, one so obsessed with minutia, that its now incapable of seeing the forest from the trees. Art has completely left the building, replaced by obligation to pretense and the third quarter. Hopefully, future generations will rely on past productions, such as this one, for inspiration, guidance, and understanding of the human experience."
912,"It seems to me, ""Back to the Future"" - the best trilogy in the entire history of television. It always happens that the first film is much more interesting than the rest, and they only spoil the impression of history. Here is the opposite. For example, I don't know which one of the three films I like.And success depends not even from actors, but from the screenwriter, the regentiness and producer. In these films there are everything: and stunning special effects, and super-actors, and an excellent script. And their success was not not for anyone a surprise: all the rewards they won - there is for what. I looked at this films an incredible number of times, but, of course, I'll see again as soon as the time appears."
2352,"*Fantastic, extraordinary ….Don’t miss it if u come to Paris. You can get there by train easily by about 4€I think it’s better to set a complete day for your visit and suggest you stay there till the night to see the Beauty of lightening too.It has 4 part: Frontier-land, Adventure-land,fantasy-land and discovery-land. I like fantasy and adventure more than the others.These places were more interesting to me:*Indiana Jones and the Temple of Peril*Sleeping Beauty Castle*Pirates of the Caribbean*Pinaccio*Peter Pan's FlightYou can eat there by normal and average price.*Considering there is no place to charge your mobile except a place called “Arcade alpha” (you can find it in the map) so go there with full charge mobile and your charger.*You should buy a ticket by 54€ and there is no need to pay more anywhere in any station. It’s priced is really fair.*The staffs are so friendly and supportive ❤️*Dress comfort and easy specially your shoes because you will have a long walking.*If you have kids take stroller and don’t take them to strange and dark places, some of the attractions may be offensive or scary for them.*The lines are too busy but you can pay more at the city hall and skip the lines 😐it’s too bad because they show the children: you can pass others by money 😒 I think it’s not a good idea for making money, they can change the entrance price to the upper price to earn more, but act to all in a same way. It’s a bad role model for children so I decided to give 3 star to wonderful Disney land.* people have to stay in a long line for a 2 minute show or train, it’s no frustrating specially for the kids.* no need to get your."
2074,"Disney is always great with children, and without, however this is probably one of the worst parks. Yes it has great things to do, but you can see some attractions outdated and old (Pinocchio,  dumbo, peter pan, ....) you wait 1h for a 2 mins walk on something that feels like you've seen it at any travelers fair.  Compared with other Disney parks where you get better entertainment during waiting times (not to mention you wait under the sun with barely no shades ), or more modern attractions... some waits are not worth The food is a different topic, nice restaurants (some expensive but ok you see the princesses)  , but grab a sandwich is just bad, that pretzel bread, and barely filled,  just avoid it, eat outside.I'm not sure if it is because part of staff is French but in general, big smile bad attitude and rude, i thought the unspoken rule of not breaking a hug with children was real... well it is not, if you are on a queue to have a picture with some one and then time's up, the close the place, right in your face, come back tomorrow we were told (and we were the only ones/last ones waiting).MMerchandising is very limited, no movies, books, comics, same stuff everywhere, starwars and marvel is just anecdotal. In general, I'd recommend save a little bit more, get a flight offer to Orlando and go there, 3-4 days might cost the same (prices there are cheaper) than at Disney, better attractions, better food, better weather, way friendlier staff."
1326,I am speechless. No words. The best concert I have ever been to ever. Nothing will ever beat Taylor Swift.
976,"This is one of my favorite movies ever!!! It has so much to offer: an innovative an d thoroughly thought through plot, the eighties, terribly good jokes, Marty McFly, and last but not least time-traveling. I especially love the skate-boarding scene where cool Marty McFly tries to escape Biff and his thugs who bully George McFly who is Marty McFly's father. It's really neat to compare the fashion styles of the eighties, the sixties and today's fashion. As a young boy I had to see this movie over and over. Today I can laugh about a lot of stuff I didn't get back then. Gotta see this one. Already, an all-time classic!! I do not give my hopes up to see a fourth part some day..."
7165,"This movie is astounding. It seamlessly combines all of the elements thats make a movie great and runs with it. QT is a master film maker who uses music more effectively than any other person in the business. The style and flair of the film are unmatched and the overall experience is unforgettable. I hate usually hate John Travolata but this movie made me realize that he is actually capable of creating a movie that is decent. Sam Jacksona and Uma Thurman are amazing and give possibly the best performances of their career. Bruce Willis shocked me the most. Not only did he show that he can play a real person, but he also showed that he can make the role believable and interesting. This movie is simply put the best film of all time."
6386,"First time at DLP for Christmas and what an experience ... the shows, the lights, the food were all fantastic (...the weather, not so much ... make sure you pack trousers!)We would absolutely go back for another New Years parade, the children loved it as much as we did, just so much to do!We stayed in the Santa Fe this time, and found the whole place clean and comfortable with great facilities for what you need whilst there (the only downside was no English-speaking TV channels except for the same 4 episodes of Timon and Pumbaa Wild about Safety!).100% recommend everything!"
5435,"GREAT!

They’ve been releasing a lot of new sleep stories lately, with celebrities like Harry Styles and P!NK. The stories and sounds are so relaxing and put me right to sleep. I use it almost every night it is an addiction. It fills my sleepy mind with magical stories as I drift off to sleep. It’d be so cool of you had someone like Taylor Swift on there though. I’m listening to a sleep story right now while writing this review!"
3463,"Coldplay was outstanding in their Philadelphia performance. They know how to relate to their audience. The lighting, visual effects and fireworks 💥 were awesome. The rendition of Fly Eagles Fly was appreciated by all of the Philadelphia Eagles fans in attendance."
3602,Great and clean and ready to use
535,"After going in October I see why 90% of the recent reviews are negative. Confusing apps that you have to spend hours learning how to use, so you can get on rides. Extra money grab like genie + and lighting lanes. I was told by friends I had to pay for those extras and they were right. I went on Thursday, not around a holiday and every ride was an hour to an hour and a half wait. By 3 PM the park was packed almost shoulder to shoulder and there wasn't a ride under a 2 1/2 hour wait time. Who stands in a ride line with kids for even and hour and has fun. I paid extra to get on all the rides quickly, but there are only 5 or 6 rides in the whole park and it's almost impossible to ride on all of them even with paying because the lines are so long. How is it supposed to be fun running ride to ride and still not getting on all of them. If you are an adult that loves Disney or have kids that love the characters it could have some magic still."
4744,"I bought this cup since I trust STANLEY. It is well made from recycled 18/8 Stainless Steel. It is supposed to be spill-proof, and it is with the straw in if it falls over to the right, less if to the left.  It leaks worse when “closed” .  I have told STANLEY about this and how to fix it  and just maybe will fix this. I hope so!  Even with the straw in, my hot tea was hot for several hours  I really love it!"
7147,"Perhaps the best kid time traveling adventure film of all time with iconic duo with great chemistry,the best part is that even today it still holds up pretty well with some little nitpicks that could be removed from final version but back to the future is still one of most enterteining films that were ever made and make it in really good watch"
3026,"I love COLDPLAY, this concert was amazing, the magic was in the air. I admire all their efforts to include all the community and promote/create sustainability for our planet through different programs and in their concerts."
1082,"Coldplay put on the most amazing concert I have ever been to, hands down. The energy, the mix of old and new songs, the LIGHTS! Everything was absolutely perfect. I can’t think of one bad thing to say, I will never forget that night! If you have the chance to see them, do it! Again and again."
5266,"Back to the Future is the classic sci-fi, adventure and comedy film nearly everyone has watched and loved, it is directed and co-written by Robert Zemeckis, staring Michael J. Fox and Christopher Lloyd as a troubled teen and a failed scientist who a thrust into a adventure through time in this praised trilogy.I will try be as unbiased as possible but even if I were to forget the years of loving this film and forgetting about all the joy it brought me, it's still a fantastic film. Back to the Future achieves in every aspect which is more than can be said for a lot of films.First off are the characters, perhaps the most important reason why this film is so great, each character is distinct and unique, likable and interact perfectly leading to hilarious and emotional scenes. They are all fantastically performed by a superb cast who bring these people to life more than any other actor could, you can't imagine another person playing them because they just fit so well in their roles. When you boil down this recipe and sprinkle some well written dialogue on the top you get some brilliant scenes, most of which made me (and the whole cinema) howl with laughter. Not only that but the romance intertwined with the plot is very well done, not feeling forced or poorly executed, this is coming from a guy who hates unnecessary love in films, I liked the romance! Which was very important since it makes up a huge chunk of the plot.On top of a captivating story and a set of great characters are also great visuals from its cinematography to its slightly dated effects which just add to the charm. The use of visual comedy which is very scarce now days was a nice addition. All accompanied by a stunning score by the always brilliant Alan Silvestri which is one of my favourites to this day, from the roaring orchestra to Huey Lewis and the New this is a go to soundtrack for me and goes great with the film, adding to the humour and the tension which for what many would consider a laid back lazy Sunday film, there is a lot of.Overall this is one of my favourite films of all time and has been since I first saw it many years ago and the fact that it's still up there really says something about how timeless it is. The characters, the humour, the music, everything is just spot on all combining into something that will be loved for generations to come."
5341,"The show was amazing! I managed to get last minute tickets behind the stage, but had the best night of my life. It was non stop singing and dancing."
232,"I love Back to the Future. While having a typical 80s feel to it, which I like, I love how fun, irresistible and original the film is. The special effects are dazzling and the comedy is suitably sly and sophisticated. Helping along the way is a script that is pretty ingenious, the sort of script that has quotable lines and also pokes fun at 1950s icons and lifestyles during the frequent bouts of time travelling. The score by Alan Silvestri elevates the sense of fun to a greater level, the main theme is one of the most memorable themes ever in the history of film, or so I think anyway. Robert Zemekis's direction is very good, and the cinematography, scenery and costumes are also excellent. And I have to mention the acting, Michael J Fox is really appealing in the role of Marty McFly, the role that propelled him to stardom, and Christopher Lloyd is brilliant in one of his most memorable roles(and yes this includes Judge Doom from Who Framed Roger Rabbit? and Professor Plum from Clue). Lea Thompson and Crispin Glover are also great. Overall, brilliant film that is good in so many ways. 10/10 Bethany Cox"
1612,"I love the movement toward making the Earth better during the concerts. I also just love Coldplay's music.

The reason I took off the star was because of the blown out speakers. Almost everything was muffled, and if I didn't know the lyrics to something I would not be able to understand it. So the speakers could have been a lot clearer probably lower the volume so it wouldn't sound so blown out."
842,"This film is as good now as it was in 1985. It is very well played, although some of the characters drift in to caricatures on occasion, they're a little bit over the top sometimes.
However Michael is as cute as a button and his tiny butt is perfect in those jeans. You also can't help but love Christopher Lloyd as Doc Brown, he plays the crazies so well.It's a great story and just good fun, a strike of victory for the little guys. Full of great humour and decency, something that is missing from a lot of films nowadays. I think people should aspire to be more like the world we used to see on screen and not like the films that show us what real life is, cos it's pretty sucky.An easy film to enjoy intently or just in the background."
2285,"This movie, despite the fact that I have now seen it more than 20 times, never gets old and certainly never fails to impress. The actors show just how talented they are and how much they are capable of. The scenes might seem to not make sense in the order they are in during the first time you watch it, but I assure you that after a second or maybe even third time everything will fall into place and amaze you. This movie basically has no flaws and demonstrates how amazing the art of cinematography can be.Many people underestimate the skill and class it takes to create such a movie but it is blindingly obvious that this film belongs in the top 100 best movies of all time in everyone's mind.This is my opinion on the film, it might seem overrated to you because i am a huge Quentin Tarantino fan, but this movie left my mouth wide open and i cannot do otherwise but recommend it."
1689,"Disneyland hotel is great.  But reading other reviews I agree, the cast members aren’t as nice (specifically in the park).  I think they try to force people around the parks during parade times, etc and over direct the traffic so it impacts the experience.  There were so many rides and attractions down multiple times throughout the day.  We were there for about 5 days and something was down everyday.  So we ended up having to work our schedule around the broken down rides.  One of the rides that we paid extra to ride went down, then we had to ride some crap ride instead because it went down.  And so expensive, the extra costs on food and the experiences are crazy.  I think I paid $250+ for my husband and I for world of color dessert party and a fireworks party.  It was okay, the food was just so so it was all just about the experience and views mostly.  We will come again, but it is different than it used to be."
6284,"Walt Disney World remains a magical place, but it is an undertaking that requires a significant amount of planning, and it is incredibly expensive. It can get crowded with painful wait times for rides, it is suffocatingly hot throughout the summer, you will drop thousands of dollars on the trip and your kids may end up enjoying playing in the pool at the hotel better than trying to tackle the parks. With that said, there are ways to maximize your experience at WDW and after a dozen weeklong vacations here over the past 20 years, many with children and several with just my spouse or exploring solo, I would like to share some tips. 1.Choose the right time of year to visit when the parks are not overwhelmed with visitors. Avoid all holidays and school breaks especially the week after Christmas and coming during spring break. Additionally, summer is too hot. January through early February, late April-May, and mid-September-early December are best. There are excellent websites and apps with crowd calendars predicting crowd levels at all the park throughout the year. Some parks are less crowded on specific days. The website Touringplans is what I have relied on. 2. Stay on Disney property. Yes, it is more expensive than off property, but it gives you access to the Disney transportation system, allows early entrance to the parks and you can purchase individual Lightening Lane tickets beginning at 7am rather than when the park opens. The Deluxe resorts are amazing but are priced at a ridiculous level. The Value Resorts are the least expensive but are the most crowded, bus wait times can be long, and they lack the ""magic"". The Moderate Resorts give you the most bang for the buck. Theming at the Moderate Resorts is terrific. 3. Get up early, arrive 30-40 min before rope drop and head to your must-ride attractions right at opening. I realize this is no way to spend a real vacation, but this is Disney, and it needs to be approached differently. This will automatically save you 2 hours of standing in line that day as you can probably head to a second popular ride after riding the first and have a manageable wait as others are still arriving at the entrance gate. 4. Understand the System. Become familiar on how Genie + and Lightening Lanes work and make full use of these systems to stay one step ahead. Accept that you will fork out big bucks to fully implement but don't try doing a busy day at Disney without these tools. Incorporate Park Hopping into your plan. Start at one park and as it gets busy hop to another park that has a lower predicted crowd levels that day.5. Make table service and character dining reservations well in advance. Some of the most popular need to be made 6 months in advance and you better be ready to book right at 7am. 6. Come with a Plan. The Unofficial Guide to Walt Disney World is the bible for anyone planning a trip to Disney. Read it cover to cover. Many other excellent websites packed with information can be found. Hit the busy rides first thing in the morning or use Genie +/LL. Less busy rides are for the afternoon when the park is most crowded or...7. Take an Afternoon Break. This is especially important if you have children. If you are arriving at rope drop, either you or your kids are going to lose it if you try to stay the whole day. In the late morning as lunch approaches, leave the park and ride back to your resort (another reason to stay on Disney property). Eat lunch, have a swim or take a nap. Come back refreshed in the late afternoon and evening to enjoy the rest of the night. You can use the park hopper option to head elsewhere that evening.8. If you have young children, meeting the characters and getting photos and autographs will be the highlight of the trip and will create unforgettable memories. For preschool kids, this isn't someone in a costume. They are meeting the real Mickey Mouse or Cinderella. Make sure you save plenty of time for these encounters. Epcot World Showcase is a surprisingly great spot to meet characters as there are less kids here and plenty of opportunities. Make sure you do at least one character meal. Pooh and friends in the Crystal Palace or the princesses in Norway at Epcot are both great spots.If all of this seems overwhelming, you should think twice about coming here. This is what today's Disney World demands. There is no room for spontaneity. Only clean, well-organized and efficient fun and a willingness to drop a lot of cash. However, if you can handle that, WDW can still be ""The Most Magical Place on Earth."""
2487,"Had a great time at the park, bur whatever you do DO NOT USE A TAXI!!! Stick to Uber or Lyft, cab charged us $110 for a 15 minute drive, it was only $28 on lyft but we decided to take a cab because they were waiting outside. Big mistake. Never take a cab in OC"
946,They had me set at a table that was not cleared. They then proceeded to clear other table even after I asked for our table to be cleared. They then serviced other clients. I waited 20 mins asked for help. They had me wait. Another...20 min passed and then told me to they would be right with me. Waited another 20 mins. Watched as they helped others around me and my family. I decided to leave. I am disgusted by the lack of customer service as I would think that a place with a great reputation has been found lacking.More 20 min passed and then told me to they would be right with me. Waited another 20 mins. Watched as they helped others around me and my family. I decided to leave. I am disgusted by the lack of customer service as I would think that a place with a great reputation has been found lacking.
7209,"This is a picture about mindless killing and idiots who think it is funny. Why so many people think highly of this picture is entirely beyond my fat rear end. The fact that so many people rate this picture so highly does not say good things about our society in general. When I bring up how disgusting this picture is to people whom love it, I get a multitude of answers that amount to nothing more than academic masturbation. Some people have the audacity to say it is a comedy. Somehow , I never thought mindless killing and standing around and laughing about it was comedy. ""Ha ha ha ha, he just got his head blown off"". ""That was so damn funny that I can't stop laughing."" Other people say it's a serious satire. ""It's supposed to show you the way the world really is."" Wow like I need to waste my time and money to tell me we live in a sick world. Simply put, if you like this film, you need to get your head examined."
5488,"Love, love, love this thing. The 30 oz. size should be the standard Stanley cup, because honestly the 40 ounces one is just so dang heavy when it's full. Honestly, I have that size for work, because I can't refill it all day like when I'm home. But for the weekend, and on the go- this is the perfect size and I LOVE this color because not a lot of people seem to have it, and that makes me happy...lol"
2236,"We stopped here at night after visiting the pantheon. Our hotel recommended this location. The gelato was great. However, we found the gentleman who served us to be rude, also the lack of order in the line is boggling. My wife was up, and she...More"
5424,"Literally the best show that ever existed. I have been to hundreds of concerts and have never before attended something so magical. The crowd, the environment, the set, the setlist—it was all incomparable. Will live rent free in my head for all eternity"
2420,"This is, without a doubt, the greatest movie I have ever seen. Nothing can top how perfect this is. The actors all do a fantastic job, the comedic moments are incredibly funny, and the story and script are two things that will forever be memorable. This is a movie that just wouldn't hit the same if it was remade today. Everybody should see the film and learn a valuable lesson from it, as we should all remember that time is what we make of it."
3416,"I give 4.5 stars because there are parts regarding setting up your wordpress via bluehost that is not updated. But overall, all is great."
744,We came here because TripAdvisor called it one of the 5 best ice creams in Rome. It was amazing. Atmosphere was lovely and ice cream was super tasty with good-sized portions. Other food options weren't worth considering... can't hold it against them as it really...More
6462,"The originator of time and space traversal, the textbooks which countless latecomers copied and followed. How to grasp the contradictions, bury details, and control the rhythm, especially the gorgeous and smooth two-line setting at the climax is still amazing and exciting even 30 years has gone. From a sociological point of view, this film can also be regarded as a half-century microcosm of American society."
3600,"It had been a long time comin….we miraculously got tickets and waited over a year for the concert of a lifetime! It did not disappoint. I went with my mom and two daughters and to say it is a core life memory for all of us, is an understatement! We loved every second! From Gracie opening, to Karma confetti, the entire night was incredible! I’d give anything to go again!"
620,this is my second time seeing the eras tour and it changed my life yet again. i almost went into a panic off of how close i was to my queen taylor on the floor. i am never recovering. like ever. she sang my favorite song with me there (thanks girl) anyways love this and love you tay
2998,"Let me start of with saying this is my opinion and if you do like this movie great. I'm not trying in anyway to diminish that joy. Just want to voice my own opinion. Now I love Tarantino. Reservoir Dogs and Inglorious Bastards are two of my all time favorite movies but this.... is a huge disappointment. The multiple narratives we're interesting at first but soon you realise they are pointless. More filler than anything else. It has no real pay off for this except I guess for the viewer to connect and understand each character. But it didn't do that for me. The ending is fine, the story is meh and the characters are very fake feeling. I don't know why but they came off very artificial except Samuel L. Jackson. The directing is amazing as to be expected and the cinematography is great. But don't let my review hold you back from seeing this movie. Even though I disliked the narrative and storyline the directing, acting and cinematography are hugely enjoyable as always with any Tarantino film. So if your a movie fan or interested in any aspect of film making you should definitely give this I watch. (However I would recommend you watch Tarantino's other work first)"
7073,"I thought this was a great introduction to the world of AdWords. It would be great to have an opportunity for a AdWords certificate study guide, as well as tests and worksheets for a grade to go with this course, if that is possible."
2884,I had some problems with the assembly but customer service was superlative. I contacted them and they offered me a full refund or any item from their catalog. They are sending me a table lamp which I wait with anticipation. The lampshade itself now looks great in situ and I am enjoying it very much. Thank you so much guys for your excellent service. I would not hesitate to recommend you to anyone.
5108,"If I may, let me note what a year 1994 was for film. This film. Shawshank. Gump. The Lion King. If someone came up to me and started ranting about how this was the best cinematic year ever, I'd actually listen to them for awhile before asking them why they are getting in my face. Of those films, this and Shawshank stand out, because they were not pre-established blockbusters. Gump and Lion King were expected to be pretty big, and just turned out bigger than anyone could possibly imagine. But these films were smaller, more personal projects. They are also quite different from each other in almost every other way; a notable one being that while Shawshank barely made back its budget at the box office, this film took off. Over the last couple weeks, with Steve Jobs and the like, we have examples of platforming failing. But it can succeed: this film is a prime example of that.This is important not just if you're incurably a nut about these sort of things, like am I. It means that this is the first exposure a lot of people had with a Tarantino film. I bet a lot of people became fans for life at some random matinée screenings some cloudy Tuesdays. This is one of those films that I would have loved to be there at one of its early screenings. A lot of minds were opened those days.I hope I'm not overselling this film, but it is one of those films that is so great that it is nearly impossible to oversell, which is a positive for me, as I love my gushing descriptions, as you might be able to tell if you read my review of Mad Max: Fury Road.One thing that must be noted about this film is that it goes out of order, and not a semi-organized out of order like Memento. This does not make the film hard to follow- it is easier to follow than Memento, at any rate- but it does make you think on your feet. Sometimes, I think that this whole movie is a then-young Mr. Tarantino taking a hunk of dynamite to the usual three-act structure. And it is glorious. No film better encapsulates the rush of exciting new filmmakers that we had in the 90s than this one.The title describes this film so well. It's not based on the style of blockbuster films. This isn't Jaws or Indiana Jones. This is darker, dirtier, less-universally subject matter. This is the equivalent of those books you keep for a trip to the doctor's office or the DMV just so you can be pulled out of the doldrums of life. It's not trying to be one of those Great American Novels written by Fitzgerald or Steinbeck that is typically only read by 'normal people' when they are in an English class or when they feel particularly scholarly.Of course, most of those novels were not particularly good, even at being what they are. This film is. It's clever, action-packed, well-written, and so much more. It represents a stark change from the happy-go-lucky (sometimes), subtle (often), and averse from breaking new ground (usually) attitudes of eighties movies and holds up a banner for nineties film. In the nineties, the same techniques that were developed for dark and gritty and serious movies like The Godfather or Apocalypse Now were being played apart the fabric of the mainstream. Yes, kids movies got even cheesier and less legit. But they no longer defined the market like they did in the prior decade.Artistic exploration became the norm. And few did that more than Mr. Tarantino, particularly in this film. Yes, if pulp fiction is what people expected, pulp fiction is what they got. But they did not get it in the way that they expected. To once more go back to MM:FR, I'm willing to be there were people who went into that film expecting to see just another action film in the style of the dime-a-dozen Die Hard and James Bond knock-offs that pop up so often every year. Their experience with that movie is probably on the level as anyone who came into this film expecting to see a mere piece of pulp fiction. This film is not a part of that 'genre', if you can call it that, but both an homage to it and its leading light. It transcends its grounds, its place in time, and perhaps even the medium of film itself. It is pure artistry.I cannot exaggerate how much of a breath of fresh air this was. Pretty much every problem with film in the eighties was given an antidote. It's also a good cure for everything from with major filmmaking today, though I argue that a more artsy version of the Hunger Games series would be a better one. But that's just me.As you might expect from a film that took off like this, it launched several careers and revived others, including that of John Travolta, who for once uses his overacting to his advantage. The soundtrack, of course, is phenomenal and iconic. Enough so that when I wrote the words Pulp Fiction down on the page, the first thing that popped into my mind was the title theme (Misirlou as covered by Dick Dale and the Daletones, in case you were wondering).Above all, when I watched this film, I felt a love for film and artistry, as well as a desire to build upon the works of the past while making a unique mark. It enraptures you in itself. Honestly, I'm kinda surprised that it took off like it did back then. But I'm not surprised that it's remembered today. It holds a unique place in society and is one of the definitive 90s films. Enjoy."
1304,It has been almost thirty years and this film stand the test of time. I loved it the first time I saw it and I love it still. The weaving of these storylines and the intricate twists and turns have never been matched. This is new wave filmmaking at it's best. It will be studied and discussed in film schools all over the world and lauded as the best of it's kind in filmmaking history.
857,"We have been going to Disney for over 40 years and our last visit was extremely disappointing. My comments get unhinged towards the end of this review due to the ridiculousness of my privileged people problem and complaints. Due to unforeseen circumstances, our visit was cut short and we purchased one day park hopper tickets to try and get as much done as we could in a day. These tickets came to $250 per person for one day. We also added on genie for an extra $30 per person and purchased two individual lightning lanes at $30 per person per ride. We were up before 7am on the day of our park tickets to make our genie and lighting lane selections and we only ended up getting one ride that we wanted. We were on MULTIPLE APPLE DEVICES trying to get our genie and lightning selections. Mid scream while booking genie, My husband said it was sexy how much of a knowledgeable Disney nerd I am. Maybe I can sell genie booking pics for extra cash. We started at EPCOT early entry and went to Test Track, it broke 4 times when we were waiting in line. We got a lightning lane for guardians and waited 45 min in this line. We tried to get genie and lightning for Remy multiple times throughout the day and we were unsuccessful. We spent most of the day with our heads down on our devices trying to get genie times for rides. We left EPCOT after lunch as it's when the weak drunk bros start puking in the bushes on their around the world beverage quests. If you have little kids it's best to avoid some of thr countries at night, e.g. Mexico, UK, Italy, etc, prepare to see drunken  mayhem uncontrolled by Disney ""security."" It's basically GTFO level at EPCOT at night, especially during festivals. During festivals, you have a very high chance of getting your foot run over by a drunken adult on an electric scooter. I digress, onto our next park. After spending an hour on our dirty disney resort bus making stops around our gargantuan resort we were finally on our way to our Magic Kingdom nightcap. We were feeling confident on our arrival- we had a genie for space mountain and a lightning lane for tron. We made a beeline to tomorrowland and spent two hours trying to get on these two rides, even though we paid extra to essentially cut the lines.  We decided to have one last go of misery and use our genie for thunder mountain. This said genie line was like one genie line, who had mining babies with a penchant for mayhem and tnt and made more lines that looped you and spun you  into a Disney vortex of WTF time is it, where am I? I'll keep waiting for the most ""wildest ride in the wilderness. (said in a screech holla southern gone western accent).I am exhausted and broke from this adventure (I’m looking at you genie). For my sanity, I need to vacation elsewhere."
4455,"Oh my God, My name Is Bill Tenway from Liberia, i never thought online learning could be easier until my Brother recommended UDEMY to me, I really love the presentation of the lesson, very simple, especially for beginner like Me."
5028,"The headline already gave it away, but to underline it properly: this is my favorite movie of all time and, in my opinion, the greatest movie ever made.You have very few movies where everything comes together - this is one of this few. This movie has a great story, a great cast, well written characters, a great cinematic style and a fantastic soundtrack, including one of the best movie theme songs ever made.Do I even have to talk about the plot anymore?The tale of Marty McFly, the teenager who was accidentally sent back in time through the iconic DeLorean turned time machine, built by his friend Dr. Emmett Brown. He finds himself in his hometown, Hill Valley (what a name! There was a joke about that in the awesome BTTF game made by TellTale btw) 30 years in the past, in 1955. There, he meets his parents and accidentally prevents them from falling in love, which endangers his very own existence. Now he has to get them together while also getting back to 1985 through the help of the Doc Brown of the year 1955.It is a fairly simple premise, but the overall execution is sooo damn good that you don't really think about the simple nature of the story.I love this movie and I am so happy that Zemeckis and Gale still hold the rights to this film(s) close to their chest, because this is one of the film(s) that you really shouldn't try to remake, because it is simply impossible to top the original.10/10, would recommend."
6819,well on a personal note i would not pay attention to george parker as he must not have taste in good films. the film pulp fiction was a sceptical for many films today including the way actors flame at each other and use violence. the film is three stories in one all based around a different group of people. tarantino used his own style of movie making and like all of his films has the middle at the start and end the beginning at the start and the end played throughout. this gives us a brief idea of everything that is happening that day instead of going backwards and forwards and losing the plot. i recommend this film to any great film watcher and give it 5/5stars *****
4867,Took my daughter to her first Coldplay concert and she was absolutely in love with the atmosphere at the snapdragon stadium! Thank you for this wonderful experience!
7260,Amazing experience. Horrible experience with ticketmaster!!! But amazing show. TS
2729,It was the most amazing show I've ever been to. The venue was amazing Taylor was amazing. She most definitely puts on one of the best shows and we were so excited we were able to be the for the one of the last US shows
763,"I used to make fun of people for using these Stanley cups, I always thought they were overpriced and over hyped. But I purchased this for my little sister who is in nursing school, and she takes this thing with her everywhere!!! All she does is rave about how amazing it is! So I bought one as well, and they really are amazing products. Made super well, they keep ice in them for hours and hours! Super comfortable to hold in your hand, not too heavy or bulky. Easy to clean and seem to be super durable. I've dropped mine I don't even know how many times now, and not a single mark! They also don't leak easy at all. Unless you're holding it completely upside down, even then it doesn't leak fast. Super happy!"
3581,"Back to the Future is a near-perfect blend of science fiction, comedy, and adventure, earning high praise for its clever storytelling, memorable characters, and infectious energy. Directed by Robert Zemeckis and produced by Steven Spielberg, this iconic film has stood the test of time, captivating audiences with its creativity and timeless appeal.The story follows teenager Marty McFly, played with charm and charisma by Michael J. Fox, who accidentally travels back to 1955 in a time machine invented by the eccentric Dr Emmett ""Doc"" Brown, portrayed brilliantly by Christopher Lloyd. Marty's quest to return to 1985 becomes a race against time as he inadvertently disrupts his parents' first meeting, threatening his very existence.Fox delivers an effortlessly engaging performance, bringing humour and relatability to Marty as he navigates the past with a mix of resourcefulness and teenage awkwardness. Lloyd is equally outstanding as Doc, with his larger-than-life energy and wild-eyed enthusiasm creating one of cinema's most beloved characters. The dynamic between Marty and Doc is the heart of the film, with their unlikely friendship driving much of the story's charm.The script, co-written by Zemeckis and Bob Gale, is a masterpiece of structure and wit, deftly weaving together humour, tension, and heartfelt moments. The way the film balances the high stakes of time travel with light-hearted comedy is nothing short of genius. From the hilariously awkward scenes with Marty's teenage mother to the nail-biting clock tower sequence, every moment feels perfectly calibrated.Alan Silvestri's iconic score amplifies the film's sense of adventure and wonder, while the 1980s rock hits, particularly Huey Lewis and the News' The Power of Love, give the film its unforgettable vibe. The production design is equally impressive, capturing both the 1980s and 1950s with meticulous attention to detail, making the time-jump feel immersive and authentic.The only minor drawback is that certain elements of the plot, particularly the more dated social dynamics, may not resonate as strongly with modern audiences. However, these moments do little to detract from the film's overall impact.In conclusion, Back to the Future is an endlessly entertaining and cleverly crafted film that continues to delight viewers of all ages. With its sharp humour, heartwarming story, and unforgettable performances, it has rightfully earned its place as one of the greatest films of all time. A near-flawless adventure that is as timeless as its title suggests."
5151,"A show where you sing and dance the entire time!! Best fireworks, confetti , fan interaction!! A must see !!! Coldplay never disappoints!!!"
1491,"that's a great course, which have all the knowledge relates to marketing. cover all the topic very deeply... Thanks sir to give me a great skill. Possible that will help me in future."
6037,"I had the infinity ticket and we were seated at section 308. The price was perfect, affordable because we got the promo. The seat view was also perfect even if we were far almost the top we can see thru the screen, sung, jumped and dance to the music. Our section was so AWESOME 😎 It was like the cool kids sitting together. The transpo going to and from was smooth for us. I’ve been to Metlife Stadium before and this is my second time so I know a little bit where to go and what time should we left. Overall, the experience was a hella fantastic, goosebumps, lovely, wonderful, legendary experience for me and my friend."
5761,Excellent course for a beginner. Covered all the basics; it certainly gave me more confidence to explore Adwords.
3931,"Taylor was amazing as usual and the Superdome/NOLA was fantastic too. No issues, just a great time."
1191,"Watched Back To The Future Starring Michael J.Fox(Class Of 1984 ) as Marty McFly ,Christopher Lloyd(Star Trek III:In Search Of Spock) as Dr.Emmet Brown,Crispin Glover(Teachers) as George McFly, Lea Thompson(Red Dawn) as Lorraine Banes-McFly,James Tolkan(Hillstreet Blues) as Mr.Strickland, Marc McClure(Superman:The Movie)as Dave McFly ,Claudia Wells(Herbie The Love Bug) as Jennifer Parker,Wendie Jo-Sperber(Bachelor Party) as Linda McFly and Thomas F.Wilson(L.A. Streetfighters) as Biff Tannen .This movie is memorable, unlike most Time Travel Movies its not the the conventional Stop this event from Happening but it was more of an accidental landing in the time stream while observing it also This has a great story and great characters also it was funny and memorable and the climax is always really intense even though you know what is going to happen .also Amazing Cinematography by Dean Cudney(Escape From New York),Score By Alan Silverstri(Fandango), Screenplay By Bob Gale(Used Cars) and Direction By Robert Zemeckis (Forrest Gump) A Fun Time Travel Film Best Of The Trilogy 9/10"
3433,"I'm always hesitant about online classes, mainly will it be worth my time? Answer, absolutely. I was tired of having this black-hole of knowledge that is Google AdWords. Who doesn't google things these days? Corey does an excellent job distilling the topic and gives you an abundant amount of resources. Thanks man, signing up for your Google Analytics class now!"
627,"As a lover of oddities and strange things, this movie hit home. It's a cult classic, and wil forever keep that status, because it's unqiue and never gets old. The screenwriting is superb, and somewhat nonsensical, but that's what makes it great. There is no real moral, nothing besides 'enjoy the sho and enjoy it at surface value'.Films like this are memorable and rewatchable, and I would recommend it to individuals who have enjoyed nonsensical movies in the past.I am still wondering what is in the suitcase, and can understand Abed's obsession with it, and his obsession with this movie. Truly a masterpiece by Tarantino, making a non-linear film that could aily confuse the watcher, into serving that exact purpose yet still keeping it entertaining and out there."
6010,Absolutely hands down amazing! My niece also said best night of her life too (she's 18). Well worth the money - even the ones I got that were severely overpriced from a different seller
2945,"Sorry if I comparing this movie with a video game (thats released far after the the movie and with completely different stories tho) but...If you enjoy playing GTA - San Andreas, then you would love this movie!"
2135,The best course i have ever seen and these guys are teachers from God. I want to thank you for Robin and Jesper . These teachers are my SHİFU
662,"There are always decade-defining films. They may not be the best films of the decade, but they capture the feel of living in them. Back to the Future IS the 80's. It's funny, charming, sweet, and completely enjoyable. Dare, I say, it's one of the most enjoyable films ever made.There had to be a point during the writing process when someone said, ""This is it."" The plot is movie magic. Teenager goes back in time to save his future by fixing the past of his parents? Brilliant! And it works so well because of the phenomenal, tightly written script. All the little things are important and all tie together. It's so cool to see the same scene happen in two time periods, but the action is exactly the same. Like the diner with Biff/ Marty's house with Biff. It's laugh out loud funny, with plenty of period gags (Reagan, who the hell is John F. Kennedy?), and sweet, with goodbyes and relationships that clearly inspired modern film and TV (Lost Season 5?). The pacing is perfect, with a constant sense of movement, and Zemeckis can weave suspense whenever he wants, be it the first 88 mph or the super- tense climax.In this cartoon world are cartoon characters, and Back to the Future is filled with gems. Marty McFly, one of the most iconic teenagers,is pure charisma. ""That's heavy stuff!"" We wish we were Marty. He's too cool. Doc Brown, with his great phrases and even better facial expressions, is just so dang lovable. And the first time I saw this, I completely overlooked George McFly. He is hilarious. Brilliantly pathetic.It's impossible to not like Back to the Future. Sometimes it crosses the line into cheesy (NOOOOO!), the CG looks fake in some places, and personally I don't like the role reversal of George and Biff at the end (he became what we hated in the beginning), but those are small things. Back to the Future is one of the best 80's movies, and has undeniable charm. You have to see this one. 9.3/10"
1965,"One of the best experiences of my life, worth every penny. I went w my 31-year-old daughter and my 18-year-old niece, we sang and danced and had the time of our lives. The positive energy and vibes at a Taylor Swift show are indescribable. You can't put into words what it's like to attend the Era's Tour, it's something you have to experience, it's a feeling. Wish I could afford to see her again."
2266,"Short and Simple Review by WubsTheFadgerPulp Fiction is a film that must be seen. The story is cleverly put together and elegantly flows from character to character. The story is funny, brutal, disturbing, and memorable. The story is told in a nonlinear fashion and requires the audience to pay attention. Tarantino has created some of the most complex characters in cinema. They all have personality and are relatable in various ways. The dialogue between the characters is amazing. The ending is stunning.The acting is very good. Tim Roth, Uma Thurman, Samuel L. Jackson, Harvey Keitel, John Travolta, Bruce Willis, Amanda Plummer, and Ving Rhames all perform extremely well. They all give their characters a certain flair and keep the story going with their individuality.The pacing is perfect and the runtime is justified because Tarantino builds his story and characters slowly.The amount of cursing in this film is, in my opinion, unneeded. I found the extent of the swearing excessive. The use of violence is perfect though.Pros: Elegantly told story full of memorable moments, a lot of funny moments, amazing characters, great dialogue, amazing acting, perfect pacing, and a good use of violenceCons: Excessive cursing and the runtime can be long for someOverall Rating: 9.1P.S. Pulp Fiction is a classic that should be experienced by all movie watchers. I would recommend being over the age of 18 because there are a lot of sexual situations and dialogue."
2162,It is on of the best course for Full Stack Web Development. Happy to enroll for this course. Explanation of all things are very good. Got to know new the tools and technology in the current market.
7010,The BEST concert of my life! I’ve never witnessed anything like it before. I sang and danced the entire time! I love you Taylor!
4570,"I love this Movie; a classic! But, why was Marty trying to start the car multiple times with the lights on. Nobody would try to start a dead car with the lights on!"
1017,"Back to the future is great and fun, there are a lot of interesting shots in this film, the main two actors are great but there are times where it's a little cheesy same with all the actors, the special effects are great and they have aged well, it's was interesting to have a main character who explore the past rather then a fictional world, overall go watch it you'll love it"
5577,It’s a great application but in the iOS apps the tasks that you create in boards view automatically bounce to the first column even after selecting that the task needs to be in a different column.
6603,"Synopsis: I really can't tell you much about this film because I do not want to ruin the experience. This is one of those movies that is best left a secret, but what I can tell you is that it's legendary, remarkable, and re-watchable. Each scene is simply classic and the dialog is thick but so incredibly clever that one hungers for it. The acting is absolutely fabulous. John and Uma have such chemistry during the ""dance scene""--it was engaging and enthralling. Samuel L. Jackson delivers his infamous ""speech"" with such fervor and vengeance that the words are as bullets. I also remember laughing heavily at the dark humor and simple bizzareness of this gem. ""Pulp Fiction"" is a quirky gangster film on its surface but when one digs a little deeper it is a story about redemption. Notice the difference between the fates of John and Samuel's characters, and also notice how Bruce redeems himself. This would all be well and good enough as it is, but Quentin is not done yet. Not only does he bring forth an arsenal of brilliant directing (his classic ""car trunk"" shot), but he also makes a circular film (the beginning and the end are the same). This movie is great, just simply fantastic. And another lovely bonus is that ""Pulp Fiction"" never gets old, which is something hard to come by nowadays. ""Pulp Fiction"" is probably the best movie of the 90's and is certainly one of the best films of all time, and I mean that. The only people who will not like ""Pulp Fiction"" are dumbasses (who will get confused by the story format), the squeamish (who don't like gruesome screen violence), and right-wingers (who think that sex,violence, and profanity are the earmarks of a bad movie). All and all I give ""Pulp Fiction"": 5 out of 5 stars.NOTE: 1/5 stars = bad 2/5 stars = OK 3/5 stars = good 4/5 stars = great 5/5 stars = classic 2005 Imaginist"
3604,"One of the best concerts I’ve ever been to! Never been to a concert with so many people and the production as far as the lights,wristbands and fireworks were amazing!"
12,"Best Gelato in Rome! Without a doubt. Avoid tourist Gelato places like Venci. Best flavours are pistachio and caramel. (Dont forget to ask for the ""crema"" on top!)"
6423,Coldplay was amazing (rain and all)! I saw them in Philadelphia and had the best time. It was such a positive experience after a hard school year!
1287,"I love the variety of options, and that you can mark those you particularly enjoy! My complaint, however, is you can't mark something that you didn't like it. It's nice that you can see your favorites all together but it would be nice to see which ones you do not want to try again"
1792,"First, I'm a Swifty who is in her 70's, and my birthday present was to attend the Toronto concert. It was by far the BEST concert I've ever been to, and I've been to MANY in my 70+ years. The seats were fantastic, but VERY expensive. Worth it for what it was. She is almost finished with the Eras Tour. If you have an opportunity to see it, definitely do so!"
4921,I have to say that Taylor and her team worked their butt off! By far the best concert that I have ever attended. We waited a whole year and it was well worth the WAIT!!!
63,I had absolutely no idea about AdWords and I have tried before to learn (just with AdWords help online) which didn't help me at all - this course was fantastic! The theory based lessons followed up with the walk through practical ones really helped me to understand AdWords -I'm looking forward to getting started with it! Thank you!
4780,Great course for just starting out. I used this course as a rubric so I could dive more deeply in my own personal studies (a skill you will need to have to make it in this field). I highly recommend this course as a your first foray into the subject material.
4500,"This film is only good to watch if you have literally nothing else to do fro 2 and a half hours, its pretty average but to have it be called ""One of the greatest films ever"" and win an oscar for best writing just doesn't seem right. I do like other QT movie but this one just kinda... sucked."
1397,"The Eras Tour was absolutely AMAZING. I saw Taylor in 2006 a few months before debut came out and I have been a fan ever since. I hope when she goes on tour again, Ticketmaster gets their act together. Despite being a verified fan and being on the waitlist, I never got picked to buy tickets, including the day of. Resale tickets need to have a cap."
3425,"Pulp Fiction is pretty much Once upon a time in Hollywood, but better in every regard.Pulp Fiction encapsulated and defined the 90s, that's what this movie was. A piece of art, not a movie.This movie is all about the characters and the actors, not any plot. That's why I would rate the movie as follows1. Characters 112. Acting 103. Plot 74. Cinematography 105. World building 10We have stellar characters and acting. Cinematography is also amazing, it really sucks you in and the world building really makes you fell like you are in the 90s."
6684,"This movie is superb. It is definitely a move that you need to watch at least 2 or 3 times to fully appreciate, but every time will bring new experiences. There are so many small little things going on in the scenes, you miss many of them the first time through.Plus the movie changes it;s starting middle and ending a few times throughout the movie, so it can be confusing unless you know in advance what to expect.This all makes for a REALLY great movie, very imaginative, funny, and totally riveting from the first scene until the last.The casting could not have been more perfect and the actors all seemed to be having truly enjoyed making this film. It showed in their acting and in their enthusiasm to get their characters just right."
131,"Amazing!! Just Amazing!! Although, I bought resale..wasn’t one of the lucky verified fans that got a code.  Been trying for 2 years to get reasonably priced tickets or even access to buy tickets. Ticketmaster you have to do better. Your verified fan system is not working."
3382,The best show ever she truly loves and cares for her fans and we love her back it’s something I will always look forward to miss Taylor’s swift NEVER AND I MEAN NEVER DISAPPOINTS!!!!! I will always try to go see her everytime!!!!
7418,"Who else could have played these characters? Each character was perfectly cast, acted and memorably written. Equally memorable is the timeless story, exciting pacing, comedy and music. The only real problem is why Doc and Marty are friends. They make a great team, but have nothing in common. Marty doesn't want to be a scientist and Doc Brown isn't a musician or was one. How did they meet? I also don't know why Doc set the clocks 25 minutes slow. He didn't know Marty was coming over. In fact, one of the clocks on the ground by the plutonium case is still correct time. The DeLorean time machine is still cool and so is the rest."
2552,"Great course! It's perfect for beginners, as the title suggests, and gives you the tools you need to get started. It also includes some great resources for further reading."
6512,"This film typifies what is wrong with the whole film world today. When a morally bankrupt,intellectually challenged creep like the ""director"" of this piece can get a deal with a major studio it says a lot about the sad and pathetic state of movie making. The level of hype surrounding this and the other (place epithet here) made by this twerp is disgusting. What drugs are being passed around in Hollywood board rooms? I'd really like to know what kind of hallucinogenic it was. I saw this (place epithet here) and I was disturbed in the way it manipulates the stupider members of the audience. Getting high on violence is a good thing? Tarantino is a cancerous festering oozing lesion on the anus of the film world. Good film making technique aside, are we really prepared for the level of nihilism this kind of (place epithet here) represents? This is just (place epithet here) elevated to Olympian ""ART FILM"" status. The presence of some reasonably good actors just proves that actors generally have very poor judgement and like the misquote of Hitchcock ""are cattle"". This, and the previously mentioned disease's other films are the absolute ultimate in pandering to the lowest common denominator of the hormonally challenged adolescent male mindset that Hollywood seems to be pervertedly in love with (film school critic retards included). This is only my opinion, but I know other cinema literate people who share it. The fact that this was nominated for Oscars is too abhorrent to bear. Add style and you can serve overrated (place epithet here) to the most pretentious."
5522,"The performance was amazing, the stadium was really bad on organization and to let people in, it wasnt just the parking. They didnt communicate properly where the entrances were. And they did the bag checks and all and then they will say that wasnt your entrance i had my bag checked 3 times and we had to walk around the entire stadium to wait in line for over 30 minutes because they werent checking anyone at some point"
5244,"We attended the last Taylor Swift Concert in Vancouver. It was a ""great show""but, it felt more like a stage-show on Broadway - very scripted. Taylor Swift appeared like she was going through the motions, and there was no personal engagement with the crowd. Her comments were the same across the three nights in Vancouver. No comment about it being her last show, rather a general comment about the end of Eras Tour. It felt like the ""elephant in the room""within the stadium - the last show of the Eras Tour, but no acknowledgement of this. This seemed like a running commentary as we left the stadium.

The show lacked the spontaneity and involvement of other concerts. This was dissapointing. She appeared understandably done with the tour. But, perhaps it's lengthiness was too much. I would have been happy with less of a production and more of the great singer she is."
5340,"The best concert I have ever attended! Taylor Swift went above and beyond for her fans, playing 3 1/2 hours.  Going to a TS show is probably the most positive experience a person could have.  Everyone is happy, no judgment, people singing along, smiling and having the best times of their life.  I am grateful I attended and will never forget this experience with my daughter and my friends.  She is truly an Icon.  Thank you Taylor for the ERAS tour.  Your fans will never forget it!"
4730,"AMAZING course. absolutely loved it, detailed explanations, PLENTY of new things I got to learn, and the examples were helpful too."
288,Looked exactly like the pictures and I love how it looks on the wall. So cute!
4015,"Amazing show from start to finish, jumping up and down with the crowd in the floor section, fireworks and confetti. Just positivity all around!"
7446,"The Eras Tour was an absolutely magnificent experience. It was so much more than just a concert. I had the time of my life trading friendship bracelets, chatting with Swifties, interacting with all of the venue staff, and watching this once-in-a-lifetime performance by the most talented artist. Taylor is so sincere and genuine, and it's obvious that she puts everything she has into putting on the best show for her audience. I've been to many concerts, but I've never been a part of something as special as the Eras Tour. Taylor's band and dancers were incredible. The stage itself was such a marvel. The entire production of this show was remarkable. I feel very lucky to have been able to witness Taylor Swift perform. It had, indeed, been a long time coming, and I'll remember it for the rest of my life...all too well. :)"
6221,"Adorable images, great quality. Had shipping issue where shipping scan stopped mid-transit. She got a new set sent. Highly recommend!"
4968,"Had a great night at Taylor Swifts Eras! It was so nice to have an event that the whole family could enjoy. It is not often lately that there are places where you feel comfortable letting your kids talk and interact with so many people on their own. Everyone there was so pleasant and excited for the night. I believe this says a lot about her as a person and performer, the fan base she has developed feels like family. Not to mention she performed for over three hours and seemed just as happy to be there as the people there to see her. Great concert, would go again if only there were more shows!"
2935,"Back to the future can only be described as a 1980's culture epic. This seems to be the first of the director and writer Robert Zemeckis' bright idea's which seem to come along once a decade, other film's he's noted for include the 2007 3D-Beowulf and Forest Gump.The whole film can be seen as nothing short of spectacular family fun. A great treat for any kid or adult looking to have a nice time. Beyond the wonderful mask the film wears though it has themes of bullying, class, incest, love, and justice. All the while containing a perfectly paced film that never lets you down. It may not be the worlds greatest film ever made, though that is up to opinion. But could be seen as a shining example of a good film. It's plot is relatively easy to understand, but it never treats the audience as stupid.The acting isn't bad, (despite my hatred for Michael J fox: See http://www.youtube.com/watch?v=kqUo8RaJ23Q . This is how much I dislike Michael J. Fox) and the film shows brilliant parallels between scenes, all the while being an adventure with lovable characters, and an insight to a world far from our own. With great music from the 80's, including The power of love, by (see: http://www.youtube.com/watch?v=O-hUkO13Fy8)Huey Lewis and the news, memorable for other scenes in film history.Recommendations: Back to the future II & III, Works of Stephen Spielberg and Forest Gump. The magic 8-ball gives three thumbs up."
6823,The Eras Tour was my first concert. And it was literally magical. The high this concert gave will be hard to compare to now that I move on to shorter/shorter budget concerts. Taylor did a great job! Can’t wait to see what else she will do after she gets the very well deserved break she needs!!
1683,this was such an amazing show! i love taylor so much and ticketmaster allowed me to see her!
3238,Subway surfers is great game and new update is awesome💜
6759,"Samuel Jackson, John Travolta , Bruce Willis - Can this get any better ? The dialogues are exquisite.. You will love the 'Ezekiel 25:17' and will learn and say it every time u watch it !! I can go on and on writing a review. But all i really wanna say is PLEASE WATCH. If you've watched it already, then WATCH IT AGAINAt any point of time, if you find it confusing, Don't worry, that would have happened to everyone . Towards the end, Everything will be uncovered and there will be no questions unanswered leftI can guarantee that anyone after watching this movie will not be disappointed and will become a Quentin Tarantino fan for Life.!!Personally loved the soundtracks Cheers!!!"
4402,"What an amazing show. Loved every moment of it. The lights, sound, dance, singing, wow wow wow. Food and drink options wonderful. Bathroom lines not that bad considering the amount of people at N2 of  Taylor Swift. Merch lines were too long, not enough inventory of styles or sizes. Disappointed no water bottles being sold during concert. Then when I managed to get back in line from floor level non left.  Floor seats were okay but so many people wearing hats and taller than me couldn't see too much."
6889,"I was extremely disappointed with the Disneyland Paris experience. Our daughter is only 3 and all she wanted was to meet Minie, we stood in line for 30minutes before being informed that Minie would leave before we reach her and that the line is closed. It was her last “performance” of the day which meant that the trip was a bit of waste.This combined with the expected commercialisation of the park left us with a poorer opinion of the entire franchise. Instead of helping our daughter fall in love with Disney, as she did with Lego when we went to Billund, she only thinks of Disney as long lines and disappointments."
1718,"I highly recommend this company.  Great product and great service!
I couldn’t wait any longer to have the light put up.  I’d intended to decorate first but that can wait! Haha
Love, love, love it!  Thank you!! :)"
2797,"Best gelato in Rome no doubt. Old school vibe. So many great flavors, loved the cinnamon and salted caramel. Well worth the visit and queue."
343,I think I may have accidentally written a poor review on this item and that was meant for another product. This was great and everything was as expected. Thanks and sorry if I did accidentally leave a bad review not meant for you! :)
3726,"Heralded as one of the most perfect movies made in cnema history, Back to the Future is a great blend of science fiction, comedy, romance, adventure and nostalgia. It's entertaining, engaging, funny, and a visual treat for all ages."
4663,"Even though I'm still convinced that the eighties are one of the worst decades in recent history when it comes to movies and music and even though I never liked Sci-Fi movies, there is one big exception to that rule. In my opinion ""Back to the Future"" is not only one of the best movies in the genre, it's also in my list of all time favorite movies. When I saw it for the first time, I remember to be blown away by it. But than again, I was only 10 years old, not exactly an age on which you've already seen many really good movies to which you can compare another one. But even now, 20 years after its first release and after I've seen hundreds of movies, I still like it a lot.It's 1985 and Marty McFly is a typical teenager who doesn't like his parents and who has some problems at school. His best friend is Doc Brown, a weird inventor of all kinds of (useless) machines. But this time he has invented something that is much more interesting. He has created a plutonium-powered time machine based on a DeLorean. But when something goes wrong, Marty is accidentally sent back to 1955, the time in which his parents still were young. Not only has he got to adapt to this entirely new environment, he also has to make sure that nothing is changed, because that might have serious consequences for the future...I guess the best reason why this movie works so well and feels so timeless is because they don't use the time machine to go forward. Instead of showing us the future, which wouldn't look exactly like it is right now, they have chosen to go back 30 years, a time period which they new very well and could recreate perfectly. If they hadn't done this, the movie would have felt dated one day and no-one would have liked it because it was far from possible. Another good thing about this movie is the acting. Take for instance Michael J. Fox. Not everything that he has done in his career was very successful, but in this movie he shines. I truly believe that this is one of his best performances ever. The same for Christopher Lloyd. Even though his Dr. Emmett Brown looks like if he could have come out of a cartoon, his acting gives the character something likable and makes you forget about that 'problem'.Overall I really liked this movie a lot. It's one of the finest examples in Sci-Fi movies and I can keep watching it time after time. That's why I believe that this movie doesn't deserve a rating lower than 8/10."
3211,"This was our second time going to the Eras
Tour. We were so happy to be there the final show. It was just as amazing as the first time we went. A well done show with fantastic energy and performances."
2031,"I am not a huge fan of Tarantino, but I love Pulp Fiction. It is so unique and weird and it's so fun to watch. It's the type of movie that you feel compelled to watch again because you think you missed something. Although there are multiple character plots going on at once, it all feels very streamlined and easy to follow. One of my favorites."
4158,"It's 1984 and director Robert Zemeckis, fresh from the success of Romancing The Stone, is trying to film Back To the Future - a film about a young teenager called Marty McFly who is accidentally sent back in time to 1955 and inadvertently risks the future of his family. Zemeckis is troubled by his leading man, Eric Stoltz, who just isn't capturing the youthful teenager exuberance that he wants for Marty McFly. Stoltz is jettisoned and in comes Michael J. Fox who was busy wowing audiences in the hugely popular sit-com Family Ties. Fox had been first choice anyway but couldn't get a release slot from shooting with Family Ties. Luckily the wasted time with Stoltz created an opening for Fox to play Marty McFly as well as work on the show - the result of which would turn out to be one of the most beloved fantasy trilogies of the modern era.It's honestly hard to find anyone who seriously doesn't like Back To The Future part one. The second one has its critics, because, lets face it, it's a bridge between two better films, while the third film loses some people because of its Western themed plot (the heathens that they are). Yet really this trilogy opener is as near perfect cinema for all the family as you could wish to view. It's a water tight script from Zemeckis and Bob Gale that not only encompasses witty time travel paradoxes, but also dares to be dramatic into the bargain. The first 15 minutes contains a real shocker that is as cheeky as it bold, something that really gives Marty's 1955 quest a real urgency that the audience can buy into as the comedy relief then comes in spades. The set pieces are first rate - hello skateboard - hello rock ""n"" roll 101, and the makers have fun in winking towards other notable sci-fi pictures along the way. Hell they even manage to deal in an Oedipal strand that is tasteful, handled superbly and garners guffaws aplenty. No mean feat that last one actually. Alan Silvestri provides a whirring & pleasing score and the theme song, The Power Of Love, by Huey Lewis & The News, is infectiously enjoyable. Finally it's the cast that seal the deal for why this is as good as it gets for fantasy escapist cinema. Fox, Christopher Lloyd, Lea Thompson, Thomas F. Wilson & Crispin Glover are the perfect quintet, each feeding off each other and doing justice to the excellently constructed story.Made for $19 million, Back To The Future went on to make a worldwide gross of over $381 million, and those are the kind of figures you really can't argue with. It's snappy, happy and down right funny, so really, if you don't like Back To The Future then seek medical help immediately. 10/10"
6840,The best concert experience ever! Amazing! Chris Martin and Coldplay delivered on every aspect. Could not have been better!
2295,"This lecture is great. They made a marketing strategy guidebook, then taught me how to use chatGPT to search for my product information, and then just copied & pasted that information into the marketing strategy guidebook. They also reminded me to recheck chatGPT information. I want to learn more"
6552,"we bought the hotel n tickets for the parks directly on the website of disneyland paris. we LOVED it at disneyland park. if u like disney n/or amusement parks you will also like or maybe also love it. we've been at both parks in 2 days which was enough, but we've been during the week and not during the main season. waiting time at the activities was very good. didnt wait too long, 45min was the longest. we had no fast lane tickets."
26,"Back to the Future is one of those classic films that you'll remember for years to come. Marty Mcfly (Michael J. Fox), an American teenager living in the 80's gets sent back thirty years to 1955 in a silver DeLorean that is actually a time machine. With the help of Dr. Emmett Brown (Christopher Lloyd), the creator of the time machine, Marty must make sure his teenage parents fall in love so that he will return to the future and regular life.One of the themes that came to mind quickly is that Marty sees his father (Crispin Glover) when he was a teenager completely different then he sees him now. So, the theme revolves around, would Marty have been friends with his father when he was the same age and gone to school together? Marty sees his dad as a scared person that told on people when they did something wrong. He was terrified of Lorraine, which is Marty's mom in the present. At the beginning of the movie, Marty had a firm mind-set of his father, but when he traveled back in time to see his father as a teenager, that all changed.One of the techniques that was used in the film that really stood out to me was the sound effects. Especially in the scene where Marty is being chased on the hover boards, the sound effects that were put in place for when Marty was pushing himself with his foot and when the hover board was ""flying"" were appropriate for the action scene. Also, when the DeLorean was going back in time, the sound effects that were used to give you the elution that he was zooming through time was perfect for the overall affect."
5118,Netflix has been great until recently. There’s no reason I should be paying for a family account and then my kids also hav3 to pay for their own Netflix account because they don’t still live with me. This is stupid! There’s too many streaming platforms out there today for them to be doing stupid stuff like this. I will be be subscribing.
4685,"I was so looking forward to this movie because I had heard such great things about it. disappointed would be a huge understatement. what the Hell was this movie about? as far as I could tell there was no story, zero, nothing. literally nothing happened. there was no plot, no believable characters, not even a single interesting scene or line of dialog to bump this film up to a 2 in my opinion. just a total and absolute waste of time making and watching this movie. I know movies are subjective, but I just do not get how anyone can find this film remotely entertaining in any way. there are several films in the top 250 I have seen and agree they should be there. this belongs in the bottom 3, along with ""Fargo"" and ""American Beauty""."
4434,Cory really knows his adwords and is excellent at passing it on to his students.   Very thorough course and one that every marketer and anyone trying to advertise and sell on the internet should take
1075,"Steven Spielberg is a genius for Produce Back To The Future, he strikes the perfect balance between superior quality and self- depreciation. Robert Zemeckis directs with brisk pacing, making every scene count and sharply defining the key characters. While the film never aims for more than two dimensions, Marty is eminently likable, and Lloyd makes Doc Brown, with his wild white hair and perpetually wide eyes, one of the more memorable mad scientists in movie history.Lea Thompson gets the least showy but most delicate role. The film handles the potentially precarious covetous relationship between the young Lorraine and her teen-aged son with a playfully steady hand, and steers it to an unexpected but in retrospect obvious resolution.The DeLorean leaving flaming tire marks as it launches into time travel is one of my favorite scenes and i love Elisabeth Shue :)"
2841,"Missed her when she was in LA so flew out to NOLA just for the concert. I’ve been to many concerts of many musical genres, but the quality of all the songs (obvious), musicianship, and detail and pageantry of the entire 3.5 hour performance, along with the unbridled enthusiasm of the entire crowd of all ages and her interactions with us, made it the best show I’ve ever seen. Also a big thanks to NOLA for being so welcoming and accommodating. Sooo glad I went. Worth every penny."
6936,This is such a great movie !! I love it sooo much:)
6709,The last update for this app was terrible. It looks and acts so clunky. Task lines are twice as tall as before which greatly reduced visibility of task lists. Reordering tasks has become very difficult as the app is not very responsive and it seems sections now cannot be reordered at all. This app seems to get less functional with every update. I can hardly use it now and may need to rethink how I use or or start using a new app all together. Bummer because the desktop version is pretty great. They just can’t figure out mobile.
5305,"Coldplay is that group everyone should see. Your ticket is admission to the show. It also comes with a  love button, a recyclable light wrist band and encouraged audience participation.  It’s the band that finishes out the night and you can smile and be ok with it being over. It’s the band you take home on the bus humming all the way. It’s the band that you fall asleep to in your head and wake up still humming.   Never miss Coldplay when they are in your town."
3189,"Title says it all. Coldplay was amazing, the way they included all attendees in the show using light-up wristbands was creative and beautiful to see in action. But the aftermath was a nightmare and the reason that was the last time I go to a show at MetLife. Friend who was supposed to pick us up couldn't get through bc of road closures by traffic cops, PABT-bound bus line had easily over 1000 people waiting on it, Lyft app was not connecting to drivers bc of the high demand. Ended up walking to the mall across the overpass and, after failing to get a Lyft driver to pick us up there either, met the friend who had originally tried to pick us up, over 1.5 hours after the show ended. Unless you have an easy way out (your own car), the stress is not worth it."
6196,"Good quality, exactly what we wanted. Looks gorgeous in our house. Comes with a strong wood smell but can air out in a day or so. Youtube instructions were very helpful. The electrical part was a bit tricky when it came to the grounding wire but overall, 100% satisfied with the finished product!"
5098,"Back to the Future is the kind of film for all ages. I have not come across many people who find this film to be stupid. A variety of ages, when asked, have told me they love the concept of the film, the story, the characters, etc etc. I agree with them whole heartedly. Back to the Future is one of those films I can go back to (no pun intended) again and again. It is a film that doesn't need brains to figure out, just watch and you'll enjoy it.Back to the Future follows the life of Marty McFly and his relationship with a crazy old scientist, Dr. Brown, who says he has discovered the secret to time travel. Due to odd circumstances Marty is sent back in time and the time machine (which is actually a buffed up DeLorean) breaks down, stranding him in the time when his parents were in high school. With the help of the younger Dr. Brown he must figure out a way to save his own existence when he messes up things between his parents and find a way to get 'back to the future'. Michael J. Fox is a great actor. He captures the spirit of a teenager though he was 24 when he did the film. He is the initiator of most of the jokes, though they don't come from his mouth. His inability to realize that he is in the past makes several awkward moments in the past, especially with the local bully and at a school dance. His performance is legendary in my book and one of the reasons I watch Back to the Future so often.Christopher Lloyd, I feel, is what made this film work. His eccentricity and his random proclamation of ""Great Scott!"" makes his character work so well with what he is use to portraying. A veteran actor of Lloyd's background was needed to make the film work. If a serious actor had been put in the role, the film would not have worked. His odd approach to the character made his character and acting the funniest bit of all in the film.The portrayal of 50's life is right on par. Marty's interaction with it is some of the funniest things I saw in the film. Crispen Glover gives a solid performance as Marty's father back in the 50's. What I find great about the film though is how you feel for every character. You really do feel for George McFly (Glover) as he struggles to woe the love of his life Lorraine. A rarity in comedy indeed. You want Marty to get back to the 80's and you want Biff to get decked the whole film. The script is solid, the acting is superb, and the laughs are numerous.4/5 Stars"
1738,"Although Asana is solves the needs of our company’s president in allowing him to keep tabs on our various departments it can be very frustrating for me in the way it works best in my department because it will not allow me to somewhat customize the features for my particular needs.    For example , I do not want constant emails for everything that happens but cannot turn off emails.     Also I need to constantly rearrange the tasks as my priorities are very dynamic and that necessitates more time to change due dates and/assignee, hence I’d like to disable the due date or assignee but cannot.    Also, after wasting a lot of time trying to solve certain things I FINALLY got to a real person but he offered me no solution."
76,The venue was great! Nice seats. The  food/drinks area had AC and bathrooms were super clean. The concert was amazing.. I love how interactive it was.. the energy was great! Loved it.
4576,I am a Product Photographer and am looking to gain more skills to use my photography skills in marketing. i am really enjoying this course and the instructors are great.
5319,"this concert was the best concert I’ve been to and I saw a lot of good pop girlies this year like olivia Rodrigo and tate mcrae, and much more and it was everything thing I needed to be and I miss it so much I love you so much taylor you NEVER disappoint :)"
1367,"Back to the Future is an undisputed classic of cinema and science fiction as a whole. The film still works as an entertaining work, however, that doesn't mean it isn't a product of its time. The way the narrative is executed, the comedy is inserted and even how the visuals are displayed is, without a shadow of a doubt, dated. Does this mean that the work is bad seen through today's eyes? No. The work well portrays its time and the vision of the future that society had. Everything here is a huge reflection of the 80s. Even so, the work doesn't become any less thought-provoking and fun. Every film will always be dated when seen decades later, but that doesn't make it bad.The film, from the beginning, tells the viewer, in an indirect way, what will happen at the end of this story. This is one of the strong points of this film. Back to the Future thinks about many details to make the story round, even if the script falls into problems presented in works that explore time travel. The most important detail of the narrative is exactly how everything is extremely connected. All the scenes presented during the film are important for the development of the narrative and show importance again throughout it. Small details shown in small scenes always return to close the story in a satisfactory way and still leave a hook for a continuation.During many moments the small details presented are not said by the characters, but shown by small images in the foreground. The film takes advantage of small occasions to develop the narrative for the viewer, even though these details often don't seem important at first. Some scenes perfectly demonstrate the differences between the past and future using only the scenery and signs.Back to the Future is a brilliant work that marked its time and is still remembered today as a great classic. The film is extremely fun and its comedic moments are wonderful. The experience of watching this film is unique and becomes even more special when reviewed."
3552,This was my first concert and it was seriously one of the best experiences of my life I love this band so much and even in nosebleed seats it was amazing the venue was amazing the bathrooms were clean and it was easy to find what you need the only bad thing I would have to say is it was hard to find parking but that’s it!!!!! 💜💜💜💜💜💜💜💜💜💜💜💜💜💜💜💜💜💜💜💜💜💜💜💜💜💜💜💜
4437,It was once in a lifetime experience. Have waited for this concert for a long time and still it exceeded my expectations. Love Chris Martin and Coldplay
4829,"The music, the fireworks, the lighted wristbands made this show one of the best concerts I’ve been too.  It was so great they did the Eagles fight song.  They went out of their way to make it a show for Philadelphia."
6642,"The movie is more than excellent. There is a lot of hidden detail in the movie and you will only see them once you watch the movie again multiple times.The whole cast did an excellent performance, the music is awesome. This is not a movie, it's one of the 80s classics.I remember the first time I see it, when I was 5 y/o more or less, after that I just want to be Marti McFly and travel through the time, skate and drive a DeLorean. After more than 20 years, I've saw this movie at least 50 times and I'm finding new details, it's incredible the work behind each scene."
3273,"Every second of this concert was absolutely the most fun. Honestly the most joyful, happy, fun experience I've had in quite some time.
Loved the show!!!"
2956,"Having visited disneyland paris 5 times in the past we couldn't wait to return, although it had been 15 years since our last visit, we still had many magical memories from previous visits but what a disappointment it was when we got there!The park is now 30 years old and it's clearly showing its age, from broken pavements to 90% of the rides breaking down, etc.  They clearly need to spend money on fixing this park and not spending money on the new frozen park which is certainly not going to improve things.The waiting ques are atrocious, we were waiting about an hour for each ride, we don't remember it ever being this bad, then they want 16 euro to skip the que for peter pan, this is just ridiculous!Almost 90% of the rides we went on broke down, including thr rail road train and crushes coaster, which was the only one who gave us a fast pass as an apology!Some rides have changed and not for the better, such as the cars road trip which is just awful now, it was better before!The shops sell the same old merch as each other, you used to get different stuff in each shop/different parts of the park and the prices are ludicrous £8 for a plastic pen, come on?!There was a lot of meet and greets with characters, which was definitely an improvement from previous visits and the disney app had its advantages, although it wasn't the most accurate and really needs updated, such as the list of places you can use your food pass at and upto date menus.We bought a food pass which was definitely worth the money as the prices were just shocking for what you actually got especially at our previous favourite, Annette's diner which was absolutely disgusting.The park has definitely changed in regards to health and safety, with seatbelts on many rides such as the carousel and other rides but these seatbelts hardly fit adults (I'm only a size 12 and I'm struggled, the staff waste time checking everyone's seatbelt and giving out extensions surely they could put an announcement out and make all seatbelts longer to save time and cut down ques?I lost count of how many times I tripped and witnessed people tripping up over the kerbs and broken pavements, this is definitely an issue that needs addressed and as for cleanliness, there was rubbish everywhere, visitors don't seem to care!The weather was cold and icy when we visted but yet not a bit of grit in sight, which made the paths so slippery.The parades have definitely improved from what I remember from previous visits and was definitely worth seeing and the illuminations were really good, probably the best thing we experienced.The security has been increased with  lots of security checks, such as bag searches, sniffer dogs, police, etc which isn't a bad thing!I could go on but there is many things that need to be addressed at disneyland, as I doubt we wouldn't return anytime soon.The magic definitely isn't there anymore and many things need fixed to bring the magic back."
2839,"This picture is perfect for family viewing, there are elements of the trailer, and family drama, and adventure. And when all these ingredients start to spin around time travel, then the science genre appears."
5156,This in my opinion is the best Quentin Tarantino movie ever I have to admit I don't know what was wrong with me that I didn't like this movie at first really don't know what was wrong with me maybe the scenes are slowly detailed but this movie has the best dialogues a really good concept people like the simplicity of this movie that is why this is so good and it's emphasis alone on dialogues and the fact that this movie was made in a really simple time Quentin Tarantino with his best friend Roger Avary managed to do something different something new which makes this movie far better than Kill Bill Vol.1 or Reservoir Dogs those movies don't have what Pulp Fiction has that is why this movie is so good.
2544,"""Pulp Fiction"" is a Quentin Tarantino-directed film about a series of stories, involving two gangsters, a boxer, and a gangster's wife, and how their stories inter-mangle with each other. This is by far Tarantino's masterpiece. Now, I've heard rumors that his next film, ""Inglourious Basterds"" is suppose to be his masterpiece, but I don't know. I would say ""Pulp Fiction"" is his masterpiece. The writing is magnificent. I found myself laughing tremendously from the dialog, which is great because I enjoy clever writing. The acting was magnificent. John Travolta, Samuel L. Jackson, and Uma Thurman were awesome in the movie. Everybody else was awesome as well. But you have to see it for yourself because I can't describe its awesomeness here. However, I have to say this: The n-word is used excessively in this movie, so if you're offended by the use of this word, then this isn't the movie for you. If not, then you shouldn't mind."
6046,"(There is a little spoiler but it wont ruin your experience at all) I LOVE THIS MOVIE. I love how the original this is, and the fact that the sequels are so similar, but they are both so good, especially the 3rd film. This movie has such witty humor, and it is good from start to finish. It is actually really suspenseful, along with the other films. I cant believe the CGI was this good for a movie made in 1985! The casttttttt, Christopher Lloyd is one of my favorite actors just for this role ""Great scott, this is such a good movie"" and Michael J Fox is a really good character and him meeting his young dad was really funny. Overall a 10/10 film and is in my top 5."
1826,Great audio and visual experience. Definitely one you will not ever forget.
2767,"If you've never seen Coldplay, now is your chance!!! It has been one of the best concerts I've been and can honestly say it was worth every penny."
5218,"I can only speak for myself, but I had never seen anything as stylish, cleverly constructed, well written and electrifying as this milestone when I first saw it in 1994. What really pulled me in right from the start is what we've now come to know as a Tarantino trademark: the dialogue. When gangsters Jules and Vincent talk to each other (or all the other characters, for that matter) there is a natural flow, a sense of realism and yet something slightly over the top and very theatrical about their lines – it's a mixture that immediately grabs your attention (even if it's just two dudes talking about what kind of hamburger they prefer, or contemplating the value of a foot-massage). Then there's the music: the songs Tarantino chose for his masterpiece fit their respective scenes so perfectly that most of those pieces of music are now immediately associated with 'Pulp Fiction'. And the narrative: the different story lines that come together, the elegantly used flashbacks, the use of ""chapters"" – there is so much playful creativity at play here, it's just a pure joy to watch.If you're a bit of a film geek, you realize how much knowledge about film and love for the work of other greats – and inspiration from them - went into this (Leone, DePalma, Scorsese and, of course, dozens of hyper-stylized Asian gangster flicks), but to those accusing Tarantino of copying or even ""stealing"" from other film-makers I can only say: There has never been an artist who adored his kind of art that was NOT inspired or influenced by his favorite artists. And if you watch Tarantino's masterpiece today, it's impossible not to recognize just what a breath of fresh air it was (still is, actually). Somehow, movies - especially gangster films - never looked quite the same after 'Pulp Fiction'. Probably the most influential film of the last 20 years, it's got simply everything: amazing performances (especially Sam Jackson); it features some of the most sizzling, iconic dialogue ever written; it has arguably one of the best non-original soundtracks ever - it's such a crazy, cool, inspirational ride that you feel dizzy after watching it for the first time. It's – well: it's 'Pulp Fiction'. 10 stars out of 10.Favorite films: http://www.IMDb.com/list/mkjOKvqlSBs/Lesser-known Masterpieces: http://www.imdb.com/list/ls070242495/Favorite TV-Shows reviewed: http://www.imdb.com/list/ls075552387/"
3652,"Perhaps the greatest movie ever made.This is Why:Pulp Fiction has the funniest and coolest dialogues and scenes with the most perfect actors of any movie that I have seen so far in my life.Tarantino creates the most hilarious situations. Examples: the toaster scene - my favourite scene without any words..., that scene is incredible. Another one: Butch and Marsellus meet coincidentally at the traffic light. And everything that follows. Unmatched. Another one: the gimp scene. This is perhaps the best scene of the movie. I was on my knees laughing when they raped Marsellus and he was about to think about revenge. .If you don't get the coolness and fun and the perfect story on the 1st watch, give it another try anytime later on. It is mostly about the scenes and the atmosphere and these hilarious situations.But the story is perfect as well. Some ask: What's in the suitcase? It doesn't matter! All that mattered: It is something really valuable. That is the only thing that matters. It doesn't matter If it's money, drugs or jewels or anything else. It is something they kill for. That is what matters."
1852,My favorite band always bless us with the best show! This was my second show of MOTS and I’ll be seeing them again. There’s no other band in the world like Coldplay!!
2632,The whole show was absolutely incredible and the organization in each country was amazing. The venues selected ensured that te visuals and sound gave us the public something we will remembee always
3131,"Got this cup for my husband for Father’s Day. He travels a lot and I wanted him to have a cup to take along with him that would keep his drinks at the temp he wants. No complaints other than how it was delivered. It didn’t come in the Stanley box/packaging. Just in a paper bag and no bubble wrap. It was scratched up a bit, but luckily my husband isn’t picky and didn’t mind it enough to send it back. Overall great product other than it not being leak proof. Don’t tip it over while full. It will spill."
2675,Best on market
2941,This will always be a classic for me I love it so much. I watch this at least twice a day lol. The acting was superb and I have always been a fan of all of the characters since I was a teen.
3637,"Absolutely the best mouse I’ve ever owned in my life. High-quality well-made, super functional, not noisy, very smooth, good grip, no lag, extremely durable, very fast, Bluetooth mouse you need this if you have an Apple air book or laptop."
6289,"I loved  every part of the concert.  It has been years since i have attended a concert.   My daughter picked this group because of the message in their music.    The profanity ruined some of the excitement.
I will watch the youtube version going forward."
7361,"In modern day LA a set of barely-connected gangsters, corrupt failures and their hangers-on go about their daily business.A film with a lot to answer for. Certainly it took director Quentin Tarantino from cult director to magazine cover star and created a raft of imitators. It put a few noughts on the pay cheque of Samuel L Jackson and brought John Travolta back from B movie hell.Like Star Wars it is difficult to know if you are reviewing the movie or the hype. This movie lived on word-of-mouth. They didn't need to hype it - it grew from a modest budget black comedy to being the movie that everyone was talking about.The title says it all ""Pulp Fiction."" That means those cheap novels that you read on airplanes or on the beach: full of characters that you know by heart, stories that you have heard before. This movie makes fun of a few of these characters.While this is a black comedy, the film world has been blacker, but it has never been funnier. I'd have never have thought that bringing a drug overdose back from the dead would make me laugh, but it does. A failed attempt at homicide make me laugh, but it does. I could on a while longer.And just when you are getting clever-clever and think you have it all figured out off the film shoots of in another direction. Amazing. This is a must see twice movie - there is so much little detail you miss first time around - things that make what happens later clearer.I am always worried about morals. Few movie viewers are. They are more worried about being entertained. Just look at bullying you see on the playground, not at the act, but the bystanders (male and female) laughing , joking and enjoying.Whether I like it or not Tarantino forces me to be one of these people - and there are times I don't like it. He is more restrained than in Reservoir Dogs (another great movie) but people are brought on to be carried out - if you see what I mean.There is only one scene that is totally without justification. The scene where Travolta drives while high on drugs - he should have been shown have at least had a near-accident. But he just cruises along without a problem.The thing I notice is that the film is slipping in the IMDb ratings. I know why. The film has become overblown and over discussed. This isn't To Kill A Mockingbird or Shindler's List with social history to support it past its initial afterglow.We have even seen a TV series - The Sopranos - that is just as good and which borrows a few of its tricks. I learned nothing new about my life (or how to live it) from watching Pulp - not even from repeat viewings - but it is a brilliant piece of cinema that cannot be ignored, just as long as you take it as simple entertainment and remember the title at all times."
5007,"getting into the arena was a bit difficult. there were long snaky lines throughout many parts of downtown vancouver. while i understand a large amount of people have to get through a small opening at the same time, i felt this could’ve been handled better, especially since it was the third (and final) night. for instance, a guard was directing foot traffic through cones and caution tape, while stating that sometimes the other gate (gate h) opens up, but she had no idea when it would. when i was about to the front of gate b, gate h suddenly opened, causing a slew of concert goers to rush over and disrupt the coned off line. there were also no lights around this part of the stadium, causing a bit of a safety issue as there are many stairs. i felt the overall foot traffic could’ve been directed better, as this was the final night in the city with the same amount of crowd. i completely understand that many concert goers were uninformed, standing around, causing and incredible inconvenience for those actively fighting to get into a line, but a stronger presence of direction could’ve resolved this issue. for instance, an email explaining gate information, times, and closures would’ve been helpful for those who have never visited the city. clear ‘start’ signs to show where lines begin would’ve also been helpful since may were traveling from all street directions. an appropriate amount of gates open to better control the influx of foot traffic also would’ve been confident. overall, staff did a great job of trying to control the crowd, but a little more guidance would’ve been helpful. thank you to all who made this experience possible!"
7106,"This movie has it all. Great story line. The right actors playing the roles. And so many memorable moments. The flux capacitor idea was awesome! Doc was amazing! If you're one of the few on the planet who hasn't seen it - buy it, rent it or find an old theatre that plays the classics.I remember watching this for the first time and was amazed by how many details were in the story. My parents were young in the 1950s and have told me many times how accurate the period references were. Back To The Future will always be my favorite Michael J. Fox film. He's done many good ones, but this has that ""it"" quality. Very special!"
194,"I am glad I took a leap of faith to do this course. Robin and Jesper are the best instructors. I did not know that it would contain so much that I have learned, Am utterly grateful because they have more than what is needed especially web building. Funny I created a basic website following their instructions and I am getting many people landing on my page. I need to now refine it more . I love this course!"
2764,It was simply the best concert I have ever been to. The band was incredible and Chris martins voice and the band are better live then on the radio . Such a beautiful experience !!!
4630,"It is extremely weird that i am disappointed by a movie that i enjoyed thoroughly. Back To The Future is a master piece concept which is also ful of fun but yet there was grossness and absence of ""extraordinary"" in the script.I am sure the director never thought that this movie can be such a success and that is why he never paid much attention to make it overwhelmingly smart, appropriate and courageous. No doubt one can enjoy the trilogy and feel satisfied but i see a lot of doors left open untouched which if were cared, would have given the shape of metropolis to the grandeur. The movie is awesome but not beneficial or thought provocative. I rated it less for miss or less-using and then stabilizing the special concept which leaves no ground open in the viewers to allow something scientific and technically correct. Being a great person it becomes responsibility to take care of many aspects for others which i didn't find in this movie.The amazing points of the movie includes two characters, the guy and the scientist, the most fitting comic faces to let you understand that whatever you are going to watch is going to be enjoyable. Next is the memorable vehicle that can travel in time. Third is the amazing area and landscape used to avoid the time travel giving clumpsy look. That is something intelligent film making."
4487,I LOVE Disneyland @ Christmas time😘💋💋💋!  Snow falling on Main Street & the BEAUTIFUL tree standing proudly🎄❤️!!  Christmas shopping here is WONDERFUL !
4227,"Leading up to the concert the communications from Ticketmaster were great, really  informative and fed the anticipation and excitement.  The concert was amazing, awesome, wonderful!   So much energy in the stadium and so much fun.    The opening act was really good and Taylor Swift was fantastic!    

The event was well organized and well managed.   Everyone was patient and so happy to be there.

The best Friday night ever!"
5671,"""What a unwasted long movie, terrific perfomance by all of the cast including Mr. Tarantino himself i think he is a great actor here, the story no doubt it's brilliant, and of course i will never stop writing this but the music that Tarantino choose is always perfect, i really enjoyed this, don't worry about the duration just enjoyed the whole story, Pulp Fiction is a movie that no matter how many you watch this movie even till like a thousand times it will always and forever be good, i highly recommended"""
1330,"Taylor Swift is an INSANE performer! She put on the most spectacular show for over 3 hours! No one is doing it like her and she is a once in a life time artist! Already looking forward to her next tour! The Eras Tour is by far the most amazing tour I have ever attended. Fantastic show, backup dancers singers to the lights and backgrounds!!!!"
189,"It's pretty alright, almost as good as love on a leash"
6805,Walt Disney world is one of the best theme parks I have been to.The theming of it all is so amazing because it makes it feel like you’re in the setting.The food is astounding and the rides are really fun and detailed.
6062,"What is Pulp Fiction about? On the surface, it is about several unique people and how their lives connect in some way. The cast of characters includes a boxer (Bruce Willis), two gangsters (John Travolta), their boss (Ving Rhames), and his wife (Uma Thurman). The whole movie consists of several small stories that all connect to each other. One of them involves the two gangsters trying to get rid of a dead body and clean up the mess they've made. Another situation has Travolta taking his boss' wife out on a date, her overdosing on cocaine, and him trying to find a way to save her life. There are other story lines that I won't give away because part of the fun is seeing how everything comes together. But the story is not told in chronological order. It jumps back and forth between stories in a way that would normally be confusing, but the brilliant screenplay makes everything flow nice and smooth.If you like to look at movies for their meaning and artistic value, then you could say that Pulp Fiction is about how people have lost all meaning and value in their lives. Instead of having individuality, people define themselves by what they see in pop culture. The movie has endless references to pop culture and it seems that everything in the movie is inspired by some aspect of pop culture. This is not a lack of originality, but a way to show that everything we do is inspired by something or somebody else. A perfect example is when Bruce Willis' character, Butch, is talking to a Hispanic cab driver who asks him the meaning of his name. He says, ""This is America, honey, our names don't mean sh*t."" To me, the meaning of Pulp Fiction is that each moment has its own priorities. Something might be important to you at one moment in time, but in another not important at all. One minute you could be racking your brain over what you are going to say in your next Facebook status update, and the next you could have a gun in your face. People think they know what is important to them until something else happens that completely changes their priorities. Take, for example, the part where Butch Coolidge sees the man who wants him dead. At one point, they are trying to kill each other, and suddenly one is trying to save the other from getting raped by some psychos in a gun shop. When it is all said and done, they don't even care about why they were fighting in the first place because something bigger and more important is happening.One of the things that makes Pulp Fiction great is that if you don't want to think too much about the deep, philosophical meaning to it, then you can just enjoy the movie for what it is-a humorous, violent, and stylish portrayal of several characters and their encounters with one another. It has a little something for everyone, and the more times you watch it, the more you begin to understand and appreciate it.The genius of the movie comes out in its dialogue. Everything the characters say has meaning or it foreshadows something that is going to happen. For example, when Travolta and Jackson are talking, Travolta says that in France, a quarter pounder with cheese is called a ""royale with cheese."" Soon after, when they are about to do a hit on a few college kids, Jackson asks one of them about the hamburger he is eating. He then uses the ""royale with cheese"" line on him, which leads to one of the funniest conversations in the history of movies.The Academy-Award nominated performance by Samuel L. Jackson creates one of the coolest, funniest, and greatest characters ever. Despite how crazy the whole movie is (and how ridiculous his hair is), we never get the feeling that he is acting. He makes us think that he is a real person and truly believes everything he says. It is very exhilarating to watch how he starts off as a mob hit man with little meaning in his life and transforms into a deeper, more self-aware person.Pulp Fiction is not only the best movie of the '90s, but it is one of the greatest films of all time. Whether you like hilarious comedies, violent action thrillers, or a deeply absorbing drama-you can enjoy it. The first time you watch it, don't try and think too much about it; just watch how the plot unfolds and everything comes together. Watch the funny conversations between Travolta and Jackson, the funky dance scene with Travolta and Thurman, and all of the other moments that make Pulp Fiction a truly memorable movie.http://franklinreviews.blogspot.com/"
221,"Easily the best concert I have ever been to. I have loved Taylor for 18 years since release of Debut. I am an obsessed swiftie to say the least, seeing her Eras Tour was the best night of my life, it is a memory I will cherish forever. The other Swifties were so kind, and wonderful. I honestly could not imagine a better concert, and I am hoping that she will have another concert in the future because I will be there with bells on"
764,City of Vancouver did a great job on being organized and ready for us. Too few merch sale locations and frequently sold out. Concert was AMAZING! BC Place was ready and organized. Was a fun weekend!
1830,"Guest Services in both California Adventure and Disneyland were excellent.   They all went beyond the call of duty.   We were travelling from the UK as DVC members.    There was a problem with the Disney APP with the DVC part of the app to allow discounts on food.    They had to make a call to DVC member services, and Mindy made it all happen.    The next day in Disneyland the same issue again, and they managed to fix this again.    Alex from Hesperia California and Karl from Torrance California and Mindy (DVC Member Services) were all the people involved.       Karl just a FYI the recommendation for dinner at Storybook was fab thanks again all of you.   As a FYI - some of your food outlets would not accept the DVC discount from the APP but wanted to see the actual card, so there is a lack of information on DVC around the  park.   I hope that helps....... you improve your service.Thanks again.Sue and Robert from Ringwood, Hampshire, UK."
1219,"When a previously unknown young filmmaker named Quentin Tarantino barged onto the movie-making scene in 1992 with a unique, quirky, disturbing and groundbreaking film called Reservoir Dogs, a noticeable change could already be seen soon after in the film industry on the whole. Cheap imitations of Tarantino's hit began to be seen, films with more stylized dialogue, harsher senses of humour usually coupled with brutal violence became much more commonplace and acceptable in the mainstream cinema. (a prime example being Tony Scott's 1993 hit ""True Romance"", also written by Tarantino) Yet if Reservoir Dogs was a hit, than Pulp Fiction was something entirely more, snatching up the prestigious Palme D'Or award at the Cannes film festival and making a huge smash impact on movie viewers and the film industry on the whole, spawning generations of cult followers and would be imitators. Despite the relentless praise Tarantino and his most prized film have been awarded, upon viewing over a decade later, Pulp Fiction still manages to intrigue and fascinate, with its blinding originality of narrative, and wonderfully convoluted screenplay. No matter how terrible or disgusting the myriad of characters on display here, we never fail to be utterly fascinated by them, and after the movie has run its two and half hour course, we are left only wanting more darkly comical and fiendishly interesting pulp tales to feast our eyes and ears upon. One also remarks on how deeply the movie has permeated modern pop culture simply by noticing all of the scenes that are referenced, whether it be by the Simpsons, Saturday Night Live or other movies, such scenes as the 50s dance scene with Travolta and Thurman,the ""you know what they call a quarter pounder with cheese in France?"" scene with Jackson and Travolta and Bruce Willis and Ving Rhames being bound and gagged by red rubber balls, only by seeing the movie will one truly understand how often it is referenced by so many sources. The movie truly defines the meaning of the term ""ensemble cast"" as well, with superb and incredibly memorable performances all around. John Travolta is great as spaced out, almost child like Vincent, who seems constantly on a different page as all surrounding him in the role that single-handedly re-ignited his career, and breakout star Samuel L. Jackson is similarly terrific as his partner with a tendency for religious rants, fully deserving their Oscar nominations. Tarantino favourite Uma Thurman is also terrific as a spoiled mobster's wife, and Bruce Willis gives an excellent, engaging performance as 40s style boxer Butch. Then there's the myriad of excellent supporting players, with such familiar faces as Harvey Keitel, Tim Roth, Ving Rhames, Amanda Plummer, Tarantino himself... even a tiny cameo from an unrecognizable Steve Buscemi as Buddy Holly the waiter in the wonderful 50s dance club scene, and Christopher Walken delivering his utterly unforgettable monologue, one of the best and most memorable of all time. All in all, it goes without saying that Pulp Fiction is a modern classic of film-making, and despite all of the hype and endless praises, one still walks away from it remarking on how unique and wonderful a film it is. For those not deterred by the strong violence, frequent swearing and racial slurs that tend to be Tarantino trademarks, Pulp Fiction should qualify as a ""must see"", if only to understand all of the references in modern pop culture and see what everyone is talking about. Rest assured you will almost certainly not be disappointed. -10/10"
5659,"Pulp Fiction excels in its cast. The performances from all the lead actors are phenomenal, with Samuel L. Jackson and John Travolta especially standing out for their memorable dialogue and on-screen chemistry. The film's soundtrack, featuring classic rock and soul hits, perfectly complements the dynamics and atmosphere of each scene.Overall, Pulp Fiction is a masterpiece that combines a brilliant script, exceptional performances and innovative direction. It is a film that has not only stood the test of time, but continues to inspire new generations of filmmakers and audiences.The best movie of all time!"
3280,"LOVE this lamp!  Nice quality, just as pictured.  Good value for such a cool design.  Seller was quick to reply and extremely helpful & accommodating when I messaged about getting a plug in cord.  Shipping was extremely fast.  VERY happy with this purchase and transaction."
5844,Amazing time and security did an excellent job of monitoring the floor and getting everyone in and out quickly.
1888,"This is great for cleansing sensitive skin, and especially for washing the face and scrubbing eyelids.  This is in use every day, so the big bottle is very appreciated!"
6128,"Concert itself was soooo great! The Rose Bowl was HORRIBLE! No direction given to guests, security was a complete joke, not safe at all. Mark my words that there will be a tragedy at that stadium sooner or later. The whole thing needs to be bulldozed and rebuilt."
4945,this is perfect for my sensitive baby
3912,"This is truly a great film, and always enjoyable no matter how many times you view it! Probably the BEST performance ever by Samuel L. Jackson! The fact that he didn't get the Oscar nomination for this film, and Travolta did is totally a joke. I cant say enough to do his performance justice. If you like Samuel L. Jackson this is a MUST SEE! Also the scene with Tarantino himself is very funny! The way Tarantino ties all the various related plot lines together is masterful. Truly a work of art by one of the most exciting film makers working today. The action never stops, and by the end of the film you're left wishing there was more! I highly recommend this movie to everyone."
5667,This is good in so many ways I don't know how to put it in words but I'll try. The characters are perfect and same with the storyline. Biff tannen is a idiot and looks like one (WITCH IS PERFECT) I just love the storyline and the time machine (OBVIOUSLY !!) The end. Also Marty McFly is the best name ever . THE ACTUAL END NOW.
880,"My granddaughter always wanted a Stanley Cup. I purchased this pink cup for her. It was exactly how I saw it on the website big enough to hold water for her all day. Kept her drinks cold while she was in school. Only thing is that when the drop the cup the liquids will spill out. This stanley cup however, is not leak proof but it’s still a great cup."
114,"Whew! What a brilliant film that is bound to be a classic for generations to come. It just feels so unique, and the plot is complicated and yet thoroughly entertaining from start to finish. Kids and adults alike will love this film, I recommend it to all!"
4163,"The Eras Tour is has been one of the most beautiful concerts I have been to. 
Dancers, Taylor singing all the songs that have been with me for years 
I just love the Eras tours"
5939,"I recently completed the web development bootcamp, and I can confidently say that it was an incredible learning experience. The curriculum was well-structured and covered all the essential topics in web development. The instructors were highly knowledgeable and passionate about teaching, which made the learning process engaging and enjoyable. Overall, the web development bootcamp exceeded my expectations. It provided me with a strong foundation in web development and equipped me with the skills necessary to pursue a career in this field. I highly recommend this bootcamp to anyone looking to learn web development in a supportive and comprehensive environment."
5664,"The best part is when you are challenged with a module, and you tackle it without any help. Frustrating your mind while working on it, and after successfully running the server or web app, the happiness it brings. It was my first time; I actually felt like I learned to code by myself through brainstorming. All credits to Dr. Angela Yu ~ Best starting course for web development if you haven't learned Html, CSS only, so from my side I will give the course overall a 4/5 (-1 just for Javascript)."
4358,"fantastic piece.

assembled, it's a great presence.

i did break one on the fins while i was assembling it, which caused some anxiety, but, lo, there were two spares in the package.

i have yet to hook it up and hang it, but it will command whichever room i decide to install it in. 

i will probably purchase another.
(shipping was fast considering it came from Greece in 2022!)"
5703,"This movie is directed by Quentin Tarantino, and it might be - or IS the best movie that made him famous in the 1990's. The plot is fresh still today, and is far from cliche's and tools of the trade like car crashes and nonsense dialogs. Violence plays a big part, as in many of Tarantinos films, but its never out-of-place or there for its own right. On the contrary, this is no movie for children or people that takes offence in violent scenes.The main characters in the movie are played by John Travolta, Samuel L. Jackson and Uma Thurman, the former two are hitmen and Thurman plays the wife of a mafia boss. It also marks the come-back of Travolta, who's reputation as a disco star from ""Grease"" and ""Saturday Night Fever"" prevented him from getting major roles until ""Pulp Fiction"". Here he really shows off what a good actor he is, and the dance scene with Uma Thurman is just pure magic.I rarely see movies more than once - in fact it's less than ten movies that has been that good. I use to watch this movie every five year or so, and still it leaves me breathless. It's really the beginning of a new era in the art of film making, and both the camera, soundtrack and directing is absolutely magnificent. By purpose I didn't point out any details, since You must really explore them by Yourself in the right context. Be prepared to watch a shocking story with a nerve rarely seen!"
706,"I remember what Disney was like several years ago during Halloween it was great Pumpkins everywhere, this Halloween I was disappointed you hardly saw any pumpkins this year and we paid for the Not So Scary Halloween party that was a waist of money. The wait time kept being pushed back further for the parade to start and we were given out candy bags for the trick or treat we didn’t get any. And they closed the rides early. So it was a waist of a park ticket. The only good part of the Not So Scary Halloween party was the Hocus Pocus Villain's party at the castle other than that this year I was disappointed. We couldn’t do a lot of the rides cause they needed fixing which I understand that but it’s annoying when you only have one day at the park most of the rides needing repair and you can’t go on any during that day. Next time I’d rather just go to the Christmas event. Much better than the Halloween Disney. Plus for Soda and food the price has gone up way too high.The one compliment I will give out is to the staff for all the hard work they did. Thank you."
6942,"This was genuinely the best performance that I have ever seen in my entire lifetime!  What made it even better was that it was my son’s first concert.  Coldplay exceeded all of my expectations and quite frankly blew my mind!!  I would give this all the stars, but all I have is 5 so, 5 stars!!"
1435,"Now, what can I say about ""Pulp Fiction""? You've all heard of it and may be wondering what all the hype is about. I won't delve into all the details in this review so the best I can do (without spoiling the movie) is to just explain some of the things that were great about it. A noticeable quality about ""Pulp Fiction"" that really struck me (and part of what made it so great)was the dialogue. The dialogue dwells on seemingly pointless subjects, such as what a quarter pounder with cheese is called in France, yet is so encapsulating. 80% of the film is dialogue and surprisingly, it is consistently kept interesting. Whereas in most movies, the dialogue seems to jump around and pass away as the story moves along, the dialogue in ""Pulp Fiction"" sets itself up to be played out in future situations(You'll see what I mean) and in this way, Tarantino is able to create many instances of irony and maintain a solid story. In an interview Quentin Tarantino discussed the nonlinear script and explained that if writers can use this format in their books and have such freedom in their storytelling, why couldn't he? How right he is. Tarantino started nothing short of a revolution in the film world by doing so. With the 5 different mini-""stories"" in the film(Jules and Vincent, Mia Wallace and Vincent Vega, the Bonnie Situation, the Diner, and the Golden Watch) Tarantino unravels each of the characters' stories and shows the viewer what happens after and before what appear to be cliché situations. The result is something the likes of which you have never seen before. And not only that, Tarantino was able to intertwine all of the different stories and bring them together into a unified theme, ending with an iconic scene that will leave you speechless. At this point, I must address the complaints of many people who think that ""Pulp Fiction"" is merely a flick that revels in drug use, language, and violence. On the contrary, ""Pulp Fiction"" is essentially a moral story with a strong theme of redemption yet it is told through ""immoral"" characters(hit men, robbers, mob bosses, etc.). Think of all of the great literary pieces in history that were banned and condemned for their immorality but are praised for their genius today! Of course, there's nothing wrong with a good Disney movie for family fun and moral values, but Tarantino's style provides a breath of fresh air to the cinematic community. Not to mention all of the other motifs, plot devices, and iconic scenes, ""Pulp Fiction"" is abundant with thrills, chills, and laughs. There is nothing more I can do except to say, get off your butt, go to blockbuster and rent it. ""You won't know the facts until you know the fiction""."
445,"Controversy is usually good for movies. It's helped push movies to box office success just to see how bad they actually were, and I think that that is one of the ways Pulp Fiction has become so immensely popular. I've heard multiple people musing about the excessive violence, the drug use, the language, and more. So I really wanted to see Pulp Fiction beforehand, but curiosity piqued my interest. I have to say that all of the hype didn't really add anything. It wasn't very violent (or it could be that I'm just desensitized to violence, but besides one scene, I've seen worse on TV), the language just seemed to flow normally (or maybe it was because I had seen Bad Santa the day before and it had about the same concentration of language), and the drug usewell, I expected it for it is a movie about drug abusers.Pulp Fiction is less a complete movie than a series of interrelated stories, the most interesting of which is Jules Winnfield (Samuel L. Jackson) and Vincent Vega (John Travolta) as two gangsters who often have pointless conversations. Butch Coolidge (Bruce Willis) is a boxer who accidentally kills his opponent in the ring and then he realizes the thrill of killing people. Marcellus Wallace (Ving Rhames) pays Butch to throw that fight, but when he kills the guy, Marcellus gets Jules and Vincent to whack him. Along the way, Vincent has to take Marcellus's wife Mia (Uma Thurman) out, and along the way she OD's. Got all that?There is one thing that Tarantino can do that no one else I've seen can do efficiently. He can work with time so well that you don't even notice it. Christopher Nolan first tried it in Following, unsuccessfully, and then executed well in Memento. However, there, he held our hand throw it, while Tarantino just lets it rip and hopes we can figure it out for ourselves, which we can do. That adds to the already thick layer of coolness that is in Pulp Fiction. Each character is memorable, especially Jules, who quotes from the Bible right before killing someone. It's just a very hip experience.Pulp Fiction cheerfully takes clichés, chews them up, and spits them out in a whole new vein. Like what Kill Bill did in the beginning, with the retro opening to set the mood, Pulp Fiction is halfway between an homage to gangster films and parody. Also, it's a trendsetter. The classic dance scene between Vincent and Mia at Jack Rabbit Slim's (which is a parody of all of those stupid throwback restaurants) has been parodied itself, as has the scene where Vincent and Jules are talking about McDonalds' Quarter Pounders.In addition to the layer of coolness, Pulp Fiction also has a lot of humor in it, much of it at times when you know you shouldn't laugh but you do, and also out of situations that you wouldn't laugh at usually. I'm sure some of the parts I laughed at were just because I wasn't expecting something to happen, or maybe I just have a morbid mind, but a lot of the humor came out of the violence.Everyone in the cast had amazing chemistry with each other, which added believability to a somewhat unbelievable story. The only reason that Pulp Fiction did not get a perfect score is that one scene with Butch and a cab driver went on for too long and did little to service the plot. Knowing me, though, I'll soon change the rating, but it can still be said that Pulp Fiction is one of the most influential movies of the 1990's.My rating: 9/10Rated R for strong graphic violence and drug use, pervasive strong language and some sexuality."
5527,"Back to the Future is a movie I finally Saw on Friday on Netflix. The Movie is 35 years old. Anyway the Movie is about Marty McFly(Michael J. Fox) who is a high Schooler who is Friends with Doc Brown(Christopher Lloyd) who is shot by terrorist & Marty Goes Back to 1955 to talk to pass Doc Brown but he Runs into Biff Tannen(Thomas F. Wilson) who is a bully who picks on Marty's Father George. Anyway I love Back to the Future & I have seen Countless Parodies of Back to the Future like Family Guy's ""Meet The Quagmires"" which was Awesome. Anyway Back To The Future is great Movie & I Give it a 10 out of 10 Anyway See Ya ;)"
739,"As usual Coldplay delivered a top notch concert. Skipped a few great songs but when you have so many great songs, you have to draw the line somewhere."
524,"Everything was great, but then the PREMIUM nation attacked. Sucks posterior now."
2385,Shoes are comfy and light weight.  They look great.  Only issue I had was the front tow suede material started cracking after a month.  Kind of sucks because the rest of the shoe is really nice inside out.
4134,"Disneyland Paris is truly magical! From the enchanting rides to the stunning shows, every moment is filled with joy and wonder. The attention to detail in the parks is impressive, and the staff is friendly and helpful. It’s a fantastic experience for all ages, and I can’t wait to return! Five stars!"
4105,"Although my feet ended up completely destroyed, it was so worth it! I bought floor tickets and was standing (and jumping and dancing) for around 6 hours but I didn't even feel them. They put on one of the best shows I've ever seen live, the way they interact with the crowd is so wholesome, and also (one of the many reasons I am a huge fan of theirs) what they stand for is heartwarming. It hits you all at once, when you're screaming your heart out to songs that heal, to songs that hug you, you can feel that every second.

I highly recommend everyone to go at least once, because on top of all that, the lights and props make the show so fun! Thank you, Coldplay, for everything!"
1574,Coldplay has been by far one of the most amazing concerts I’ve attended- this is my second time seeing them and I’m obsessed- their energy is amazing- it was worth the 3:30 hrs drive to Tampa on a work day!! Can’t wait for them to come back!! Thank you Coldplay for an unforgettable show!!
6619,"""What a great adventure, i really really have a good time with this movie, Michael J. Fox perfomance was amazing, Christopher Llyod was incredible, Alan Silvestri score always give me chills, this movie is amazing, it's very different from any time travel movie i've ever watch, overall Back To The Future for me is not only a movie but a truly great adventure, i highly recommended"""
4711,"This film is a classic in its own right; Although it was not the first film to talk about time travel, it was the first to offer a lovable experience with funny characters where from various sources we obtained comic relief and at the same time the opportunity to embrace circumstances that our protagonists would experience. There are several sequences that have made history and the key for director Zemeckis is to offer, with his master pulse, a perfect form to an idea that in other hands would be mediocre. As a film it has not aged too well since we have become accustomed to the exaggeration resulting from the abundance of visual effects and the poverty of scripts that makes us more exquisite and impatient. Despite this, it is a good film in every sense."
6130,"This movie is simply amazing to me. It has something to offer for everyone. It's funny, it's a good plot, and there's a time machine! And i believe the way the trilogy is structured is amazing. Robert Zemeckis closes out the first movie with a completed story and just begins the next one in a way. I think this is much better than what Pirates of the Caribbean:Dead Man's Chest, where too many stories are unfinished. The story line in Back to the Future is very thrilling. I don't think anything compares to this movie in its time era of 1985 where many special effects are used, and it is much different then a lot of the movies out. It was definitely next generation movies, much like the orig"
3772,"The best course out there for web development, this is entirely beginner friendly and goes to advanced. Loving the course can see the effort put on the course to make it easy for us to grab the concepts"
6169,"I don't get this film and why it's so great according to Siskel and Ebert or other critics. Maybe it's the style of filming that is both experimental and groundbreaking, all I found was that there was so much cursing and swearing and a weak plot. I love the scene where John Travolta dances with Uma Thurman. It's silly but memorable, probably the most memorable scene from the film. I think the film is disappointing because I preferred the spoofs from Saturday Night Live and Mad TV versions. This film is completely about life in Los Angeles. I liked the interaction between the two hit men played by Travolta and Samuel L. Jackson's characters. It seemed to be real. I don't understand the diner experience. I thought it was out of place. I think I have to watch it again and again to finally get it."
387,"The genuinely look like they are having a great time.  We danced the whole show.  The wrist band lights were so cool as well as fire works.  Just wish it lasted longer but rain probably made them shorten up.  
Chris Martin is amazing."
687,"Unspeakable. Wildest Dreams. Long Live. All the words that come to mind after seeing this amazing show! I’ve been trying to get tix for 2 years and was finally able to enter the queue Oct 31 and snag tix, due to being waitlisted last year, for my daughter and I Saturday night :)"
6506,"While I completely appreciate the fact that this is one of the most popular places to visit... the levels of overcrowding in the park really took away any magic that I was hoping for during my recent visit. I left with genuine safety concerns with the way in which crowds were being managed during particularly busy periods for parades and night-time shows. As someone who often tries to avoid the biggest of the crowds, this was simply impossible to do without PAYING for it. Overall, the park is beautifully presented and all cast members do their best to provide exceptional customer service, but this isn't always the easiest when the stream of customers is endless. There are also some areas that are in desperate need of cleaning and maintenance. I was shocked to see how dirty the dumbo ride was, with many of the effects switched off or rusting. During the visit, there were also some technical issues that were letting the park down. Another area that needs improvement is directional signage. Good luck trying to find your way round if you're not ready to explore and hope for the best that you stumble across something you were looking for. This is particularly true at night where many areas are essentially left in complete darkness due to lights not being on, or turned very low. The characters and interactions, most of the attractions and the overall vibes are still magical - the park is completely let down by the way in which you are basically funnelled into a very crowded central plaza even if you're not wanting to watch the parades. We got stuck at the side, essentially pushed against a railing while cast members told us to 'get off the road' during the parade. We had nowhere to move to and as more people began to push past, it felt really unsafe. There needs to be a specific route set for anyone wishing to bypass this area, and staff need to do better to manage crowds and move people safely rather than just assuming everyone is there for the parade. The same is true at night as the plaza fills up 2 hours before the fireworks start. We arrived in plenty of time, and did not see a single cast member trying to manage the crowds, other than those that were telling us that certain routes had now closed, unless you had paid for the reserved areas. Lack of signage, lack of direction and lack of crowd management took away all the magic I was hoping to feel. It just felt far too busy at all times."
1509,We bought this for our grandson as a gift for Christmas.  He was thrilled with it.  He travels quite a bit and wanted it for his luggage.  He's very happy with it.
1505,"Aveeno Baby Daily Moisture Gentle Bath Wash & Shampoo with Natural Oat Extract has been a trusted part of our bath routine for the past six years. I’ve used this product since my firstborn was an infant, and I continue to use it with no complaints.This gentle formula is perfect for both hair and skin, providing a soothing, moisturizing cleanse without any harshness. The natural oat extract works wonderfully to nourish and protect sensitive skin, making it an ideal choice for babies and young children. I love how it leaves their hair soft and their skin smooth, all without irritation.In summary, Aveeno Baby Daily Moisture Gentle Bath Wash & Shampoo is a wonderful product that has stood the test of time in our family. Look at the length and fullness of my daughter's hair. I highly recommend it for parents looking for a gentle, effective, and reliable option for their little ones' bath time."
1235,"One of the most successful films of its time perhaps it is. Blending time travel with comedy, it offers enjoyable moments to the audience. Acting Micheal J. Fox and Christoper Lloyd, this movie is a true masterpiece. No wonder it won so many awards, the acting and scripting are great.this movie contains a script and comedy ahead of its time. That's what makes it so Awesome! To summarize with slight spoilers; Back to the Future tells the story of a boy accidentally going from 1985 to 1955. Meeting his high school parents, the teenager accidentally attracts his mother's romantic interest. Since he prevented his parents from falling in love, he has to make up for his mistake and go back to 1985. If you haven't watched it yet, don't wait, open it and watch it now!"
5255,Loved this show so much. We were on the floor and danced all night. The band was amazing. It was such a cool experience to be part of the light show. We will remember it always. If your haven’t seen Coldplay live - you need to put this on your Bucket list.
710,"I mean how could you not have the absolute best night ever dancing and singing with Taylor Swift! My favorite experience ever and I’m sad the eras tour is coming to and end, but i’m so excited to see what the future holds for Taylor and us swifties!"
2483,"Brilliant, amazing, incredible. Just a few words to describe this movie. The direction, camera work is all near perfect and the acting in the movie is superb. It has an excellent beginning in the café robbery scene and the way the movie comes together for each characters own story is brilliantly done. I thought the talk in the car with Jules and Vincent was a brilliant piece of script writing on Tarantino's behalf. The way that so much tension was built up in some scenes was excellent, for example the scene in the guy's apartment at the start was brilliant as we new that they were going to kill him but because it went on for so long with Jules acting so calm gave it's audience an edgy feeling and the brilliant idea to give Jules something to say from the bible before he kills somebody was nothing short of a brilliant idea. Tarantino's work for this movie was brilliant and I have read the script of this movie 3 times and still cannot believe the brilliance of it."
2750,"Amazing, well worth it. Would do it again. I wish I would’ve gone multiple nights."
555,"These mice are simply the best you can get for your Mac (I haven't tried one on a PC but now that I think of it, I think I will, just to see how functional they are). The top of the mouse is a touch-sensitive surface and you can scroll, zoom, switch desktops and perform many other functions with just fingertip(s) on the surface. They are wonderfully ergonomic and make mousing a breeze. I am a computer professional and often spend entire days using the mouse almost constantly; I've never used a better one. They are solidly built and are rechargeable. I am currently using a Magic Mouse I got in 2016; I've never had to change a battery or do more than clean it now and then. I have several others for the other computers in my home and offices; I have never had a problem with any of them. Not one.The only design flaw with this device is the charging port. It was put on the bottom of the mouse and connecting a lightning cable to recharge it means that you cannot use it while it is charging. This is not a problem for me; at the end of every month, when finishing for the night, I connect both the mouse and my wireless keyboard and leave them overnight; in the morning they are 100%. All the same, I wish that Apple had put the charging port on the ""nose"" (front) of the mouse so that it could function like a regular wired mouse while charging. They charge VERY quickly too."
4042,"When it comes to Quentin Tarantino OP delivers and this movie is by far one of the best four in one stories or tales of violence and redemption out there. True that the actors are pure talent but in connection with a mind-blowing storyline the result is easy grandiose. Words cannot dare to describe what feelings you may have while watching. Crime, drama, thriller and a little mystery in a Tarantino movie can overcome decades of action movies. The point is that i'm not trying to praise the director in any way, I just think that it's a must to express warm approval or admiration of him. Genius minds are a rare occasion to come in contact with. GG Tarantino !"
6400,"Just as described. Love it! ( It is very fragile. I was grateful for the extra pieces that were included because I broke two pieces when I was putting it together.) 
 Very fast shipping! The light looks great."
3958,"When I first came here (like 2013) I loved it 😁 it had every thing , it had a lot of rides, good hotels, and great service. I definitely recommend you to come to the happiest place on earth 😃"
7094,"I just watched Back to the Future (1985), a sci-fi comedy in which a teenager called Marty McFly (Michael J. Fox) is transported to 1955 by a time-traveling DeLorean invented by his scientist buddy Doc Brown (Christopher Lloyd).The movie is an excellent blend of humor and action. Marty's 80s fashion clash with 50s style is funny, as are his attempts to fit in. The unexpected bond Marty has with his parents is at the center of the story. He views them in a completely new light, recognizing that they weren't always boring grownups.Back to the Future isn't all fun and games. It cleverly delves into issues of family, destiny, and the strength of friendship. The special effects, while not mind blowing by today's standards, but it hold up surprisingly well and perfectly capture the magic of time travel. This movie is a timeless classic. It's a crowd-pleaser with something for everyone action, laughs, and a touch of heartwarming sentimentality."
2540,My son build whoa Lego sets so quickly - this is a great set for letting him be creative and build his own designs!
4443,"Outrageously violent, time-twisting, and in love with language, Pulp Fiction was widely considered the most influential American movie of the 1990s. Director and co-screenwriter Quentin Tarantino synthesized such seemingly disparate traditions as the syncopated language of David Mamet; the serious violence of American gangster movies. Prizefighter Butch Coolidge has decided to stop payment on a deal he's made with the devil. Honey Bunny and Pumpkin are young lovers and small time thieves who decide they need a change of venue. Meanwhile, two career criminals, Vincent Vega and Jules, go about their daily business of shooting up other crooks that are late on payments to their boss. While one is asked to baby sit their boss' dangerously pretty young wife, the other suddenly realizes that he must give up his life of crime."
2411,This course is an excellent place for someone like me who doesn't have a lot of digital marketing experience and has never seen adwords before. Everything was very easy to understand and there were a lot of excellent strategies presented throughout the course.
241,"The second movie is my favorite, where the gang goes into the future and experiences a world quite different from the mid 80's. I was a child from the 80's, and remember these movies well, and I also remember back in the day everyone thinking that the future would be exactly like this movie portrayed it to be like. It wasn't, at least not *yet* in the year 2007 (in the movie, they go to the year 2015, so unless some major changes happen in the next eight years, all those flying vehicles and life-like television screens will probably not be happening in our reality any time soon). It was just a lot of fun to sit there and think that back in the 80's, people really thought our world was going to change THAT drastically. Lots of fun scenes. Anyway, I haven't seen the second movie in quite a long time, and was surprised that the quality of the storytelling has held up extremely well through the years, and the movie doesn't look like your typical 80's film either (you know, with lots of dated-sounding loud saxophone playing, yuck!) I was also surprised that the characters actually went back to the year 1955 for quite a long time. Talk about telling a story with lots of twists and turns. Awesome! These are seriously some of the most exciting movies that have ever existed. The first movie is a classic, and the third one is really good as well, even though many people point to the third movie as being the obvious weakpoint in the series. Maybe, maybe not. I don't really know. I just know I love these films and wanted to comment on how well they've held up after all this time. A series of movies that are worth watching over and over again, and I normally only watch movies once or twice. Not in this case."
2264,"Most amazing concert I have ever seen!!! For 3.5 hours my eyes were full of stars as Taylor captivated the entire stadium of 69,000 people. The outfits are gorgeous and make the whole place shimmer. I was enchanted to meet so many sweet Swifties and trade bracelets may these memories break our fall! And I could go on and on, on and on it was rare I was there I remember it all too well!"
4586,"We know the story so I'll save one the usual grief of having to read the plotline over again & again. Fact is, most of us grew up w/it beginning in the 80'S. Watching it in the evening while microwave popcorn was also a ""new thing"". Back to the Future has been a timeless film in my opinion. 1 that even if ya happen to catch it while flipping thru the channels you end up staying w/it. Character development is Supreme, plot is fantastic, comedy is added by a number of characters throughout the entire movie while still keeping just enough forward drama to not forget the point of ""I GOTTA GET BACK TO THE 80's.""
Who, after all....Would want to leave the 80's😎"
3739,Me and my wife came from NC to watch them in Atlanta and it was one of the most beautiful and amazing concerts we’ve gone to. I am so glad we got to see them live and will definitely be back whenever they announce another US tour!
1758,"The Eras Tour was everything I dreamed of and more. Absolutely amazing, we had a side stage view and the band was so interactive and made the experience even better"
1531,"Bittersweet but a Taylor never disappoints! Loved every second of it. The costumes, the choreography, the set list, our Surprise Songs, the fans, Vancouver!!!, the list continues…all these and many more absolutely slayed!!"
149,I'm on my halfway way! It is worth every penny even looks like I'm the one who is being paid! Really great courses explained by both wonderful instructors and they adding value into their courses! Very great way to learn Digital Marketing!
1618,"There are so many reasons why Taylor Swift is as big as she is, and her concerts are definitely one of them. She KNOWS how to put on a show. This is my second time seeing her on the Eras Tour, but it was just as magical as the first. This time I had 3rd row floor seats that I paid a little over $500 for, it may seem like a lot but I am telling you it was SO worth it. Taylor came over to our section multiples times and interacted with us. Her dancers also were so fun and interactive as well, I got loads of great videos of them waving and dancing at my camera. 10/10 would recommend!"
4065,"Imagine a place filled with thousands of beautiful people from all nations and colors, all genders and ages, all of them having fun and living harmoniously. People are celebrating life, treating each other with respect, equanimity, and enjoying the universal religion: Music! singing and dancing freely and joyfully. 

Well that Tuesday summer full moon night in the Tampa Buccaneer's Stadium with Coldplay was just that!
  
There was so much creativity, love and consciousness in this ritual for healing the earth!

A truly magical night full of fun, conscious awakening and gratitude from this MASTER ARTISTS they are a true inspiration and blessing to this precious planet!

Coldplay is not just a band it is a catalyst for the change our planet needs to thrive ❤️🌎🌚🌝

May all beings experience such joy and awaken to their true nature.

Om Ah Hum"
4482,"I just finished watching Pulp FictionTarantino nails his screenplay again. This type of talent is not taught at a screenwriting class. You either have it or you do not. Sadly too many people are making movies today, who do not have it, and there are too few talents like Tarantino.Too many movies these days just seem to say things to advance the plot. The dialogue here is genius, brilliantly funny (you laugh at the dialogue, even though he does not seem to be going for a laugh) and no two characters sound the same, everyone has their own way of talking. I'm appreciating the dialogue so much more watching them again.I think this was the first time I watched a movie that was so non linear. I think everything I had watched before this went from A to B with possibly a flashback explaining something. This changed everything!! After this we had great movies like The Usual Suspects and Monento. But it is not just the structure to Pulp Fiction that makes it great, it does not put a foot wrong.Whilst this movie revived John Travolta's career, it's Samuel L Jackson who steals the show. Every time I watch the movie I think he should have won the Oscar. Then I watch Ed Wood, and think Martin Landau deserved it. My opinion on this one, really comes down to which of the two movies I last watched.Harvey Kieren (in his second Tarantino flick) is great as Winston Wolf (I really wish he did not parody this role in tv ads) Tim Roth (also in his second Tarantino flick) and Amanda Plummer fun and I can not believe I never noticed it was Steve Buscemi (also in his second Tarantino flick) as the waiter Buddy Holly at Jack Rabbit Slim's.Pulp Fiction was a massive hit. It grossed $107 million (against an $8 million budget)
At the domestic box office to end the year, as the 10th highest grossing movie of the year."
7430,Excellent performance and Coldplay went over their greatest hits. The visual effects were pretty cool and also the interaction with the crowd was great. Liked the activity of the spheres with the audience.
598,Loved the eco-conscious power supply with the kinetic dance floors and bikes! The show was truly remarkable to watch and be apart of! Every song is a smash hit and the celestial/planetary vibes were a real treat!
6930,Coldplay are THE BEST BAND his music his lyrics and staging is incredibly unsurpassed I love them
2695,All the topics are very easy to understand because the tutors are extremely brilliant. R&J are the best tutors I've ever come across.
282,"Absolutely, amazing! I put it through two tests already and I love it it!So far, so good. It seems to be standing up to its buyer standards."
3192,"This movie has been a staple in many communities and united all walks of life. I can sit and enjoy this movie with my father as well as my little brother. It remains to be a movie with no date stamp meaning I can watch it years from now and it will still feel new! Its filled with comedy, adventures and family. I love this film."
7044,great course for intermediate programmers but not for beginner i guess cause some topics of advancejava script has OOPS concept that means the person who didnt know programming language before would not understand.
3120,"We love the detail from Disneyland Hongkong , A good trips for travel in Hongkong , too much the poetic architecture reminds me of my own childhood. The most special was the Frozen tour, the princess Elsa model was really impressive, an experience that surprised me, I imagined I was in that world. Highly recommend when we visit hongkong"
7105,"Disney has LOST its magic. Queuing 1-3 hours isn’t fun for a 5 mins ride. The price to enter, food and drinks is a ripe off. In America, you’d expect English to be spoken but the entire place is a foreign environment with Spanish being the primary language. Great disappointment, never again."
6270,"I’m not sure I’ll ever stop talking about experiencing The Eras Tour in Indy with one of my best friends. It’s hard to put into words just how incredible her show was. You could feel the passion she poured into every single detail, every single second and I can’t imagine the effort and care it took to create that experience for us.
She made us feel like we were part of something so special. Indy, thank you for an unforgettable night, and Taylor—thank you for sharing your magic with us! Your fans love you!"
7444,"I had been waiting my whole life to finally go to a Coldplay concert. I waited so long that I was scared it wouldn’t meet my expectations, but it surpassed them by a billion. It was the best concert I had ever been to. I was so overwhelmed by how happy I was tgat I couldn’t stop crying for hours after the concert. If I had the money I would go to every single one. I cant wait for the day I get to experience a Coldplay concert again. They’re the best!!!! Everyone should go to a Coldplay concert at least once in their life. It was truly life changing."
3516,It’s been a long time since I went to a concert! The light show was so much fun. Love the kinetic energy and the love they have for the planet. They are just an amazing band.
6161,"Simply the best gelatos we have had in rome
Very busy line up and pay at the counter before you go in to order
We had lemon and strawberry 
Chocolate and tirumusu"
6916,What can I say - she is the greatest performer of all time. Loved The Eras Tour!
1025,"Back to the Future is the perfect movie. After countless (upwards of two dozen) viewings, I am convinced that it is flawless and in my opinion, the most enjoyable movie ever made. The movie's premise is teenager Marty McFly (Michael J. Fox) goes back in time and screws up his parents' first meeting. What separates this from any other sci-fi movie is the constant humor and more than anything, the fun that everyone so clearly had in making it. The actors are all great and perfectly cast, and the movie is never boring; literally every moment is enjoyable. And it seems to get better with every viewing. From the opening song ""The Power of Love"" to the fantastic climactic ""Enchantment Under the Sea"" Dance, Back to the Future will captivate you. My favorite movie of all time is a timeless classic that will never get old and gets better every time I watch it. A perfect 10/10!"
6286,This is great for kids and I always buy from Amazon .Amazon always have better price then the other store
3320,The greatest movie mankind has ever/will ever create. No cinema will ever top this brilliant masterpiece.
1695,"Wow, this movie had it all! It has an excellent comedic script, an extremely original science fiction and adventure plot, great suspense near the finale of the movie, very cool action sequences, a musical number and a romance subplot.In this classic comedy, Michael J. Fox stars as Marty McFly, a 17-year-old from Hill Valley, California. He is a friend with Dr. Emmet Brown or ""Doc"" (Christopher Lloyd), a mad scientist who invented a time-machine out of a DeLorean. When they are testing it out for the first time, Marty accidentally gets sent back to 1955. He bumps into his teenage parents, before they are married, and by chance, his mother starts to like Marty and wants to go out with him. He then meets up with a younger Doc who helps him to try and make his parents fall in love with each other or else Marty won't be born and have him go back to 1985, the year he was originally from.The characters are excellent. I loved the character development and how Marty made everyone change for the better. It put a smile to my face seeing the impact that he had on everyone else. Marty and Doc have excellent chemistry and everyone in it had an excellent performance. I preferred Crispin Glover's performance as Marty's father, George McFly. His total nerdiness just made me crack up when he spoke.The script is also one of my all-time favourite screenplays. The humor is very clever and I loved the many one-liners. The plot is absolutely brilliant. It was truly one-of-a-kind and it made me think deeply of the concept of time travel and it kept me at the edge of my seat throughout the movie. I cannot find a single flaw in this great feel-good movie. They couldn't have made it better. Out of the hundreds of movies I've seen, this is the most fun I had watching a film.I rarely give out perfect scores but for Back to the Future, my rating is a 10/10, I could not recommend it more. This a great movie to watch if you want to have fun!"
7194,"Back to the Future is a classic. What more do you have to know. It had just about everything you need in a great film. Marty Mcfly(Mike J. Fox) is sent back in time to 1955. What a great year, even though my parents weren't even born yet. Marty finds out that his mother ""has the hots"" for him. What a plot! So, Marty must ""hook"" his mother with his nerdy father, so everything in the future is A OK. Along the way in 1955, Marty gets in and out of trouble. Mostly with Biff, the high school bully. In the end, the film comes out great. A great cast, and music...if you like 1955 music. If you have not seen this film..you have to be living on a different planet. BTTF is a film you will mostly enjoy."
4211,"Tarantino (and Avary) put these stories together and created Pulp Fiction, which is the movie that shocked the world in 1994. It is hilarious, and brilliant writing. John Travolta and Samuel L. Jackson deliver two hilarious performances. The soundtrack is killer, and the directing is slick. It is a very quotable movie, and very memorable. The only ""criticism"" is that like all Tarantino movies, it goes on for a little too long, so it does get a little muddled in the middle. Overall, this movie is a blast."
1338,"Absolutely love Coldplay's concert, so much surprises throughout the event. Coldplay can always brings us happiness and touching music, never disappointed. You can always expect more from them, and there's always things that you cannot imagine how beautiful it will be.
Love the sound and light effects, bravo to the staffs and coordinators who made this event possible. The LED wristband really was a plus to the concert, everything became so glamorous through the lighting. And they also giveaway pins as souvenir.
Will always try to go to their concert!"
5725,"Hong Kong Disneyland offers a magical experience with fun rides, charming parades, and iconic characters. Perfect for families, it's a compact, enjoyable park for all ages."
4501,My favorite time travel trilogy as a teenager. I remember watching this on home video back in 1988 and I loved it. My father and I later returned it to the video store and asked the owner if there were more sequels planned. He said probably never. To our surprise the following year Universal Studios announced two sequels. There was a big ad banner with Michael J. Fox during the tour of the Studios.There are so many wonderful memories captured in this film. It is absolutely amazing that 30 years have passed since it was first shown in theaters. This one along with the Time Machine (1960) are the best movies ever made about time travel.The future is what you make of it.
5711,"What a great concert! Coldplay did it again…music, fireworks, bracelets, balloons, a high energy crowd; this concert had it all!!"
3076,"Easily one of the best concerts I have ever seen, and I’ve seen a lot of concerts. Coldplay was so much fun to watch and the entire show was an uplifting experience. Chris sounded great, as well as the rest of the band. Coldplay and myself are both huge fans of U2, and I certainly felt their influence on Coldplay’s show. Just incredible."
2959,"I think that Quentin Tarantino's Pulp Fiction is not just a great movie, but quite possibly the greatest movie ever made. It has everything that a movie-goer would love to see in a movie. A great script full of plenty of gross-out moments, shocking moments, humor, great lines, and parts that make a watcher think. The film does not treat the audience like a moron like so many recent films have the tendency to do. It leaves you on the edge of your seat and you have to have an IQ that is larger than your shoe size to fully understand it.Tarantino also use time as a plot driving device in the most effective way I have ever seen put to film. I guess you could say that the film is in ""flashback"" form, but the characters and the plot that you see in those ""flashbacks"" make you forget that it has already happened! Along with the monster performances that Samuel L Jackson, John Travolta and Uma Thurman put on the table (not to mention the small, well acted part Quentin Tarantino did himself) makes this movie a 5 out of 4 star movie and an instant classic. Enjoy, it comes highly recommended by yours truly,Movieman02"
155,"This course gave me a good foundation on how to use Google AdWords. It was very helpful to see the tool being used and having the instructor explain the process, why you do it that way and where to find more information."
4759,The Rose Bowl is the worst experience imaginable for a concert - the traffic and parking is unbearable. We thought it would be worth it to see Coldplay - our favorite band. We’ve been to many Coldplay shows and have loved them all except this one. It was way too short and uninspired. They seemed tired and disinterested. Incredibly disappointing. Will not waste the money to see them again
4873,"A fantastic trip to Disney with my family, shame the Disney magic isn’t present in the Disneyland hotel my daughter has autism and was collecting the stickers at the hotel etc and went in to see the princesses at the hotel so asked at reception who gave her one then at the concierge who just said your not a resident show me your magic pass if your not you carnt have one !!! Wow were is the magic in that hotel !!! Left my daughter really upset after the interaction !!!"
94,"I will always turn to Pulp Fiction when I think of a favorite movie. Apart from the cultural impact that it has, one cannot deny the fact that as a movie, technically speaking, is excellent. What to think of first? The dialogs are epic, Tarantino cannot top this as far as he tries with his newest movies. The photography is plain and simple as it fits in the background of the film. The acting is...oh god. Give these guys three Oscars. One to Samuel, one to John and one to Bruce. They all deserve it. The movie starts in a rush and does not calm down for a moment... which is good...Every one can find his / her favor scene. Grats to Tarantino for this excellent piece of art. I believe that it will remain high on my / yours ratings for a very long time."
1682,Perfect fit. My husbands favorite style! Comfy! One of the best styles Nike made to date.
115,"I saw Pulp Fiction for the first time in 2004.  I hope that's the reason why I don't think this is the great modern classic that everybody else does. However, 1994 was not that long ago.  Movies have not changed that much in the last 10 years.  All I heard about Pulp Fiction for years was how violent it was.  I'm sorry, it really just wasn't.  The supposedly brilliant and original characters in this movie don't really seem brilliant or original to me.  There all just kind of losers.  They're just losers in that glorified Tarantino way.  I thought both Kill Bills were much better than this movie.Finally, let me say that just because a movie jumps around between stories and characters does not automatically make it a good movie."
5222,"Pulp Fiction may be the single best film ever made, and quite appropriately it is by one of the most creative directors of all time, Quentin Tarantino. This movie is amazing from the beginning definition of pulp to the end credits and boasts one of the best casts ever assembled with the likes of Bruce Willis, Samuel L. Jackson, John Travolta, Uma Thurman, Harvey Keitel, Tim Roth and Christopher Walken. The dialog is surprisingly humorous for this type of film, and I think that's what has made it so successful. Wrongfully denied the many Oscars it was nominated for, Pulp Fiction is by far the best film of the 90s and no Tarantino film has surpassed the quality of this movie (although Kill Bill came close). As far as I'm concerned this is the top film of all-time and definitely deserves a watch if you haven't seen it."
7250,"Saw Pulp Fiction today, and the only think I could say after it was...wow. 2 and a half straight hours of brilliant, but quite bloody. This was one of the best movies ever made, but also, maybe the most disturbing film of the 90's. This enforces my hypothesis that Q. Tarintino is a sick f**k, but a brilliant one.One other thing I noticed about the film was the number of ""f bombs"" dropped. Its like the only word people can say in L.A. is the ""f"" word. Language wise, this film made a George Carlin show look like Mr. Rogers. It made South Park look Tiny Toons. I'm not saying that profanity is all that bad, its just...did it really need so many? Soanyway, I would not suggest Pulp Fiction to the weak at heart or those partial to hard language, you will not believe your ears. Apart from that, see Pulp Fiction, its a great movie."
408,"Pulp Fiction was my first Tarantino I ever saw and was instantly hooked to them. The ""reverse"" storytelling, use of language and the extreme (altought sometimes meaby overusage) of violence made me a huge Tarantino fan.Pulp Fiction has everything that a crime/drama movie needs. Interesting characters, different settings and very VERY hooking story.I highly recommend you to watch this movie!"
6391,"Just absolutely amazing. 
Audience involvement, amazing bracelet light-show, surprise guest, commitment to sustainability and the environment.

Coldplay absolutely killed it! Already looking forward to their next show."
336,I enjoyed the lectures. They were very informative and the instructor did and excellent job with his delivery. I look forward to trying Adwords out.
4818,The error is to will forever go down in history as one of the most memorable events that have experienced with my daughter.  The amount of love and light and joy that the concert brought to us is indescribable.
1591,"People say Disney is meant to be ‘The happiest place in earth’ but sadly that wasn’t my experience.  The facilities at the park were great and the food and drinks, and as expensive as to be expected. The shows are also great, and the rides are fun. Sadly the aggressive nature of a lot of the other guests really spoils it. We took my MiL who is in a wheel chair, and honestly so many times she was banged into and pushed about as people rushed to get in front of her, particularly on the buses between the parks and the hotels. We missed several buses that we could have taken purely because of this. The attitude of others really ruined the experience for me and my family. I also thought the merchandise went really heavy on Lilo and Stitch at the expense of some older but brilliant characters missing"
1935,"Back to the future is the ultimate 1989's movie, if you're feeling nostalgic, or simply want to experience the flavour of the decade, then this is the movie for you.A young Michael J Fox is sent back to 1955 by his friend, Dr Emmett Brown, his very existence threatens his own future, he has to fight for life as he knows it.It's super fast paced, it's one of those movies that simply flies by, it's fully of action, full of laughs, it's very much the 80's poking fun at the 50's, the free and carefree lifestyle of 1985 showing how things have changed in three decades.Wonderful special effects, lots of pyrotechnics and action sequences to enjoy. The music is wonderful, you'll be singing along.The acting is superb, Michael J Fox is just great as Marty, Christopher Lloyd is awesome as the wild eyed Doc.I would say it's the perfect Boxing Day film, but it's one of those awesome movies that you'll enjoy any time, and with the whole family.A fabulous movie.10/10."
132,"Netflix is such a great app to watch shows! There is not many ads is which I love so very much, keep up this work you are developing, its overall super amazing. Lots of my favorite TV shows are here, which is super cool, however, i keep getting logged out of my accounts, atleast once or twice. So maybe u can fix that bug? But after all of that, ITS AMAZING!!"
7267,"It was the best concert i have ever been to! And it will probably be difficult to top this off. I just wished Lumen Field had more Marshalls or staff to point people to their seats. A lot of people got confused looking for the correct seats. Some seats are labelled, in example, Block 307 Row II or Row HH, which is super confusing especially to those who have not been to the stadium before. Otherwise, THE.BEST.CONCERT.EVER!!"
3409,Amazing Movie Of The FutureAmazing Movie Of The FutureAmazing Movie Of The FutureAmazing Movie Of The FutureAmazing Movie Of The FutureAmazing Movie Of The FutureAmazing Movie Of The FutureAmazing Movie Of The FutureAmazing Movie Of The FutureAmazing Movie Of The FutureAmazing Movie Of The FutureAmazing Movie Of The Future
2530,I really loved the experience!!! Coldplay was absolutely spectacular and it was a great experience!! I wish we kept the light up wristbands
3676,"If you're worried about the Zombie Apocalypse, this kit is a great way to secure the perimeter of your home- just open the packages of pretty rainbow coloured pieces and toss around the floor! With 790 pieces of pure torture, anyone who has ever stepped on a lego knows this will be a very inexpensive way to keep Zombies, Burglars, Assorted Bad Guys, and any barefooted adults at a safe distance. This is also a super bargain for anyone who loves building with legos, but hates the price of those little kits-- which can cost $15 and up for enough pieces for ONE specific toy build, so ya, bargain.We gave this set to a 9 year old, and unfortunately it was the second gift opened at the party...and mom and dad had to tell him to put the legos down and open the other gifts. He did, but immediately went back to the lego set and *everyone* at the party (all the kids and one of the dads) just spilled them out on a table and began to build things. So yay for me - first time I've brought the best gift!Now, the S I Z E of the bucket (adorable btw) is roughly 14"" x 10"" x 7"" -> which, after you open all the little bags with all the really pretty rainbow coloured pieces and dump them in, will look rather ""wah waaaaaahn"" if you know what I mean. (LOOK at the photo and understand that the rainbow row of pieces is what you are getting - the toys are an *example* of what you can *make* -not additional pieces, so disappointing at first unless you KNOW what you are getting.) But there are seriously 790 pieces in there and the bucket has enough storage space left over that the mom was very HAPPY to go get the other legos they had and dump them in the ""CUTE NEW LEGO BOX!"" (It looks like a giant lego) The kit comes with an instruction booklet for 3 toys to build and a link to online instructions for about 4-5 more toys. I am pretty sure you can go on pinterest and other sites and find all sorts of free patterns, so wahoo for those folks who make things and share freely.BOTTOM LINE: If you need an impressive fun INEXPENSIVE FOR WHAT YOU'RE GETTING gift, this is it."
942,"Great app, but this latest update has many bugs and makes it unuseable. It's terribly frustrating after many good years"
547,"I rarely leave reviews, but this concert was so amazing, I felt I had an obligation to let everyone know. The wrist bands that they gave out made the concert a truly immersive experience. Everywhere you looked you could see 60,000 lights flowing with the music. The music was wonderful, as I expected, but they also took the time to involve the audience. They paused at one point to read the signs of the fans and they even invited one concert goer onstage to sing with them. My favorite part was when the asked everyone to put down their phones so they could just be in the moment and experience it. It almost made me emotional. As I have to say is well done, Coldplay. I’ve been to a lot of concerts and nothing could top this one. If you get a chance to see this band, please do. You won’t regret it!"
7149,"First time back to Disneyland since Covid and my family was sorely disappointed in the shape the park is in now. Dirty bathrooms, rude cast members, inability to handle the simplest logistics. We took a quick trip to Anaheim to visit the park with our 7 and 4 year old and it was a nightmare.1st suggestion: Go elsewhere. Disneyland isn't worth the money, even when they're discounting tickets. Especially with young children. Just lower your expectations and go somewhere like Legoland. Much better bang for your buck. And shorter waits, too. My family really wanted to ride the Cars ride and the wait was down to 60 minutes so we decided to go ahead and wait. 15 minutes into the queue the wait was still 60 minutes. We ended up waiting 2 and a half hours. My wife and daughter bailed because she had to go to the bathroom and they didn't even get to ride. Meanwhile we watched as cars full of single riders just marched on by us. When I raised concern to the cast member, they didn't say a word and just walked away. We almost missed dinner, my son missed the parade, daughter didn't even get to ride the ride. Just a complete mess.2nd suggestion: If you can't escape the Disney mystique, spend the extra money and go to Walt Disney World. Having gone to both in the last few years and experienced them both post-Covid, all of Disney's efforts in parks have clearly been allocated to the Florida resort. If you have to go Disney, save yourself a terrible experience and go to Florida instead.3rd suggestion: If you're trapped into Disneyland, just expect the worst. Lower your expectations as far as possible. Don't eat dinner inside the resort. That was the biggest mistake we made. We weren't sat for an hour after our reservation time and missed just as much time at the park as if we had left. Cast members didn't even apologize and acted as if they didn't care, until I complained openly. It was pathetic.4th suggestion: Don't expect the same bubbly, fun, informative, and helpful cast members. Training and hiring has clearly taken a turn for the worst. We had rude cast members at both parks across multiple days. There were a few decent ones but for the most part they were a disaster. And when concerns were raised, I was met with ""Ok, whatever"" followed by a cast member walking away. We were with friends who have an annual pass and they confirmed that the quality of cast members has declined significantly in the last few years.Just an awful time. I wouldn't wish it on my worst enemies. Please save yourself and go somewhere else, anywhere else.  We've been lucky enough to save 2 friends from taking this vacation in the last few weeks and hopefully this review saves you from making the same mistake.  Best of luck if you do go!"
3339,"We have this on our kitten and it works great. We  use the function to find and when it beeps my cat knows to come into the house,"
1320,Great course for the money overall. I took this as a requirement for my advertising class at Cal Poly San Luis Obispo and I feel like it thought my something important about advertising on digital platforms. Thank you! I feel like I will proceed to use the knowledge from this course in my professional future.
6407,"I purchased these Legos for my 5 year old grandson’s birthday and he loves them and has already constructed a house all by himself!  My sons, aged 55 and 57 years old, loved playing with Legos when they were young!"
4335,"Review By Kamal KEverything about Back To The Future is awesome, well, almost everything. Marty McFly, or, Calven Klein's adventure in the 50's is kinda awkward sometimes, specifically everything to do with younger Lorrain. The amount of thirst in those scenes was astounding. Throughout the movie, events are changed in such a way that the future still happens, but everyone seemingly ""grew up"" in terms of character development, like Marty McFly's dad going from a cowardly man child to someone actually capable of defending himself, but the sequel shows the one in actual need of growing up is Marty McFly himself. Old Marty is a lot like young George McFly, and lets people take advantage of him. The next sequel, Back to The Future 3 shows Marty McFly grow in character, and by the end of the film he isn't a reckless chode with a ""I'm not a chicken"" complex. George McFly takes a single movie to develope character whereas it takes 3 adventures for Marty McFly to grow as a character, and it's all entertaining to watch. Final Verdict 10/10."
6953,This movie will forever be one of the best ones out there. Cult classic. Id definitely give this one a watch if you haven't already. So many memorable scenes and characters and you'll end up quoting the movie in your day to day lives.
2287,"The concert was an excellent production from start to finish. Easy to access tickets, entering and leaving the venue. Taylor put on a fantastic show. Well worth it, we are glad we didn’t sell our tickets. 😀
A concert to remember for sure."
1954,Really wanted to like this but just too uncomfortable for my hands. Very low profile places the wrist on the work surface and no support while the hand is curled holding the mouse. Love the intuitive finger scrolling but after an hour I found myself wanting to stop using it. If you have super small hands this may work out.
5034,"I wasn't excited to review Back To The Future because it has become a very popular film, but, after watching it again, I took out my pen and some recycled paper to get it over with. Before writing my review, I read and watched a number of materials about the making of the film. In my opinion, Back To The Future is one of the best science fiction films, even if it is a product of a big Hollywood studio (in this case Universal Pictures). It's one of the founding films in the special effects action blockbuster genre, though few of its successors have half its wit, charm or grace. The entertainment industry now realizes how important it is, and, therefore, the film has been promoted in the media and at conventions. But that's fine. I like it too. So, why do many people like Back To The Future? Firstly, it's an entertaining science fiction comedy. Secondly, its message of changing one's life for the better with a courageous act appeals to the masses. Thirdly, it's a well-cast and well-made 1980s movie. Back To The Future is simply pleasant to watch. Americans can watch it and be reminded of better times - the 1980s and especially the 1950s. Robert Zemeckis directed two good films before Back To The Future - the comedies Used Cars (1980) and Romancing The Stone (1984). In Back To The Future, Zemeckis demonstrated his technological savvy and attention to detail. The DeLorean DMC-12 time machine looks fantastic. The car was chosen because its design made the gag about the family of farmers mistaking it for a flying saucer believable. When it comes to the excellent cast, the friendship of Marty McFly (Michael J. Fox) and Dr. Emmett Brown (Christopher Lloyd) works very well. It's entirely believable, and it works even better in the sequels - Back To The Future II (1989) and Back To The Future III (1990). The eager, likable Fox is actually good when it comes to the comedy. Also, his upbeat approach to his roles made him perfect for the part of Marty. Lloyd, as the irascible, sardonic Doc Brown, offers sterling support. Another excellent performance is by Crispin Glover as George McFly, the cowardly, nerdy father of Marty. In fact, Glover's performance may be the most effective in the film, and he's funny when it comes to George's nerdy mannerisms, such as his shaky hands. Lorraine Baines-McFly is actress Lea Thompson's most famous role. Zemeckis wanted her for the part after he saw her in The Wild Life (1984), opposite Eric Stoltz. Stoltz played the part of Marty before Zemeckis determined that he had been miscast. It turns out that Thompson is good at impressions. I found her body movements and facial expressions interesting as she played the somewhat shy 1950s teenager Lorraine. She's especially effective in the second half of the film. In addition to the lovely plot and perfect cast, Back To The Future features a wonderful music score by Alan Silvestri. The rock band Huey Lewis and the News provided two catchy songs - The Power of Love and Back in Time. So, there's a lot to like about the film. It's an appealing slice of bourgeois Americana. I have a few issues with its messages, but I definitely recommend it."
4686,Nice big storage bin. Lots of pieces. Lots of projects or room to expand your imagination. My seven year old son loved it.
5988,"Much like Reservoir Dogs, Pulp Fiction works so well because of its structure. In Tarantino's freshman effort, he used the out of time elements to break up the one set monotony and provide lighter tonal moments here and there. In Pulp Fiction, it's used at the behest of thematic material, and I think it works on a whole different level.It's sort of an anthology film, but the three sections a little too interconnected to just lay it like that. They're connected through a similar set of characters that appear in, or are talked about, in all three, but also with the common theme of choice in the face of fate.In every story, from the dual framing devices (the café and the shootout over the suitcase) to the three main stories, characters are presented with inflection points in their lives, and they chose to go one way or another. Vincent Vega has come back to Los Angeles from several years as ""the man in Amsterdam"". One of his first tasks is to take his mob boss's wife, Mia Wallace, out for dinner, to provide her with company while her husband, Marsellus Wallace, is out of town. There's an connection between them that caps with them both dancing in a twist contest in the wonderfully grotesque nostalgia restaurant Jack Rabbit Slim's. Vincent refuses to take the next step, though. We're not quite sure if Mia would go to bed with Vincent (the way she talks about her husband demonstrates her fidelity towards him), but her willingness isn't the point. The point is Vincent's desire to make a move. He feels it's within the realm of possibility, but he refuses to take that step.Of course, he never really gets the chance because Mia has found Vincent's stash of heroin and snorted it, which was simply too much for her system and she began to overdose. This leads to the most famous scene in the movie where Vincent has to puncture Mia's breastplate with a six inch needle in Vincent's drug dealer's house. It's a great moment of tension with a fantastic shock.Taking a step back from that description of the first major third of the film, I think we can see in microcosm why Pulp Fiction works so well. We have fantastically written characters. We have an exploration of the central theme playing out dramatically. We have some spectacle in the form of the needle episode. It's a marvelous combination of entertainment, character work, and strong thematic material wrapped together extraordinarily well.The second third deals with Butch, a boxer we saw talking with Marsellus Wallace in the first. This also takes place after the third section. Butch has agreed to throw his fight, but he used the quasi-public knowledge of the agreement to cleanup on the odds and win big by winning the fight. He's prepped and ready to go, talking lightly with his girlfriend Fabienne as they spend the night in a hotel talking about the nature of attractiveness (really, her desire for a pot belly), and make fun of each other. He's set for life, and he knows it, but something's wrong. His father's watch is missing, left behind at the apartment. Christopher Walken actually started the story with a telling of the history of that watch (the famous ass watch scene), which he delivers wonderfully. It also sells the importance of the watch to Butch so that when he suddenly loses his cool and decides to brave what should surely be certain death to get it back, we get it. It makes sense. He has to go get it. There's no other choice. He goes back, gets it, gives Vincent a chest full of led from Vincent's own gun, and then accidentally happens across Marsellus Wallace as he drives away.There's fate again, presenting Butch with a situation where he has a choice. After a car crash and a limp-filled foot chase, the two end up trapped in the basement of two perverts (one a cop) who proceed to rape Wallace. Butch uses his opportunity to escape and has another choice. He could leave, scot free, or he could free Wallace. He does the right thing, grabs a samurai sword, and cuts down the perverts (and their gimp with a solid punch to the face). Wallace returns this favor by letting Butch go. They will break ties and have no more to do with each other.The third is where the thematic material comes out most and comes to the best conclusion. Even though it happens before the rest of the movie, the path that Jules follows and how he ends the film is the culmination of the ideas flowing through it. We pick back up with Vincent and Jules in the apartment with the briefcase. An unknown gunman jumps out and fires, emptying his gun in their direction but hitting nothing. After the darkly comic episode where they have to clean up brains from the back of their car, Vincent and Jules settle down in the café that started the film as Jules talks about their miraculous escape and how he plans on facing that with the rest of his life. Vincent considers it a freak accident, but Jules sees it as a sign from a higher power. He's been given an opportunity and a choice, and he's going to take a new path in response to it. He demonstrates that new path by allowing the robbers from the beginning of the film to leave with their lives.Thinking back over the rest of the movie, we realize the order of events as they played out chronologically and discover that Vincent died after the ending of the movie, at Butch's hands. If Jules had kept on his path without diverting it, ascribing the freak gun event as mere happenstance instead of a sign, Jules might have died there too. The universe reached out to both Vincent and Jules, and it was only Jules who read the sign correctly to run off to be like Caine from Kung Fu.So, sitting back, what is Pulp Fiction? First, it's a story that's told out of order chronologically but is arranged in a way that heightens its emotional and thematic impact. It's very well acted, filled with wonderful conversations between well-drawn and interesting characters. It's dotted with great moments of excitement, the kind you expect from a good time at the movies. It's an entire package of entertainment, thematic weight, and great characters.No wonder it made such a splash."
6769,"It is said that the director originally wanted to shoot a scene of a nuclear explosion, the company did not give money, so the story can only be placed in a small town. There is no nuclear explosion, no laser sword, the director and screenwriter must only attract the audience from the details.
Wearing the ck underwear, the protagonist of the Nike canvas shoes returned to 1955, simply changed the name to calvin klein, and pretended to be an alien to scare his father to a dance with his mother with a Van Helen tape. At the graduation ball of his parents, he played a gibson casino guitar and played a johnny b goode, and finally came a fan brother's hands to string, making the 55-year high school students stunned, the protagonist said: ""your kids gonna love it. ""And the guitarist with an injured hand called his cousin chuck berry to let him listen to the song, and rock music was born.
Skateboard chasing this classic bridge must have originated from this movie. The protagonist was in the west in 1885, the director paid tribute to clint eastwood. I do n't know if Fujiko Fujio has seen this movie. The hero in Doraemon has also set a talent for precise shooting. I remember in a long story, Nobita also became a cowboy and rescued the beauty. When the person selling the Colt pistol asked the protagonist: Where did you learn this hand. Seven eleven convenience store, the protagonist replied. And we already know the protagonist's skills on the game console in 2015.
The first dog of the doctor was Copernicus, and the dog in 1985 was already Einstein. I can imagine how many dogs the doctor has raised.
After reading it, I knew how much the movie Westward Journey and the 90s used to return to the future. Even if the classic sentence in the Journey to the West is in heaven, I think it is not as good as that of the doctor: She is one of a million, one of a billion, one of a googleplex. She is my dream, and I lost her for all time. """
3619,"Hi 
I have been on Netflix for a long time, I have seen many updates go by and let me just say, All these updates are bad. I just want to watch Netflix on the go but I cannot because we can’t download anything anymore which makes Netflix worthless. And the worse part is there are starting to be adds now. Before all these modern updates Netflix used to be great now we can’t download anything and there are adds even though paying for even one subscription is expensive and we don’t even get the luxuries we used to have. This is why Netflix isn’t doing as good anymore I know at least half my friends stopped using Netflix just because of this reason and now I am writing because it is an Inconvenience for me now please try and fix this problem make Netflix better again."
5128,"Modern movie makers have so much to learn from this movie. After 15min everything is setup, we know all the characters, the later pay off is ready to go, and everything is well written, no dialogue is wasted and there are no modern sensitivity issues. And, although we do not know it watching this movie, the sequels are already setup too. Great filmmaking.The movie has great pace, a lot of things happen, but everything feels logical and to the point.A few negatives of course. Especially from a modern point of view. The computer graphics do not hold up, some of the time travel shenanigans does not work (since we know what happens in ""the future""). But perhaps the only real negative is how campy and basic everything feels. I also feel the sets are not always on point.From one of the best movie years of all time, 1985, this classic and mastery of filmmaking is of course to this day still very much watchable.A 9/10 and a must see for every lover of great cinema."
696,"Disneyland Paris delivers exactly what you would expect: a magical and fun-filled destination packed with music, entertainment, thrilling rides, and shops brimming with Disney-themed treasures. The park offers so much to see and do, all while being impeccably maintained to the highest standard. Adding to the experience are the friendly and helpful staff who go out of their way to ensure that guests have a memorable time.One of the downsides, however, comes not from the park itself but from some of the visitors. The sheer number of guests with camera phones can be overwhelming, especially those who seem to be there solely for photo opportunities. It’s not uncommon to see people changing into various outfits and posing with props, which can make popular spots like the iconic castle more crowded than usual.That said, if you can manage to look past these camera-focused visitors and enjoy the park on your own terms, the experience remains highly enjoyable. The key to having a great time at Disneyland Paris is to embrace the crowds and plan accordingly. Yes, it’s busy—but that’s to be expected. By using the official Disneyland app to track ride times and plan your day, you can maximize your experience and cover more ground. The app is an invaluable tool for navigating the park efficiently.One visit to Disneyland Paris is best spread over several days to truly take in all the attractions and entertainment it offers. And be prepared for lots of walking; it’s a sprawling space that will have you getting in plenty of steps by the end of your stay.In summary, Disneyland Paris is a vibrant, well-maintained theme park full of fun and wonder. While the crowds and camera-centric visitors can be a slight drawback, the overall magic of the park more than makes up for it. With a little planning and patience, it’s an experience that’s definitely worth it."
3174,"This lamp comes unassembled but is easy and fun to snap the arms into the central pieces. I ordered ""warm oak"" but what I received is not at all the light honey tone I was expecting from the photo, but it is nice anyway. Looks great with a decorative Edison-style LED bulb. Very fast shipping and response."
1003,"Staff were great, hotel was great but the visit to the Park was stressful due to overcrowding, wait times and many attractions being closed."
4847,I'm learning so much more than I expected.  Love all the resources available and the easy-to-follow guide.  Very happy with this course.
5238,"Strong accountability tool for teams. Best of the group including Atlassian tools, Monday, and Smarsheets. I tried them all.  Strong development paths as well."
7065,Coldplay definitely the best band in the world!! They made a lovely night to remember and I wish more concert to come
2150,"Our experience at this last concert was absolutely incredible. It was my 12 and 14 y/o’s first Coldplay concert and they LOVED it! The whole show is so full of energy! The light up bracelets really bring everyone together, and no matter where you are sitting, you are part of it all. 

We will definitely go again whenever they come to our hometown! Thank you to the whole band for touring all these years. I hope you keep it going, we LOVE YOU!"
2584,"Better watch asap .
I've been always hearing ever since i was a kid about how amazing this movie is , and as a kid i always thought it was a piece of #### but since I'm all grown up now it seems that this movie turned out to be my favourite so far and I've watched many movies befor so TRUST ME !!!"
5704,"I first saw 'back to the future' with my dad when I was about seven years old. Now over eight years later I have seen the film hundreds of times and it is still one of my favourite movies.The film tells a simple story of teenager Marty (perfectly acted by Michael J Fox) who is accidentally sent back thirty years in time to when his parents were teenagers. His only hope of returning to his life in 1985 is his scientist friend 'Doc' Brown (also perfectly acted by Christopher Lloyd). In the meantime his teenage mother has formed a crush on him after he saved his father and again accidentally ruining what should have been the start of their relationship.If you haven't yet seen this movie 'WHAT IS WRONG WITH YOU???' The acting and casting is perfect, the directing, the special effects, absolutely everything in this movie is perfect. One of the funniest, most watchable movies ever created.10/10"
2618,I’ve been a die hard swiftie since debut came out as a preteen. It was absolutely magical to watch her with my daughter. Beyond the most bonding experience & im forever grateful that we had that opportunity. WE LOVE YOU TAYLOR!!!
6117,"In my opinion, Back to the Future, along with its sequels, are the single most entertaining movies ever made. There are tons of gripping movies out there, but Back to the Future is a quality fun and edge of your seat film...totally deserving of its place on the Top 250. The flow of the movie, the characters who make it - everything is just awesome. The lines...""1.21 gigawatts!"" or anything about the Flux Capacitor never fails to make me smile.One of the best things about Back to the Future is that it doesn't try to be anything special. The movie was made by individuals who just wanted to give the public something to enjoy...and it was a hit and still remains one of my favorites today."
3311,I have so much love for dis movie. The best time traveling movie ever made
684,We traveled from Michigan for this event and it was worth every penny. It was magical…. Coldplay made us feel a part of their show and seemingly so grateful for their fans. It was truly such an amazing experience and hope to one day see them again. The absolute best show I’ve ever been to!
3908,"I have no problem giving this movie a 10 out of 10. Exuberant, bursting with inventiveness, this movie is a joy. Marty MckFly is a great character, and the whole movie is done so well. Where are these movies nowadays? This may be my favourite Robert Zemeckis movie. And what a great career move for Michael J. Fox. He almost didn't get the gig; Eric Stoltz was almost cast instead. Flying Delorians and Flux Capacitors, Lightning Rods and Chuck Barry, an incestuous kiss and a disorderly scientist, elaborate inventions/models and pretty girls--1980's fun, indeed idiosyncratically 80's while also transcending cultural specificity...those lacking a sensibility for material from that decade will still find nothing to complain about in this happy exuberant adventure story."
4865,"What happened to the Disney I remember from my childhood? As one online reviewer said, Disney is now a place for influencers and the wealthy elite. $200 per ticket, $30 to park, and $40 per person for Lightning Pass = little bang for your back.If you want to go on more than three rides (and not wait in line for 1.5 hours PER RIDE!). you will have to update to the ""Lightning Pass"" for an extra $40 per person. That's right, the regular $200 ticket is basically worthless, so Disney milks you for more money... and after 12+ hours in the park, we were still unable to go on all the rides.Disney lets too many people into the parks, the rides are constantly breaking down, and the Lightning pass is great ... IF you are wealthy and can afford the extra money to guarantee THREE rides. That's right, you will spend roughly $80 per ride, unless you have the endurance to wait in line for 1 - 1.5 hours PER RIDE.This makes me so sad that I think I am done with Disney after four decades of enjoying it with my parents and later introducing my own family.  There is very little value in going anymore."
2515,"The absolute best, most amazing, beyond magical show I have ever experienced. My heart actually hurts now that it's over."
1791,"Perfect for keeping track of your valuable items, such as a wallet or suitcase. Easy to connect to phone and track. Very durable and long range!"
2542,"Amazing concert! Traveled many, MANY miles to see Coldplay and would do it again and again. Lumen Field was also a great venue to experience them. 15/10 recommend ♥️"
6191,"Without a doubt, the best film of the 80's, full of good comedy, good actors, good soundtrack, good story, good sound mix, good special effects. This movie has EVERYTHING a movie needs to have to be considered a movie classic that everyone should watch at least 10 times in their lives. One of the best movies ever, I RECOMMEND VERY MUCH."
7134,"Christopher Lloyd stars alongside Michael J. Fox in the fantastic Back to the Future. Essentially, the plot revolves around time travel— Marty McFly (Fox) goes back in time, messes around, and accidentally causes his mother to fall in love with him instead of his father. He has to fix his mistake or else he may be wiped out from existence.Robert Zemeckis was the perfect man to direct this film. In it, I couldn't help detecting some of the spirit of Frank Capra's ""It's a Wonderful Life"" (one of my favourite movies). This movie can be thrilling or exciting, but the key element throughout is fun. This is simply a fun film to watch. Cultures from the 80s and 50s clash, Marty discovers his prudish mother was once a teenager like him too, and in general, the film proves to be enjoyable.The film's music (a fantastic score composed by Alan Silvestri) really epitomizes the spirit of fun that permeates the film. Its triumphant tones at certain key moments are not obtrusive; instead of adding to the awareness that one is watching a movie, it seems to engross the viewer even more.I will freely admit that the film's outcome is evident from the very beginning. However, the road that takes the audience there is full of fun, unexpected twists and turns.The Verdict: Plain, old-fashioned fun, and it can be the topic of discussion for hours (although I've avoided it here for spoiler purposes). A great movie.Overall Rating: 10/10"
2412,"I have been to Disneyland countless times and twice in the past 6 months. I took my 13 year old for his first time last November and then my son and fiance as well as my sister and her family yesterday. I would at least recommend that you go once. It's an experience for sure. It's expensive for lower quality food but the memories are priceless. Probably got 20,000 steps. Got the lightning pass and wouldn't do it any other way. Perfect weather this time around, bought Mickie ears and a backpack which I absolutely love. Was able to experience this with my nieces and having my fiance there too was special. Our favorite rides were the Millennium Falcon (all of us loved it - and there were 11 of us!) And if you like roller coasters, Thunder Mountain Railroad!"
7371,"This is a great fun movie, the best of the time travel genre, other than the more serious Star Trek themes.It's the wild and zany tale of 17 year old Marty McFly (that can't be a real last name, surely?) who teams up with your typical mad scientist and inventor of time travel, Doc Brown, resulting in Marty going back in time to 1955 and maybe even preventing his parents from meeting. Obviously something to be avoided at all costs if you'd like to be born.The plot twists, quirks, and spins are too numerous to delve into here, but they'll keep you riveted to your seat and laughing your head off. The lead actors are both wonderful in their roles... the always incredible Michael J. Fox as Marty, and Christopher Lloyd suitably crazy as the crackpot time travel scientist. He ('the Doc', as Marty calls him) is just so wonderfully nutty and wacky, and what I most remember from this movie. The whole thing's absolutely tremendous fun for all ages, lots of both action adventure and humor, the very essence of ridiculous. It's a real blast INTO the past."
4150,"I’ve been a longtime fan of Coldplay and have always wanted to see them live.

They put on one hell of a show.

The energy in the stadium is unreal and out of this world. The band sounds fantastic live. They pour their love into their shows and send it out into the crowd and the world.

Thank you for the best concert experience I’ve ever had. Looking forward to many more with Coldplay."
3146,"I casually watch movies, and have seen a lot of Tarantino, and this movie was definitely on par. Old but good, and Samuel Jackson and John Travolta are really very entertaining in this movie. In addition, the story is told in a very unorthodox style. The characters are developed, but not overly so. The dialogue is great to watch and the action is typical of this kind of move. The story is a good one, complex enough to keep interest but not too complicated like other films can be. From beginning to end, he has you interested. The themes of the movie are very different in nature from one and other but come together very nicely in the end. I know this might not be insightful, in anyway, but it is truthful, I personally really enjoyed this movie. But who am I to say."
3540,It was an amazing concert. Taylor Swift puts on such an entertaining show.  I would recommend it to everyone.
4445,"Back to the Future is like the ultimate high-concept comedy adventure that takes you on a wild ride through the space-time continuum. We've got this guy Marty McFly (Michael J. Fox) who's basically just trying to survive high school and keep his quirky family from turning into a bunch of losers. But then, he stumbles upon the eccentric Doc Brown (Christopher Lloyd) who's like the love child of Einstein and a tornado. Doc's got a DeLorean, a flux capacitor, and a crazy plan to go back in time. Yeah, it's as nuts as it sounds.Marty and Doc jump in that stainless steel DeLorean and end up in the '50s, where things get... heavy. Marty has to make sure his parents fall in love or risk erasing his own existence. Talk about awkward family dynamics! But you know what's not awkward? The '80s and the '50s in a mashup and the hilarity that ensues! Marty and Doc are the ultimate odd couple, and their chemistry is electric. You just can't help but root for them, even when things get as complicated as deciphering the intricacies of alternate timelines, parallel universes, and the ever-elusive whereabouts of a misplaced almanac.But what really gets me is how this movie manages to balance sci-fi, comedy, and heart in one helluva entertaining package. You've got the classic '80s nostalgia dripping from every scene, and Marty's struggle to fit into the '50s is both hilarious and touching. The film's plot and pacing is so spot-on, and the script is full of clever time-travel paradoxes that'll make your head spin faster than the DeLorean's tires. Back to the Future takes us on a wild ride through the past, present, and future, all while serving up more laughs than 1.21 gigawatts of fun. It's got nostalgia, adventure, and that oh-so-'80s soundtrack. And let's not forget about that Johnny B. Goode guitar solo. It's a time-traveling, laugh-inducing, heart-warming adventure that'll have you shouting, ""Great Scott!"" in no time. So grab your hoverboard, put on your red puffer vest, and get ready to experience a classic that's as '80s as a Rubik's Cube and as funny as Doc Brown's hair on a windy day."
2452,"For over 3 decades millions of people enjoyed this incredible trilogy. The film is about Time travel and it's truly TIMELESS, for very simple reason: people loved it back in 80s, they love it today and will love it for many generations to come!!!"
3346,"Taylor Swift's Eras Tour lives up to the hype in every way. Best concert I've ever been to. She's AMAZING. 

The only negative was the view from my seat. I was up high, which was fine, but the center of the stage was blocked by speakers. Taylor performed much of her show from the center of the stage, so I missed all of that. My ticket did not mention anything about view obstruction. With how much I paid for this ticket, I would have expected some warning that my view was going to be obstructed."
2070,"I don't get as much out of Pulp Fiction as everybody else does. I don't like that it doesn't have a strong message, I think the dialogue goes on self-impressed tangents some times and the Mia Wallace story doesn't tie in with the rest of the film and it just isn't that interesting to me. However, that doesn't mean I don't appreciate its style. The entire film from the costume design, to the camera work, to the setting of LA are dripping with noir atmosphere. The writing, while it does jerk itself off at times, is still pretty memorable and enjoyable to listen to. The acting is fantastic all around, getting especially good performances from Samuel L Jackson, John Travolta and Bruce Willis.While I don't think its a masterpiece, it is something fun to watch if you're looking for something different and intriguing."
6665,Back to the Future is a fantastic movie with a great story and great characters. It has charm and it's a blast to watch over and over again. One of the best movies of the era.
2338,"Best concert ever.  Everyone at the venue was nice, there were events all over the city that weekend, and the show was amazing!! Taylor never disappoints!"
7356,"One evening, during my early teen years, I turned on the TV and watched the 1985 classic 'Back to the Future', and my only regret is that I hadn't seen it earlier...The film tells the story of a skateboarding, guitar playing teenager named Marty McFly (played by Michael J Fox) whose life is far from perfect. That is until his eccentric, scientist friend Doc Brown (played by Christopher Lloyd) builds a time machine and sends him back to 1955. From there the movie really accelerates into exhilarating fun that get more complicated as it goes on but will keep you entertained until the very end.Pretty much everything about 'Back to the Future' works from the interesting characters, to the clever humour, to the magical experience of going back in time. But without giving too much away, I'm going to let you go see it for yourself. A well worth purchase and a classic for generations to come."
3432,"Taylor’s show is full of energy, theatrics and amazing performances from start to finish. I am so grateful we were able to get tickets to see the Eras tour! I will definitely be interested in seeing her future concerts and other shows in the Superdome."
4531,"Coldplay…need I say more. Their music, their charisma..just everything.  I love that they carry Wooteo around with them as a reminder of Jin and BTS as their musical siblings."
1393,"The Stanley mug keeps drinks perfectly hot or cold for hours! Its rugged build feels incredibly durable and reliable. I love the comfortable handle and spill-proof lid. Simply put, it's the best mug I've ever owned."
6696,"Stanley Quencher Tumbler ReviewThe Stanley Quencher Tumbler has become a staple for staying hydrated on the go, and it’s easy to see why. Designed with both style and practicality in mind, this tumbler offers features that cater to busy lifestyles while maintaining a sleek aesthetic.Pros: 1. Durability: True to Stanley’s reputation, the tumbler is made with high-quality stainless steel that feels solid and long-lasting. 2. Insulation: It keeps beverages cold for up to 12 hours or hot for 7, making it perfect for all-day use. 3. Capacity: With sizes ranging up to 40 oz, it’s great for anyone who wants to drink plenty of water (or coffee) without constant refills.Cons: 1. Price: While it’s an investment, some might find it expensive compared to other tumblers. 2. Size: The larger models can feel a bit bulky to carry around. 3. Availability: The popularity of certain colors and designs sometimes makes them hard to find.Overall:The Stanley Quencher Tumbler is worth the hype for anyone looking for a reliable, stylish, and functional drink companion. It’s especially great for those who are serious about hydration or want a product that can keep up with their active lifestyle.Would I recommend it? Absolutely—if you’re willing to pay a bit more for quality and convenience."
6896,"It may sound odd finally getting round to 'reviewing' 1994's 'Pulp Fiction' as there's really little that can be added to everything that's been said about it over the years. Yes, it's a true masterpiece which has - and will always, I would imagine - stand the test of time. But is it for everyone?It's Quentin Tarantino's second film as writer/director and, even with all the greats he's turned out since, most people will say that it's probably his best (and I'd agree). However, if there's actually someone out there who hasn't seen it and doesn't even know anything about it, how would you describe its story? I guess you could call it a 'gangster' film with various stories which span different characters which are skillfully (if loosely!) woven together. It's also filmed out of 'chronological' order, meaning that a character may die halfway through, only to return later on in the film simply because the end of the film is technically set before the mid-way point. Confused? Stick with it. It's worth it.If you check out the main poster associated with 'Pulp Fiction' you'll see the - now iconic - image of Uma Thurman's character to sell it. Even though she is indeed a 'central' character to the plot, you'll notice a whole load of famous names in the small print, including John Travolta, Bruce Willis and - of course - Samuel L Jackson (in what was totally his 'breakout' role). This is definitely an 'ensemble' cast and, due to the multiple story threads, not all these names will be on screen for as long as you might like them to be. However, that doesn't mean that anyone turns in a bad performance.'Pulp Fiction' has made it's mark on not only the Box Office and takings, but also on popular culture. It's either quoted or lampooned to this day and most people will 'get' any references made to everything from the numerous quotable lines to the crazy outlandish settings the characters find themselves in.Due to the extreme circumstances involving very 'adult' themes, this film is not for children. And it's all the better for it. This is because it will - hopefully - limit those who just don't 'get' it. For all its greatness, it's not an easy watch. You can't just have it on in the background while you idly check your Instagram account on your phone. You really need to invest your time into your viewing to get the most out of it. Because of that it's not for idle viewers. It's made to be watched properly (and then debated afterwards, no doubt - people still wonder what was in the briefcase to this day!).If you're not a fan of violence, bad language, drug-usage or films that play with the element of storytelling in order to mix things up a little, then you may find much of 'Pulp Fiction' a little hard to watch. However, even if you're not sure about it, I would advise at least giving it a go, simply because it one of those rare films where audiences and critics actually agreed that it was a 'true' masterpiece. Plus, as I've eluded to, Samuel L Jackson's performance is worth a viewing on its own, let alone with all the other amazing performances as well. They don't make them like this any more. Even Tarantino has never - quite - managed to recapture what he managed here."
770,"STANLEY Quencher H2.0 FlowState Stainless Steel – The Ultimate Hydration Companion with Laser Engraving PerfectionAs someone who appreciates both form and function, I’ve been on the lookout for a high-quality water bottle that can keep my drinks at the perfect temperature while also offering a unique touch of personalization. The STANLEY Quencher H2.0 FlowState Stainless Steel water bottle has not only been an amazing companion for my daily hydration needs but also a standout product for laser engraving with my Xtool P2 55W CO2 laser.Performance & Design • Durable & Insulated Construction: The STANLEY Quencher is made from high-quality stainless steel that ensures excellent insulation. Whether I’m enjoying ice-cold water during a workout or hot coffee on a cold morning, the double-wall insulation keeps my drinks at the perfect temperature for hours. • Ergonomic and Practical Design: The FlowState lid provides multiple options, including a straw lid, making it easy to drink on the go. The handle is perfect for carrying, and the wide mouth ensures it’s easy to clean and fill. The design is sleek, modern, and perfect for active lifestyles, and it’s also great for those who like to make their hydration tools unique and personalized.Laser Engraving with Xtool • Precision Engraving: One of the coolest aspects of the STANLEY Quencher is its ability to be customized with laser engraving. The Xtool P2 55W CO2 laser makes it incredibly easy to engrave intricate designs, personalized text, or even logos onto the stainless steel surface. The results are clean, crisp engravings that look professional and are deeply etched into the bottle, ensuring the design won’t wear off over time. • Smooth Surface for Engraving: The stainless steel of the STANLEY Quencher is smooth and receptive to laser engraving, making it an ideal canvas for personalized gifts, corporate branding, or simply adding a personal touch to your own hydration bottle. Whether engraving names, quotes, or logos, the Xtool P2 handles the task effortlessly, producing stunning results every time.Perfect for a Variety of Uses • Personalized Gifts: The ability to engrave designs onto the STANLEY Quencher makes it a great gift option. Whether you’re personalizing it for a birthday, anniversary, or holiday, the engraving adds a thoughtful and unique touch to the bottle. • Business Branding: If you’re looking for a way to promote your business, the STANLEY Quencher is a fantastic option. Companies can engrave their logos or brand messages onto the bottles, creating a memorable and practical promotional item that people will actually use. • Outdoor & Active Use: With its durable construction, this bottle is perfect for hiking, sports, or just daily hydration. The ergonomic design and wide opening make it easy to drink from, and the stainless steel keeps your drink cool or warm for hours, no matter where you are.Pros: • High-quality stainless steel with excellent insulation for keeping drinks at the right temperature • Multiple lid options (including a straw lid) for easy drinking • Ergonomic design with a handle for easy carrying • Great for laser engraving—perfect for personalizing or branding • Durable and long-lasting, with no wear on the engraving over timeCons: • Size: It’s a large bottle, so if you prefer something more compact or portable, it may not be ideal for you. • Weight: The STANLEY Quencher is slightly heavier than other plastic bottles, so it might not be the best option for minimalist packers.Final ThoughtsThe STANLEY Quencher H2.0 FlowState Stainless Steel water bottle is a fantastic hydration companion that combines practical functionality with the ability to customize and personalize through laser engraving. Whether you use it for daily hydration, personal gifts, or corporate branding, the Xtool P2 55W CO2 laser makes engraving easy and ensures professional, lasting results on the stainless steel surface.If you’re looking for a high-quality, durable, and customizable water bottle that keeps your drinks at the perfect temperature and can be engraved with a personal touch, the STANLEY Quencher is an excellent choice.Pro Tip: For the best engraving results, be sure to adjust the laser settings based on the stainless steel to ensure crisp and clean designs that stand out."
7093,"I love the way it is structured and the walk through chapters. Additionally I find a great deal of added value in the useful links, tools and further reading which is posted at the end of each section - very insightful course overall, well structured and presented"
352,"First Impressions:I was so excited to get this Stanley tumbler, but I was disappointed with how easily it scuffs. While I understand that shipping conditions aren’t in the company’s control (it arrived in a paper envelope and got banged up), I did expect it to be more durable. For a tumbler known for its toughness, I was surprised at how quickly it showed wear.🎯 Product Features & Performance:The color is absolutely beautiful, and the insulation is amazing—it kept ice frozen for two full days! That’s exactly what I was hoping for. However, one downside is that it leaks easily—even when slightly tipped. I wasn’t expecting it to be completely spill-proof, but I did think it would be a little more secure.✅ Pros & Cons:✔ Gorgeous color – looks just like the listing✔ Keeps drinks ice cold for days – excellent insulation✔ Comfortable to hold and use❌ Leaks easily – even when slightly tilted❌ Scratches and scuffs too easily – not as durable as expected🛠 Who This Product Is Best For:If you’re looking for a tumbler that keeps drinks cold for days, this one does an amazing job. However, if you want something that holds up well to daily use without showing wear too quickly, you might want to keep that in mind before purchasing.💡 Final Thoughts – Would I Buy Again?I love how well it keeps drinks cold, but I do wish it was a little more durable and resistant to wear. While it serves its purpose, I was hoping for a bit more toughness from Stanley."
4370,"Going into this for the first time, I knew this would be a good movie and I would enjoy it. However, I had no idea that it would be this good. It practically blew me away.This movie follows how 6 people's lives are all intertwined in an action packed tale of gun violence, drug-use, and murder.What this film is most famous for is its twisted timeline which is never too confusing but also very impressive. When I first saw the beginning, I didn't think much of it and as the film progressed, I forgot about it. But when it comes back at the ending, I knew I was in for a treat. The movie has several of these surprises which will knock you out cold and they are made brilliant by its twisting plot. I was in awe when the credits first started to roll.Also, this movie has an outstanding soundtrack which is actually pretty recognizable and iconic. It is also very well-done too. I honestly feel that it perfectly fits the movie. Like Jaws, when I think of this movie, the soundtrack which played during the end credits instantly plays in my head. It may not be as iconic as Jaws's music but it definitely is of equal quality.Also, the acting couldn't be much better. In my opinion, John Travolta, Samuel Jackson, and Bruce Willis all gave perfect performances. They are all able to convey so many moods at once with their facial expressions and they couldn't do any better.This movie also has very great repeat watchability to it. The first viewing of this masterpiece is unforgettable. But just like Fight Club, this movie gets better and better every time you watch it. Mainly because the fact that you know what's going to happen and that you know all of its surprises, makes several scenes even more engaging. Also, this movie has so many iconic lines and scenes. It's super rare for a film to have 2 iconic scenes but this movie has several of them which have been retold and parodied so many times in pop culture.So in conclusion, this movie is in fact a masterpiece because of many reasons. It has changed cinema so much and it has shown the test of time for over 20 years. I think that this film is going to be remembered for many more decades also. I think that this is Tarantino's best film and I also think that it is one of the best movies ever made. I recommend this to everyone who enjoys action and complex plot structures to movies."
1402,"Speechless - best concert ever!! They played all their top hits, the lightning bracelet was something else! They are truly amazing and respectful with the audience."
1684,"I sent my partner with his Sister and her Daughter, yesterday. We pre-arranged, and pre-paid for three tickets with Genie Passes, and PARKING PASSES.As they were driving from San Diego, they left at 5:00 AM, planning to have breakfast at the DISNEYLAND DENNYS.It worked out perfectly, and they arrived there at 6:30 AM: giving them an hour for a leisurely breakfast. After breakfast, they drove a short distance to the entrance to DISNEYLAND.It was all very well run, and professional, from then on. From them directing them which spot to park in, to which tram to board.It was magical from there on out. After they walked in, they were greeted by a small town.As they walked further, there was a roundabout, with Walt Disney and Mickey Mouse, HOLDING HANDS.Behind them, was the CASTLE, where they found PRINCESSES, at the end of the day.It was a FULL DAY, 8 AM to 8 PM, TOTALING12 HOURS!!!In total, they probably went on 20 or 25 rides, starting with ITS A SMALL WORLD. I asked which ride was the best, but they really couldn't pick one.However, there was one with a train and a concert that they liked a lot.At 3:00 O'Clock, they went to one of the many parades. Moreover, they got an up close and personal viewing.During the parade, several Cast Members, came up to my niece, acknowledging that she was there for the FIRST TIME!!! It was really special for her.ALL THREE HAD THE TIME OF THEIR LIVES!!!"
2110,"My sister and I are living at two different colleges, and our parents are divorced so we have 2 homes. A family of 4 now has to spend $52 a month to each watch Netflix. FIFTY TWO DOLLARS A MONTH ARE YOU FOR REAL???? You’ll be lucky if you have a company at all in 10 years time you moronic piece of capitalism trash. Price breakdown: Premium account allows 2 additional members that’s 3 people for $36, and 1 more standard account is $16 = $52 for 4 people). Netflix Managment I wish each of you nothing but pain, hardship, and misery for years to come. - Love, Sydney"
6344,"In my opinion this film is the best ever. Why you may ponder as you search aimlessly through the database that is IMDb.com. Why purely for its comedic value of course. Who can honestly say they didn't laugh when Marty McFly landed Biff in a pile of Manure or When he encounters Doc in 1955. And it is not just comedy alone which makes this film so enjoyable. It is also the unique insight it offers into a situation which we could never hope to experience, that of seeing our parents as teenagers. And so If your wondering why this film has achieved cult status, stop, simply pick up a copy and watch Marty and doc rev up the delorean to 88mph and see for yourself. You wont regret the experience. 27 years later no one has."
2142,A very original story that could only be thought up by Tarantino. This is the film that put John Travolta back on the map and Samuel L. Jackson is also terrific in his role. Bruce Willis gives the best performance of his career and Uma Thurman probably gives the best performance of hers. The cinematography is excellent and Tarantino really established himself as one of America's best directors with this film. A terrific movie that can be watched many times!My rating : @@@@ (out of five)
3475,This is great when kids come for a visit.
7082,"Tarantinos' authentically brilliant masterpiece perfectly executing a film that is raw and ""lurid"" is both visually and mentally spectacular. The films writing is so original and the way the story line progresses and finally finishes is so perfectly fitted to the title. As with many of his films, the dialogue and soundtrack were both leading points. The dialogue was engaging and witty whilst building characters at a great pace. The humour was spot on evoking laughs at the most inappropriate times which I loved. The soundtrack, spectacular, and what I believe is a major reason the film became the cult classic it did. Perfect for every scene. The leads Travolta and L. Jackson had standout performances, however all performances were great. Tarantino has done an excellent job at creating an authentic and raw film, giving the impression of a rough and unfinished first edit, whilst keeping you entertained and glued to the screen for every minute. 10/10."
784,"This film, without doubt must be the coolest film ever. It has so much class, it has so much style, you could only wish you were as cool as some of the characters in it. Vincent Vega (John Travolta) and Jules Winfield(Samual l. Jackson) are two of the coolest characters to ever appear in a film and are played by probably THE most talented and cool actors on the planet.This is Tarantino's best film, and Tarantino's films have nothing but style. They have classic one liners and amazing soundtracks and i've already mentioned the characters and actors. If you have ever seen Reservior Dogs or Jackie Brown you would know what i mean but if you haven't i would strongly suggest to go buy them, forget renting as soon as you see them you would be amazed.Pulp Fiction is a must see and you would understand when i say it's the best film ever if you've seen it.Watch it and enjoy!"
1952,"As a Master student that have willingness to learn Digital Marketing, this course will be the best to learn. As It is concerned from the beginning to be master of Digital Marketing."
5135,"Hard to find fault with this film in any way. This is the only film I have watched in the Cinema where the audience broke out in spontaneous applause at it's conclusion. Michael J Fox was perfect for the part and all the cast and Christopher Lloyd is exceptional, creating one of those characters that you will always remember. The 2 sequels are both good but nothing matches this first film and the excitement it generates. My only small criticism was the Johnny B Goode scene where a supposed relative of Chuck Berry says to him on the phone 'I've found that new sound you were looking for' .... When will black music artists start getting credit for giving us all the great genres of music? OK I know it was tongue in cheek humour but it just annoys me. Rant over! It is still a 10/10 movie."
6813,"In the mid-1980s, screenwriters Robert Zemeckis and Bob Gale had a great idea. Wouldn't it be fun to make a film about a young guy who travels back in time and meets his own parents? When his folks are also teenagers, that is? Unfortunately, their enthusiasm was not shared by a single soul in Hollywood. No one wanted to invest money in such a whacky project. But then, when Zemeckis scored a hit with ""Romancing the Stone"" everything changed. Suddenly every studio in town wanted to do business with the two friends.Robert Zemeckis started shooting ""Back to the Future"" in November 1984. From the beginning, Eric Stoltz was supposed to have the lead role. But although Stoltz was an excellent actor, the director soon realized that he wasn't the right man for the part. So, Zemeckis turned instead to Michael J. Fox, star of the immensely popular sitcom ""Family Ties"". And luckily, Fox was keen to do the job. Even though it meant working on two gruelling projects at the same time.When Michael J. Fox sets off on his time-traveling trip, he uses a gleaming, modified DeLorean. However, that wasn't the case in Zemeckis and Gale's original script. The two authors had actually intended that the journey would start in a converted refrigerator (?) out in the hero's kitchen. Soon, however, the two scriptwriters realized that this could cause problems. Imagine if some kid was inspired by the movie and got trapped inside the family's fridge.Not surprisingly, ""Back to the Future"" became a smash hit, even surpassing ""Romancing the Stone"" at the box office. The film also made Robert Zemeckis and Bob Gale the hottest scriptwriting team in Hollywood. In addition, John DeLorean sent a letter thanking the filmmakers for immortalizing his futuristic car. But the biggest proof of the movie's popularity was that Universal Pictures installed ""Back to the Future"" rides in their theme parks in California and Florida."
2211,The guys of Coldplay did not disappoint.  The music was fantastic and the light show being synchronized with each song was the best I’ve ever seen.  The added component of synchronized lights on our wristbands made us feel connected to the band in a special uplifting way.  Loved their performance!  My only complaint is that they ran out of wristbands so we didn’t all get one.  I’m glad I got the chance to go!
3810,Bought this for a birthday gift for a six year old.  Came with easy to follow instructions for independent play.  Also good for parent participation in more creative play.  Excellent choice.
609,"This movie is amazing. it's non linear-timeline was what put it to the top of the box office and if your the kind of guy who's after an alternate brand of film, this is what you are looking for. Pulp Fiction is the film that made multiple-time-framed, non linear gangster movies (after Resevoir Dogs) which has been inspired by a number of present hits including Lock,Stock; Usual Suspects AND Out of Sight. 10/10"
1044,"The whole experience was amazing. It was super easy to get to the concert, easy to get in and Taylor put on such an awesome show. Overall, it was the best night ever."
3301,"This is the money pit of all courses. I have taken other classes on Udemy and LOVED them.... this was by far the worst. Bluehost SUCKS, if your not a tech savvy person keep scrolling this isn't the class for you!!"
287,"There are a lot of types of products we don’t order off of Amazon because they are fake or not great products in our personal experience. I saw this Stanley cup in pink (which I’ve looked for for 2 years & never have seen it in stock) & it was also on sale when I got it so I thought it was probably a fake one or had a defect, but to my surprise it’s a real Stanley & it’s so much cheaper than the ones my sister got my nieces for Christmas in the same color… it was almost half of what she paid. Love the color & the cup!! A great addition to my Stanley addiction cup collection!! Love this item & finally a pink one! Def. suggest ordering from this seller for good colors & sales!!"
4707,"What a fabulous concert! Chris Martin made parts feel like an intimate performance, working the crowd like no other. Amazing light show & brilliant performance all the way around. A special surprise to see Bryan Adams perform!"
2062,This was one of the first movies that made me love to watch movies...absolutely Brilliant cast
5068,all in all the concert was great but brhnd the scenes it seemed unirgsnozed this year. noone was directing us ehere to go. lines literally wrapped around the parking lots to get in. merch & food ran shoet theres no enough shelter when it rained. when in did people ended up running in the tunnels but staff got upset. people started pushing each other. one ended up in a fist fight. same goes when exiting the place. theres only 1 stairs to let rows of people out. safety wise im not a fan. but the performance was great. cant wait to see them again
4283,"I've never been to a better show in my life. Taylor puts on an amazing show. Everything was well thought out, event staff were great, and the crowd was the friendliest I have seen."
3528,"I've gone through about 8 videos thus far and everything is well detailed and at a perfect pace too. The Marketing Strategy Guidebook should be called The ULTIMATE Marketing Strategy Guidebook. It's that good! So far, this is the best Udemy course I've ever bought, and I have quiet a collection."
861,"I have visited nearly all the Disney parks, and unfortunately, Disneyland Paris ranks lowest on my list. My family and I went there during Christmas, hoping for a ""magical"" experience filled with holiday cheer, but instead, we encountered poor service that soured our visit. The cast members in other Disney parks have always been lovely and charismatic, so I had high expectations for Disneyland Paris. However, the cast members here rarely smiled and often displayed unfriendly attitudes.At Pizzeria Bella Notte, the cashier seemed annoyed that we ordered the menu deal first instead of à la carte, as though we were supposed to know the sequence that would make her job easier. Her attitude was off-putting and frankly gave me the ick. If entering orders is challenging, perhaps some training would help, rather than blaming the customers.Later, we had dinner at the Royal Pub, which was one of the worst service experiences I’ve ever had at any Disney park. Our waiter ignored us, even after I repeatedly asked for tap water. Meanwhile, he promptly attended to the family sitting next to us, taking their order without hesitation. When I finally managed to get his attention again and reminded him I had already asked for water twice, he insisted I had asked for ice instead. Instead of apologizing for neglecting us, he gaslit us and continuously interrupted me, which was both unprofessional and infuriating.I was appalled by the cast members' lack of hospitality. Disneyland Paris would benefit from implementing better training programs to improve their staff's customer service and ensure the ""magic"" Disney is known for is consistently delivered."
1097,"I suppose like many people I got caught up in the whole ""it was 30 years ago today"" shtick surrounding this movie of late and with a free Saturday afternoon indoors, with my wife watched this movie neither of us had seen since 1985. Thankfully, we both found it was just as much fun and exciting to see as all those years ago. I mean I'm an absolute sucker for any kind of time-travel stuff, especially the whole circular time, going-back-to-your-own-past-changing-your-own-future thing. I love how the film sometimes subtly, sometimes obviously sets up the prompts for future resolution, by so often doubling back on itself, but of course never lets all that timey-wimey stuff get in the way of what is at heart a rollicking, exciting, family entertainment.It helps that the casting is so good, Michael J Fox as the spirited, energetic teenager Marty McFly and the great Christopher Lloyd as the madcap scientist Doc Brown in the two lead roles but also the characters of Marty's gormless mum and dad and numb-skull bully Biff. The period-settings are lovingly and nostalgically rendered and the humour is sharp and relevant, as Marty straightens out the future lives of his whole family, actually saves the lives of his brother, sister and Doc while inventing rock and roll in the process!This really is a timeless entertainment and what better adjective could I use to describe it than that."
2603,"Pulp Fiction is one of those movies that I hear about all the time, but have never seen myself. After watching it, I'm confused about the hype surrounding this movie. I couldn't pinpoint the message the film was trying to tell. Nevertheless, the acting was outstanding (excellent cast!) and the charming style of Tarantino is unmistakable. I'd recommend a watch."
2384,"A solid movie that still holds up after more than 30 years, must be the timeless themes of Family, Love and Density I mean Destiny. Not bad for a movie that was apparently rejected over 40 times. Not raunchy enough to be a 'Risky Business', too risky for business at Disney. Persistence pays off, it's like I always say ""If you put your mind to it you can accomplish anything""."
3133,Coldplay put on an amazing show! Saw them at Snapdragon stadium in San Diego. I love their messages to the world ♥️ The bikes and the energy capturing floor is such a cool way to power the concert ♥️♥️
1834,"I loved watching this movie I found it very entertaining and it was also extremely funny. I hope I get to watch it on my TV again. :D Best movie I've ever seen. The actors did good acting in it. It reminds me of Rick and Morty. Great scenes as well, my friends also loves this too."
7392,"Love this soap, been using it for about a year. Best deal is on Amazon vs big box stores. Get it in bulk when it’s on sale. Not too soapy or smelly, pleasant fragrance and baby loves using it"
5556,"From start to finish it was a smooth process. Parking was very expensive, t it the venue is great! Taylor swift put on one of the best live shows I’ve ever seen. Her surprise songs were definitely the songs my friend I were showed to get. It was rare I was there. I remember it (or not so) Well"
7441,"Getting into the venue/seating was the quickest experience, I have ever had. The staff and security were very friendly and helpful. The venue was beautiful. The seats were the greatest in the whole stadium. Taylor Swift is the GREATEST artist there will ever be! The Eras show is the most magical experience I have ever witnessed. I felt and still feel like I am in a fever dream! EVERYONE had a fabulous time and EVERYONE was super friendly! Taylor Swift is ethereal!! There is no other word to describe her. She is gorgeous, super talented, and so personable. I will NEVER EVER forget this night. People talk about seeing the Beatles, Michael Jackson, Elvis, etc… but Taylor Swift.. now SHE is the G.O.A.T.!!"
5954,"In fact, I saw the film for the first time properly a few days ago, which is a shame, because I actually like such old movies very much and the film is simply cult! He has a very classic humor and films in which the mother falls in love with her son would probably no longer exist today. Rightly so, because it provided the one or other cringe moment.Due to the cult status I had very high expectations of the film, which unfortunately were not quite met, but I was not completely disappointed either. The film has wit and you fever with Marty, who tries to bring everything back in order. Like many films from these years, it has a very pleasant mood and you could fully immerse yourself in the story. Even though some elements were very predictable, you were surprised in some places. I must say that I liked the first part best. The second was also still okay, but the third would not have been necessary in my opinion.Clear recommendation to all who have not yet seen the film, because it is simply a must-watch!"
6445,By far the best concert I have ever witnesses. Taylor Swift knows how to rock the stage.  Plus BC Stadium in Vancouver was an outstanding venue.
4456,i had the best day of my life and everything went very smoothly and my tickets were easy to access
6490,Coldplay was absolutely amazing!!! The Music of the Spheres Tour was Beautiful!!!🛸🪐👽🌎🏳️‍🌈❤️ I honestly can’t wait to see them again!!
7226,"Pulp Fiction. It's the answer you give when a child comes running up to you and asks 'what is cinema?'. It's the definition you give to someone when they question cool, style and most of all pure entertainment. From it's pulp visuals to flawless direction, superb screenplay to mesmerising characters, its better than the best sex you will ever have. Endlessly quotable and watchable, captivating making every turn more exciting than the last. More than a experience, but a passage into life, because if you ain't a 'Bad Mother F****R', then you ain't sh*t!"
2193,"Great vibe!   🤙🏼 Coldplay is always an amazing show!! Full of life, love for all and sustainability!   Cool to see all the ways the show was powered.   Love that a portion of ticket sales goes to such great causes as well.  Clean oceans&rivers, helping wildlife and relief efforts across the globe 🌎 ♥️"
6612,Enjoyed every second of the show! I never stopped singing! I really appreciated the thoughtfulness of every detail and I love the steps they are taking to offset the carbon footprint the show has!
3205,I always wanted to see Coldplay and I was celebrating my birthday 🥳 I couldn’t think any other way that going to see Coldplay. I have the best experience of my life and the best birthday ever!
3468,"We stopped here on a hot afternoon. Enjoyed the chocolate chip, coffee, and chocolate gelatos. Best gelato we’ve had while we’ve been here."
1740,"This was the best show I’ve ever been to. The venue was great, merch lines were easy to navigate and all staff were amazing."
5403,"Best course ever for web development. No one can match the level of her efforts that she put in making this course. After completion of this course , you will be capable for freelancing. She taught the front end and back end very well. The best thing about this course is that she keep updating the course time to time."
3672,"Pulp Fiction is a perfect demonstration of the brilliant mind of Quentin Tarantino. Not only does it have an all-star cast including numerous A list actors, with especial stellar performances from the stories main duo of John Travolta and Samuel Jackson. But despite the superb cast and amazing story, the most stand out part of this movie is the creative way it was told. Not only was this creative but it was also executed flawlessly, at no point does one feel lost or confused throughout the entire movie, adding a new spin on on the genre. This is by far Tarantino's best work, and a personal favorite."
100,"The Mercedes Benz arena is just amazing, and it was the perfect venue for this fantastic group.  Thank you Coldplay for an unforgettable show!  Best concert I have been to.  I would love to see them again!"
350,This is the only soap I’ve used on my baby since he was born. It’s gentle on skin and smells amazing. Very high qualIt’s product and ingredients. The pump makes it so much easier to dispense the soap while washing the baby.
4471,"I went to Toronto N5, and long story short: It was the best night of my life. After years of listening to her music, this was my first time ever seeing Taylor live and I was not disappointed one bit (there was a 0% chance of an ounce of disappointment being in my body anyway). Toronto was totally in the Swiftie spirit and I loved it! It  made me even more excited to get into the stadium. Gracie opened for Taylor and she did AMAZING! My life was changed when I heard the Free Now bridge live. I hope to see Gracie in concert again! When Taylor came on I was full on sobbing. Who wouldn’t be? (Everyone around me…lol). I got to hear some of my childhood favourite songs live like Shake It Off and I Knew You Were Trouble, it was great! Taylor did such an amazing job performing and so did her dancers. I don’t even have words for just how much of an impressive performer she is. She performs for 3+ hours with insanely short breaks, it’s insane. Her stage is amazing, people aren’t lying when they say there isn’t a single bad seat at the Eras Tour. I was in section 527 and I saw EVERYTHING. I saw (and felt) the bad blood flames, the stage visuals, the flashing lights - everything. It was magical. I truly do hope to see Taylor in concert again the next time she decides to tour, I love her."
1521,"I had such an amazing time at the Eras tour, I hadn’t expected to be able to go, but the last minute ticket drops helped my dream come true. I did have to be relocated to the ADA seating area because I couldn’t climb the stairs to my original seat, but the new seat was amazing and gave me such a wonderful view of Taylor and the dancers. If I could do it all over again, I would. This was the concert of a lifetime and a truly magical experience."
215,"If I could experience this every night for the rest of my life, then I’d surely die happy. Watching Coldplay perform was the most amazing experience ever. I highly recommend that anyone that can, please go experience this for yourself."
2339,This was an AMAZING experience!  The Eras Tour was incredible and the entire set up in Indianapolis was perfect.  I stayed at a hotel walking distance from the stadium and that was perfect.
6898,"Coldplay gave an excellent performance, from start to end it was full of energy. Rain or shine attending the concert was worth it."
4061,"The Eras Tour was absolutely incredible! Every aspect of it was the most magical experience! From showing up to the giant friendship bracelet on the building, exchanging friendship bracelets, and getting themed snacks to the performance. The show - there are no words! You can tell the work that everyone involved put in to make it the most amazing show ever! The light-up bracelets  and shouting lyrics brought the whole stadium together where it felt like 49,000 people were just one giant community. Large events in a city also have the potential for safety concerns but I felt 100% safe the whole time."
6248,"I was there with my kids, 11 & 7, their first concert (!!) and it was amazing!! We all had a great time, danced and jumped and loved every moment. The sound was great, the band was amazing and lots of surprises!! :)"
1874,"I love the course and how everything is explained by Angela but I've come to realize that the only thing that is updated is the year in the course title. A lot of what is taught isn't up to date, this course doesn't cover quite a few things. If you are looking for a more updated course I'd suggest the Odin project (free) or if you prefer video based content Algoexpert (paid)."
4607,"Having visited Disneyland Paris back in May my girlfriend and I wanted to experience it at Christmas.This is a once and done for us, too busy, some of the staff quite rude this time and the food was average at best.Firstly the grounds and hotels, always kept clean, tidy, well presented and looking great. Part of the reason for the return was to do some of the rides which were closed on our previous trip and tindinthebOarisnChrietmss Market.Some managed to do all the rides we planned and wanted and they were as good as expected and as we remembered.Webslingers - very entertaining, fun and interactiveFlight Force - Superb, a re-themed rock'n'rollercoaster which never fails to deliveryToy Story Parachute drop - Not bad, good fun and very minimal in the intensity (looks worse than it is)Crushes Coaster - Awesome, very well presented and themed and prob quite high on the intensity for a family coaster, very good rideStar Wars Hyperspace Mountain - superb ride and better than the Florida Space mountain by farBig Thunder Mountain - Amazing, far superior to any other BTM we have ridden at other Disney parks Phantom Manor - I feel this is more true to the movies than the Florida Haunted Mansion and is a very good rideIndiana Jones Cosster - Another great addition which is very well themed and very funPirates of the Caribbean - Great but I cannot decide between this and the Florida one, I think Florida's or better tbh but this has an extra drop which is coolNow the tower of Terror... Wow this never fails to deliver, randomised drip sequences and superb theming this is a classic. We only ride it twice and both at night as it's much better then and its superb, although slightly shorter overall as it doesn't have the building swap like in Florida (this is the same setup as California), this however is imo more intense than Florida's version and is a must ride for anyone.Now the food. This is where Paris fails drastically.Firstly food options lacking, secondly seating, too many inconsiderate people sitting in food location on their phones without food and never ordering any or reserving tables when others need them as they have food. Annoyingly the staff  do nothing about this.When we ordered from Casey's corner we asked for the food in a bag to go, when we collected it was on a tray and when asked for it to be bagged the guy said should have when ordering. I did tell his we did and it was on the receipt if he'd have bothered to read it.Then the snacks, tasteless, bland and sickly at times with only a few exceptions. The Christmas gingerbread Micky was the best, soft, not over powering and very nice.The Chocolate Christmas tree - very nice and better than expected with a nice hint of hazelnut but possibly too much fake vanilla flavouring.The pistachio Boba Fett - Dry, bland, sickly and very disappointing (especially as he is my fav char) Chip and Dale cookie very cool looking but overall disappointing with next to no taste at all.Overall the trip was very good, we liked the decorations ones but it was very overcrowded, many rude people around and that was even more apparent when the parades and evening shows were on as people think it's fine to just push in trying to move you to take the spot you're in, or keep moving in front of you blocking views.Crowd control at Disneyland Paris is appealing and needs a lot of work as it's far less controlled than other Disney parks we have visited."
4048,"""Back to the Future"" is one of those films every 80's/90's kid just has to see! It's such a fun, light-hearted typical 80's flick. I wouldn't classify it as a comedy, because it won't have you on the floor rolling. It's more of a really light adventure film that has a simple, clean plot that doesn't claim to be anything more than what it is.Marty McFly is your typical, trouble-making 80's teenager, who grows up in a troubled household. His father doesn't know how to stand up for himself and doesn't live up to his full potential due to an intense fear of rejection. His mother is obviously dissatisfied with her life and is an alcoholic. His older brother has a dead end job. And Marty has the same fear of rejection his father does. Except Marty is more adventurous, and his uncanny friendship with a mad scientist leads him to travel back in time 30 years, to the time when his parents met. Due to some unlucky mishaps, the younger version of his mother ends up falling in love with Marty instead of his father. Marty must race against the clock to correct history and get his parents to fall in love, and ultimately to return...back to the future.This is such a cult classic. It is literally ""timeless"", and is a must-see for any generation. Michael J Fox is perfect in his innocent, boy-hood portrayal of Marty McFly. If they ever do a remake of this movie, I will be sorely disappointed because nothing can ever replace the original."
4312,"Netflix has a year to win me back.

I was an early subscriber to Netflix streaming, and went for years with little to no service cancellations. I loved it.

Then I had to let it go for a couple months, back in 2022. For financial reasons. 

Well, someone hacked my account, changed the language, added 10 other accounts, resumed &amp; Upgraded my service…

 and Netflix blamed me.

Seriously they only offered THE DIFFERENCE in what I normally pay, not a full refund. Even though I was CLEARLY hacked &amp; had OBVIOUSLY ended my account a couple months back. When I said not to pay the differences my bank could handle it, they refunded that small amount anyway, and then tried to do a full refund after my bank put in a FRAUD CLAIM.

Like. The app is fine. Im mildy interested in the game library that didn’t exist last time I had the service. They are the trailblazers of streaming, and the app still reflects that. 

The quality is there. But don’t fall in love with their shows cuz they might get cancelled, and watch your bank account for charges you didn’t authorize."
5109,"We bought two of these because our main lego bucket was looking a little sad. I thought these would be great but I underestimated the quantity. We have 4 kids and two adults who all love lego and we really need a larger refill option of extra pieces. That being said, it came with a ton of color variety and size/shape options. Very pleased...just need more."
4128,"I spent three unforgettable days at Disneyland Paris with my son, and it was truly magical! We met every character, took tons of pictures, and collected signatures—it was a dream come true for him.One of the highlights was having breakfast with the characters, which was so much fun, and the buffet was really good. Lunch at the Royal Banquet was also a great experience, with delicious food in a beautiful setting.The park itself is massive, and even after three days, there were still rides and attractions we didn’t have time for. Every moment was exciting, and the attention to detail in every corner of the park was incredible.The only downside was the long lines and waiting times, but overall, it was an amazing experience that we’ll never forget. Highly recommend for families!"
6168,"Black comedy told through the framework of the omnibus, ""Pulp Fiction"" is without any doubt one of the best and most important films of all time, a masterpiece that has its aesthetics, juicy dialogue and unpredictable acting division greatly influenced by the explosion of the so-called indie cinema in the mid-nineties. we have four weakly related stories in a linear jumps. Director and co-screenwriter Quentin Tarantino kind of wanted to emphasize that the most important thing in every movie is the story and the dialogue, but also to raw material itself without the original prescription can not provide anything more valuable than short-term fun. ""Pulp Fiction"" is one of the titles that we never get bored."
1936,"Over 3hrs of non stop performance. Great play list, great seats. We couldn’t have asked for more! I loved it."
6016,"I had the best time ever. The atmosphere/vibe was amazing! If you have not already seen Coldplay, you absolutely need to!!"
2053,I love it.... Tutti is my best character.... However more coins please...
156,"It was one of the best concerts ever, I want them to have another trip in America, I 1000000% recommended going to their concert it was soooo good!! I love it!"
3633,"Quentin Tarantino had an immediate fan base following his career after the release of the excellent ""Reservoir Dogs"" in 1992, which only grew significantly upon the release of the much-revered ""Pulp Fiction"" two years later. Commonly referred to by many as one of the best films of the '90s, the film was simply a revolution, its impact undeniable. Many - perhaps the majority excepting those who prefer ""Jackie Brown"" - consider ""Fiction"" Tarantino's finest work. Countless film fans worship at its alter. Am I one of them? Not really. I think the film is fantastic for reasons I'll soon explain, but I don't passionately subscribe to it as Tarantino's best either. In fact, ""Django Unchained"" is easily better, and this film has serious claims to that title from ""Inglourious Basterds"" or ""Kill Bill: Vol. 2"" (YES, I think it's better than number one, okay...easily better, in fact).But why is this film so particularly popular? It's remarkably clever, pop-culture-hip, reference-heavy dialogue is one such reason. There's no wonder it won Tarantino and Roger Avary an Oscar for Best Original Screenplay. The technique on display only matches the words - Tarantino's patient, passionate direction and Andrzej Sekuła's stylish yet unobtrusive are a match made in heaven.The film is consistently tense, electrifying and unpredictable, and that is aided by its (at the time at least) unique non-linear narrative. It never complies with Hollywood movie clichés, and even in 2016 this approach is refreshing.Fans and viewers which of ""Fiction""'s distinctive four chapters is its best. Some, like me, will place the first chapter (somewhat smug and self-satisfied, like Uma Thurman's performance on re-watches) and the last (overly convenient - how come nobody walks into a previously packed diner and interrupts the goings-on?) the worst of the best. They'll prefer the brutally tense mid-section involving the sexy anti-hero Butch Coolidge (perhaps a career-best Bruce Willis) and the darkly hilarious, clever Harvey Keitel-assisted murder clean-up. They are certainly the film's highlights for me. But the film encourages subjectivity (the suitcase, hello?) and perhaps these different interpretations are part of the fun of this wickedly clever, irrefutably influential modern classic."
416,"Update: they have been very kind to send me a replacement and partial refund due to mine being broken. The shop is very communicative which I can appreciate. They are also very accommodating which is great. 



The chandelier is very flimsy. Pieces break easily, but they do provide extras. Also, the top attachment piece did not fit perfectly onto the legs, so we just had to put it on top and screw the light pieces on. Overall I’d give it a 1. This is just a cheap light fixture and the cord is flimsy as well. I also wanted the darker wood one, but apparently I ordered wrong and got the light shaded one."
4024,"The course is very nice, Corey did the great job of explaining everything. I recommend this course to everyone who wants to start learning about AdWords."
5062,"I know I've seen this movie before but I couldn't remember when or what happened. I kept getting it confused with Flight of the Navigator, a very similar movie in which a 12 year old boy disappears for eight years and suddenly comes back having not aged at all. Set in very similar time periods, it was easy to get them confused. Both are about time travel. One goes to the past and almost messes up history. One goes to the future after being gone for an extended period of time. Neither character look like they've aged. Marty is only in the past for a week, so you can't really age that much anyway.
When Marty McFly travels back in time to 1955 and spends that week with inventor Dr Emmett Brown who he knew in 1985. When Marty saves his father's life and gets hit by his grandfather's car, he has to figure out a way to get his parents together so that he'll still exist in the future. His father, once a poor businessman who gets bullied by his boss, becomes a wealthy author whose childhood bully becomes an employee and has to wax his cars.
After reading some of the Goofs on this site, I learned that there were quite a few historical errors, mostly relating to when a particular thing was first introduced to society. Silly things like a Pepsi thermometer in the soda shop that wasn't introduced to society until a couple years later. Or the type on a poster that wasn't around that year. Or the vibrato thing on Marty's guitar when he's playing at the dance. I've seen Flight of the Navigator a movie that takes place in 1986, a little more than a year after this movie.
Christopher Lloyd as an actor is awesome. He's played many roles in many different movies and TV shows. He voices the Hacker in the children's series Cyberchase. He's the criminal guy in Dennis the Menace. He plays as Doctor Emmett Brown in all the Back to the Future movies. He's the professor in the second season of the BYUtv series Granite Flats. He voices Rasputin in Disney's version of Anastasia. Those are just the movies and tv shows I can think of off the top of my head. How many movies has this guy played in? He plays all of his roles beautifully and I would definitely watch other movies that he's in. He's a great actor. He seems to get a lot of roles for villains and crazy old people, but he plays them well."
2182,"Best movie of all time.  Quentin Tarantino may be the best story teller of all time.  His direction was something few can match.  The man is a genious why Travolta and Jackson walked away empty handed I will never understand. Anyone who didn't appreciate this film is a damn fool.  The cast was great, the stories were great, and it was just a fun film and very unappreciated when the Oscars were all said and done."
2006,"I have to say that this being my very first concert at this stadium me and my family too much to desire, starting with the access to  the stadium witch haves some much space to park but hard to get in too, the venue very impressive set up, good security services but don't know how to direct people and poor people skills to deal with the customers especially when the customer is younger than themselves, I'm born on 73 and I have to deal with them all the time soo yes they need to be trained, the lighting inside the surroundings of the stadium should be on all the time especially around the vendors and stairs to the stadium entrance and the stairs to reach the seats down and up this is a basic need to see where we're going even if it's too the bathrooms especially when the lights of the concert goes out for 30 seconds to switch wardrobe or the bands take a break seriously that's a must not a question of if or when, the price's tlfor memorabilia is exorbitant to the point of price of a parking spot, beers and other drinks I can understand, after all this is a business...and you have to make a profit, the concert for as much I like Coldplay believe me is not a big as Metallica or Adelle or U2 sadly the experience left to much to desire I'm old school so I want to be entertained and happy walk out of there freaking happy and excited, not the opposite,  my expectations was to hear them playing there most iconic song the one's that made them famous from past and present, on a personal note the show was kind of ok-ishhh but some drunk caracters and some weed smoking millenials next to us that didn't even have tickets for their seats were just standing in the stairs and constantly being told to move but always came back, I might have said it was an average concert but the lights and Lazer show was OK show,  the exit from the venue it was horrible and for what is worth all of you need to seriously work on how to get people's vehicles out of there ASA freaking P we were there from 10 55 till midnight i mean i'm not crossing the border for Alcohol at least when I'm crossing to Mexico I know what to expect on my way back but getting out of a stadium is freaking ridiculous seriously you need to work on getting experience security or the local authorities to provide some level of support or the least some amount of knowledge on how to deal with traffic especially when dealing with 40 thousand people...Overall for me it was a bad experience,  getting in a problem, the venue not enough lighting,exorbitant price's, the concert good lighting show but poor in songs selection, too much talking not enough songs, I'm all for saving the world, but some singer need to sing and entertain me not bored me, and last but not least the exit to stadium a total drama and bad experience...in the future listen to feedback or ignore me and suffer for not being able to make a change on this information...thanks"
6125,"I first caught Back To The Future when i was very young, one Christmas at home. I was only born in 81, so i was hooked from early childhood.I have to say that i never have got bored of this film, no matter how many old VHS tapes i wore out through watching. With the sound off i could tell you every word, and hum along to every tune.The combination of Lloyd and Michael J Fox is inspired, with the youthful cheek of Marty and the crazy flare of the Doc. Every scene is full of rich acting, maybe not the heavy Oscar winning performances, but i think better, in that it just feels real. I will never get tired of how Fox can act so naturally.Another element for me is the iconic Delorean, being a car fan i think its a great choice, and at about 5 years old it just looks amazing! I have read one of the early release scripts from about 84, where the Delorean was going to be an RV, and the Doc was a womaniser. I'm very glad it did not come out that way.It is also one of just a few films unspoiled by its sequels, even if II did loose a little in story depth, III helps to just bring them all together.Just thinking about it now, I think i'll have to break out the DVD box set."
3691,"Disneyland was great. So many unique experiences and some of the attractions, they go all out for Christmas.  You may think some of the rides are the same attraction as they share the same name but most are very different. I will say if you're coming expecting to wear your magic band don't bother. It's far less convenient then it is in Disneyworld. Staff in general while really nice were lnt acknowledging you or welcoming you like they do on Disney World.Food choices while expensive were quite the variety and service was quick.Star Wars Galaxy's edge is much better for the character meets as they are strolling around all the time same with just regular characters."
3172,"Is it a perfect movie? I dunno, probably not. But ratings are subjective. It's fun and Christopher Lloyd has been one of my favorite actors since childhood. So it gets a 10."
1211,"Why did they remove the half fence from all 3 of the movies, it added a different twist to the endings and kept everything in the correct court?I am now 73. Saw BTTF when it was first released. Instant classic, even if the so-called experts didn't see it at that time. Perfect foreshadowing. Perfect acting, not only by the major stars, but also by the bit players - Goldie Wilson, the clock tower lady, Lorraine's parents, Strickland, Dave and Linda, Marvin Berry, the Peabody family (you killed a pine!). Perfect dialogue with many repeatable and memorable lines or phrases - butthead, flux capacitor, what's a rerun?, who the hell is John F. Kennedy, give me a milk - chocolate, I'm your density, 1.21 giggawats, 88 miles per hour, we don't need roads, etc. Silvestri's score is one of the most recognizable in cinema history. When supplemented with Huey Lewis hits , and the Starlighter's songs, the music is also a perfect fit. Truly an iconic film which has, and will always remain one of the greatest feel good movies ever."
5980,"Hands down highlight of my year ✨ Most amazing, entertaining, emotional concert I have ever experienced! Taylor is absolutely gorgeous inside and out 🩷"
6632,"I love Disney and brought my kids up with beauty and the beast, Bambi and Mickey Mouse. Sadly I think I went there 20years too late and I didn’t get the whole magic thing. What’s the magic in queuing for hours for a 2 minute ride, standing in the cold for 30 minutes to meet a character and spending around 12/13 hours out each day with no real provision to relax. We spent a small fortune on food and hot drinks. The whole park runs like clockwork but it’s just so busy. Apparently according to the data we chose the quietest week to go ?? Really, it was packed everywhere so I dread what it’s like in peak season. I’ll keep watching the films but sadly I won’t be returning to the park"
